ID_subjsess,ID_subj,ID_sess,ID_sex,ID_agegroup,ID_bdate,ID_tdate,ID_race,ID_ethnicity,ID_weight1,ID_weight2,ID_height1,ID_height2,ID_rightleg1,ID_rightleg2,ID_leftleg1,ID_leftleg2,ID_locomotor,onset,offset,task_ordinal,task_task,computervision_ordinal,computervision_videopreset,usedata_ordinal,usedata_playdata,object1_clean_ordinal,object1_clean_obj,object1_action_state_clean_dur_actstateord,object1_action_state_clean_dur_hands,object1_action_state_clean_dur_mouth,object1_action_state_clean_dur_feet,object1_action_state_clean_dur_wholebody,object1_action_state_clean_dur_object,object1_action_state_clean_dur_action,object1_action_state_clean_dur_noise,object1_action_state_clean_dur_detach,object1_action_state_clean_dur_reattach,object1_action_state_clean_dur_takeout,object1_action_state_clean_dur_putin,object1_action_state_clean_dur_popup,object1_action_state_clean_dur_hidden,object1_action_state_clean_dur_open,object1_action_state_clean_dur_close,object1_action_state_clean_dur_flipped,object1_action_state_clean_point_actstateord,object1_action_state_clean_point_hands,object1_action_state_clean_point_mouth,object1_action_state_clean_point_feet,object1_action_state_clean_point_wholebody,object1_action_state_clean_point_object,object1_action_state_clean_point_action,object1_action_state_clean_point_noise,object1_action_state_clean_point_detach,object1_action_state_clean_point_reattach,object1_action_state_clean_point_takeout,object1_action_state_clean_point_putin,object1_action_state_clean_point_popup,object1_action_state_clean_point_hidden,object1_action_state_clean_point_open,object1_action_state_clean_point_close,object1_action_state_clean_point_flipped,object2_clean_ordinal,object2_clean_obj,object2_action_state_clean_dur_actstateord,object2_action_state_clean_dur_hands,object2_action_state_clean_dur_mouth,object2_action_state_clean_dur_feet,object2_action_state_clean_dur_wholebody,object2_action_state_clean_dur_object,object2_action_state_clean_dur_action,object2_action_state_clean_dur_noise,object2_action_state_clean_dur_detach,object2_action_state_clean_dur_reattach,object2_action_state_clean_dur_takeout,object2_action_state_clean_dur_putin,object2_action_state_clean_dur_popup,object2_action_state_clean_dur_hidden,object2_action_state_clean_dur_open,object2_action_state_clean_dur_close,object2_action_state_clean_dur_flipped,object2_action_state_clean_point_actstateord,object2_action_state_clean_point_hands,object2_action_state_clean_point_mouth,object2_action_state_clean_point_feet,object2_action_state_clean_point_wholebody,object2_action_state_clean_point_object,object2_action_state_clean_point_action,object2_action_state_clean_point_noise,object2_action_state_clean_point_detach,object2_action_state_clean_point_reattach,object2_action_state_clean_point_takeout,object2_action_state_clean_point_putin,object2_action_state_clean_point_popup,object2_action_state_clean_point_hidden,object2_action_state_clean_point_open,object2_action_state_clean_point_close,object2_action_state_clean_point_flipped,object3_clean_ordinal,object3_clean_obj,object3_action_state_clean_dur_actstateord,object3_action_state_clean_dur_hands,object3_action_state_clean_dur_mouth,object3_action_state_clean_dur_feet,object3_action_state_clean_dur_wholebody,object3_action_state_clean_dur_object,object3_action_state_clean_dur_action,object3_action_state_clean_dur_noise,object3_action_state_clean_dur_detach,object3_action_state_clean_dur_reattach,object3_action_state_clean_dur_takeout,object3_action_state_clean_dur_putin,object3_action_state_clean_dur_popup,object3_action_state_clean_dur_hidden,object3_action_state_clean_dur_open,object3_action_state_clean_dur_close,object3_action_state_clean_dur_flipped,object3_action_state_clean_point_actstateord,object3_action_state_clean_point_hands,object3_action_state_clean_point_mouth,object3_action_state_clean_point_feet,object3_action_state_clean_point_wholebody,object3_action_state_clean_point_object,object3_action_state_clean_point_action,object3_action_state_clean_point_noise,object3_action_state_clean_point_detach,object3_action_state_clean_point_reattach,object3_action_state_clean_point_takeout,object3_action_state_clean_point_putin,object3_action_state_clean_point_popup,object3_action_state_clean_point_hidden,object3_action_state_clean_point_open,object3_action_state_clean_point_close,object3_action_state_clean_point_flipped
04_02,04,02,f,16,08/11/20,12/08/21,w,n,.,.,.,.,.,.,.,.,w,349316,365160,1,r,1,r,1,r,,,,,,,,,,,,,,,,,,,,,,,,,,,,,,,,,,,,,,,,,,,,,,,,,,,,,,,,,,,,,,,,,,,,,,,,,,,,,,,,,,,,,,,,,,,,,,,,,,,,,,,,,,,,
04_02,04,02,f,16,08/11/20,12/08/21,w,n,.,.,.,.,.,.,.,.,w,365160,367235,1,r,1,r,1,r,1,y,1,y,.,.,.,.,pu,.,.,.,.,.,.,.,.,.,.,,,,,,,,,,,,,,,,,,,,,,,,,,,,,,,,,,,,,,,,,,,,,,,,,,,,,,,,,,,,,,,,,,,,,,,,,,,,,,,,,,,,,,,,,
04_02,04,02,f,16,08/11/20,12/08/21,w,n,.,.,.,.,.,.,.,.,w,367235,408646,1,r,1,r,1,r,,,,,,,,,,,,,,,,,,,,,,,,,,,,,,,,,,,,,,,,,,,,,,,,,,,,,,,,,,,,,,,,,,,,,,,,,,,,,,,,,,,,,,,,,,,,,,,,,,,,,,,,,,,,
04_02,04,02,f,16,08/11/20,12/08/21,w,n,.,.,.,.,.,.,.,.,w,408646,409190,1,r,1,r,1,r,2,r,,,,,,,,,,,,,,,,,,,,,,,,,,,,,,,,,,,,,,,,,,,,,,,,,,,,,,,,,,,,,,,,,,,,,,,,,,,,,,,,,,,,,,,,,,,,,,,,,,,,,,,,,,
04_02,04,02,f,16,08/11/20,12/08/21,w,n,.,.,.,.,.,.,.,.,w,409190,409191,1,r,1,r,1,r,2,r,,,,,,,,,,,,,,,,,,2,y,.,.,.,.,p,.,.,.,.,.,.,.,.,.,.,,,,,,,,,,,,,,,,,,,,,,,,,,,,,,,,,,,,,,,,,,,,,,,,,,,,,,,,,,,,,,,,,,,,,,,,
04_02,04,02,f,16,08/11/20,12/08/21,w,n,.,.,.,.,.,.,.,.,w,409191,410584,1,r,1,r,1,r,2,r,,,,,,,,,,,,,,,,,,,,,,,,,,,,,,,,,,,,,,,,,,,,,,,,,,,,,,,,,,,,,,,,,,,,,,,,,,,,,,,,,,,,,,,,,,,,,,,,,,,,,,,,,,
04_02,04,02,f,16,08/11/20,12/08/21,w,n,.,.,.,.,.,.,.,.,w,410584,411435,1,r,1,r,1,r,2,r,3,y,.,.,.,.,s,y,.,.,.,.,.,.,.,.,.,,,,,,,,,,,,,,,,,,,,,,,,,,,,,,,,,,,,,,,,,,,,,,,,,,,,,,,,,,,,,,,,,,,,,,,,,,,,,,,,,,,,,,,,,
04_02,04,02,f,16,08/11/20,12/08/21,w,n,.,.,.,.,.,.,.,.,w,411435,412216,1,r,1,r,1,r,2,r,,,,,,,,,,,,,,,,,,,,,,,,,,,,,,,,,,,,,,,,,,,,,,,,,,,,,,,,,,,,,,,,,,,,,,,,,,,,,,,,,,,,,,,,,,,,,,,,,,,,,,,,,,
04_02,04,02,f,16,08/11/20,12/08/21,w,n,.,.,.,.,.,.,.,.,w,412216,412217,1,r,1,r,1,r,2,r,,,,,,,,,,,,,,,,,,4,y,.,.,.,.,d,.,.,.,.,.,.,.,.,.,.,,,,,,,,,,,,,,,,,,,,,,,,,,,,,,,,,,,,,,,,,,,,,,,,,,,,,,,,,,,,,,,,,,,,,,,,
04_02,04,02,f,16,08/11/20,12/08/21,w,n,.,.,.,.,.,.,.,.,w,412217,414154,1,r,1,r,1,r,2,r,,,,,,,,,,,,,,,,,,,,,,,,,,,,,,,,,,,,,,,,,,,,,,,,,,,,,,,,,,,,,,,,,,,,,,,,,,,,,,,,,,,,,,,,,,,,,,,,,,,,,,,,,,
04_02,04,02,f,16,08/11/20,12/08/21,w,n,.,.,.,.,.,.,.,.,w,414154,414155,1,r,1,r,1,r,2,r,,,,,,,,,,,,,,,,,,5,y,.,.,.,.,p,.,.,.,.,.,.,.,.,.,.,,,,,,,,,,,,,,,,,,,,,,,,,,,,,,,,,,,,,,,,,,,,,,,,,,,,,,,,,,,,,,,,,,,,,,,,
04_02,04,02,f,16,08/11/20,12/08/21,w,n,.,.,.,.,.,.,.,.,w,414155,414459,1,r,1,r,1,r,2,r,,,,,,,,,,,,,,,,,,,,,,,,,,,,,,,,,,,,,,,,,,,,,,,,,,,,,,,,,,,,,,,,,,,,,,,,,,,,,,,,,,,,,,,,,,,,,,,,,,,,,,,,,,
04_02,04,02,f,16,08/11/20,12/08/21,w,n,.,.,.,.,.,.,.,.,w,414459,429659,1,r,1,r,1,r,2,r,6,y,.,.,.,.,s,y,.,.,.,.,.,.,.,.,.,,,,,,,,,,,,,,,,,,,,,,,,,,,,,,,,,,,,,,,,,,,,,,,,,,,,,,,,,,,,,,,,,,,,,,,,,,,,,,,,,,,,,,,,,
04_02,04,02,f,16,08/11/20,12/08/21,w,n,.,.,.,.,.,.,.,.,w,429659,430575,1,r,1,r,1,r,2,r,,,,,,,,,,,,,,,,,,,,,,,,,,,,,,,,,,,,,,,,,,,,,,,,,,,,,,,,,,,,,,,,,,,,,,,,,,,,,,,,,,,,,,,,,,,,,,,,,,,,,,,,,,
04_02,04,02,f,16,08/11/20,12/08/21,w,n,.,.,.,.,.,.,.,.,w,430575,430576,1,r,1,r,1,r,2,r,,,,,,,,,,,,,,,,,,7,y,.,.,.,.,d,.,.,.,.,.,.,.,.,.,.,,,,,,,,,,,,,,,,,,,,,,,,,,,,,,,,,,,,,,,,,,,,,,,,,,,,,,,,,,,,,,,,,,,,,,,,
04_02,04,02,f,16,08/11/20,12/08/21,w,n,.,.,.,.,.,.,.,.,w,430576,430611,1,r,1,r,1,r,2,r,,,,,,,,,,,,,,,,,,,,,,,,,,,,,,,,,,,,,,,,,,,,,,,,,,,,,,,,,,,,,,,,,,,,,,,,,,,,,,,,,,,,,,,,,,,,,,,,,,,,,,,,,,
04_02,04,02,f,16,08/11/20,12/08/21,w,n,.,.,.,.,.,.,.,.,w,430611,434690,1,r,1,r,1,r,,,,,,,,,,,,,,,,,,,,,,,,,,,,,,,,,,,,,,,,,,,,,,,,,,,,,,,,,,,,,,,,,,,,,,,,,,,,,,,,,,,,,,,,,,,,,,,,,,,,,,,,,,,,
04_02,04,02,f,16,08/11/20,12/08/21,w,n,.,.,.,.,.,.,.,.,w,434690,434724,1,r,1,r,1,r,3,m,,,,,,,,,,,,,,,,,,,,,,,,,,,,,,,,,,,,,,,,,,,,,,,,,,,,,,,,,,,,,,,,,,,,,,,,,,,,,,,,,,,,,,,,,,,,,,,,,,,,,,,,,,
04_02,04,02,f,16,08/11/20,12/08/21,w,n,.,.,.,.,.,.,.,.,w,434724,453051,1,r,1,r,1,r,3,m,8,y,.,.,.,.,hi,y,.,.,.,.,.,.,.,.,.,,,,,,,,,,,,,,,,,,,,,,,,,,,,,,,,,,,,,,,,,,,,,,,,,,,,,,,,,,,,,,,,,,,,,,,,,,,,,,,,,,,,,,,,,
04_02,04,02,f,16,08/11/20,12/08/21,w,n,.,.,.,.,.,.,.,.,w,453051,458082,1,r,1,r,1,r,,,,,,,,,,,,,,,,,,,,,,,,,,,,,,,,,,,,,,,,,,,,,,,,,,,,,,,,,,,,,,,,,,,,,,,,,,,,,,,,,,,,,,,,,,,,,,,,,,,,,,,,,,,,
04_02,04,02,f,16,08/11/20,12/08/21,w,n,.,.,.,.,.,.,.,.,w,458082,467637,1,r,1,r,1,r,4,m,9,y,.,.,.,.,hi,y,.,.,.,.,.,.,.,.,.,,,,,,,,,,,,,,,,,,,,,,,,,,,,,,,,,,,,,,,,,,,,,,,,,,,,,,,,,,,,,,,,,,,,,,,,,,,,,,,,,,,,,,,,,
04_02,04,02,f,16,08/11/20,12/08/21,w,n,.,.,.,.,.,.,.,.,w,467637,467977,1,r,1,r,1,r,4,m,,,,,,,,,,,,,,,,,,,,,,,,,,,,,,,,,,,,,,,,,,,,,,,,,,,,,,,,,,,,,,,,,,,,,,,,,,,,,,,,,,,,,,,,,,,,,,,,,,,,,,,,,,
04_02,04,02,f,16,08/11/20,12/08/21,w,n,.,.,.,.,.,.,.,.,w,467977,473688,1,r,1,r,1,r,,,,,,,,,,,,,,,,,,,,,,,,,,,,,,,,,,,,,,,,,,,,,,,,,,,,,,,,,,,,,,,,,,,,,,,,,,,,,,,,,,,,,,,,,,,,,,,,,,,,,,,,,,,,
04_02,04,02,f,16,08/11/20,12/08/21,w,n,.,.,.,.,.,.,.,.,w,473688,474096,1,r,1,r,1,r,5,rb,,,,,,,,,,,,,,,,,,,,,,,,,,,,,,,,,,,,,,,,,,,,,,,,,,,,,,,,,,,,,,,,,,,,,,,,,,,,,,,,,,,,,,,,,,,,,,,,,,,,,,,,,,
04_02,04,02,f,16,08/11/20,12/08/21,w,n,.,.,.,.,.,.,.,.,w,474096,474097,1,r,1,r,1,r,5,rb,,,,,,,,,,,,,,,,,,10,y,.,.,.,.,p,.,.,.,.,.,.,.,.,.,.,,,,,,,,,,,,,,,,,,,,,,,,,,,,,,,,,,,,,,,,,,,,,,,,,,,,,,,,,,,,,,,,,,,,,,,,
04_02,04,02,f,16,08/11/20,12/08/21,w,n,.,.,.,.,.,.,.,.,w,474097,475728,1,r,1,r,1,r,5,rb,,,,,,,,,,,,,,,,,,,,,,,,,,,,,,,,,,,,,,,,,,,,,,,,,,,,,,,,,,,,,,,,,,,,,,,,,,,,,,,,,,,,,,,,,,,,,,,,,,,,,,,,,,
04_02,04,02,f,16,08/11/20,12/08/21,w,n,.,.,.,.,.,.,.,.,w,475728,475729,1,r,1,r,1,r,5,rb,,,,,,,,,,,,,,,,,,11,y,.,.,.,.,d,.,.,.,.,.,.,.,.,.,.,,,,,,,,,,,,,,,,,,,,,,,,,,,,,,,,,,,,,,,,,,,,,,,,,,,,,,,,,,,,,,,,,,,,,,,,
04_02,04,02,f,16,08/11/20,12/08/21,w,n,.,.,.,.,.,.,.,.,w,475729,475763,1,r,1,r,1,r,5,rb,,,,,,,,,,,,,,,,,,,,,,,,,,,,,,,,,,,,,,,,,,,,,,,,,,,,,,,,,,,,,,,,,,,,,,,,,,,,,,,,,,,,,,,,,,,,,,,,,,,,,,,,,,
04_02,04,02,f,16,08/11/20,12/08/21,w,n,.,.,.,.,.,.,.,.,w,475763,496978,1,r,1,r,1,r,,,,,,,,,,,,,,,,,,,,,,,,,,,,,,,,,,,,,,,,,,,,,,,,,,,,,,,,,,,,,,,,,,,,,,,,,,,,,,,,,,,,,,,,,,,,,,,,,,,,,,,,,,,,
04_02,04,02,f,16,08/11/20,12/08/21,w,n,.,.,.,.,.,.,.,.,w,496978,497011,1,r,1,r,1,r,6,a,,,,,,,,,,,,,,,,,,,,,,,,,,,,,,,,,,,,,,,,,,,,,,,,,,,,,,,,,,,,,,,,,,,,,,,,,,,,,,,,,,,,,,,,,,,,,,,,,,,,,,,,,,
04_02,04,02,f,16,08/11/20,12/08/21,w,n,.,.,.,.,.,.,.,.,w,497011,552705,1,r,1,r,1,r,6,a,12,y,.,.,.,.,t,.,.,.,.,.,.,.,.,.,.,,,,,,,,,,,,,,,,,,,,,,,,,,,,,,,,,,,,,,,,,,,,,,,,,,,,,,,,,,,,,,,,,,,,,,,,,,,,,,,,,,,,,,,,,
04_02,04,02,f,16,08/11/20,12/08/21,w,n,.,.,.,.,.,.,.,.,w,552705,555221,1,r,1,r,1,r,6,a,,,,,,,,,,,,,,,,,,,,,,,,,,,,,,,,,,,,,,,,,,,,,,,,,,,,,,,,,,,,,,,,,,,,,,,,,,,,,,,,,,,,,,,,,,,,,,,,,,,,,,,,,,
04_02,04,02,f,16,08/11/20,12/08/21,w,n,.,.,.,.,.,.,.,.,w,555221,574362,1,r,1,r,1,r,,,,,,,,,,,,,,,,,,,,,,,,,,,,,,,,,,,,,,,,,,,,,,,,,,,,,,,,,,,,,,,,,,,,,,,,,,,,,,,,,,,,,,,,,,,,,,,,,,,,,,,,,,,,
04_02,04,02,f,16,08/11/20,12/08/21,w,n,.,.,.,.,.,.,.,.,w,574362,583066,1,r,1,r,1,r,7,p,,,,,,,,,,,,,,,,,,,,,,,,,,,,,,,,,,,,,,,,,,,,,,,,,,,,,,,,,,,,,,,,,,,,,,,,,,,,,,,,,,,,,,,,,,,,,,,,,,,,,,,,,,
04_02,04,02,f,16,08/11/20,12/08/21,w,n,.,.,.,.,.,.,.,.,w,583066,583067,1,r,1,r,1,r,7,p,,,,,,,,,,,,,,,,,,13,y,.,.,.,.,f,.,.,.,.,.,.,.,.,.,y,,,,,,,,,,,,,,,,,,,,,,,,,,,,,,,,,,,,,,,,,,,,,,,,,,,,,,,,,,,,,,,,,,,,,,,,
04_02,04,02,f,16,08/11/20,12/08/21,w,n,.,.,.,.,.,.,.,.,w,583067,587112,1,r,1,r,1,r,7,p,,,,,,,,,,,,,,,,,,,,,,,,,,,,,,,,,,,,,,,,,,,,,,,,,,,,,,,,,,,,,,,,,,,,,,,,,,,,,,,,,,,,,,,,,,,,,,,,,,,,,,,,,,
04_02,04,02,f,16,08/11/20,12/08/21,w,n,.,.,.,.,.,.,.,.,w,587112,596905,1,r,1,r,1,r,7,p,14,y,.,.,.,.,t,.,.,.,.,.,.,.,.,.,y,,,,,,,,,,,,,,,,,,,,,,,,,,,,,,,,,,,,,,,,,,,,,,,,,,,,,,,,,,,,,,,,,,,,,,,,,,,,,,,,,,,,,,,,,
04_02,04,02,f,16,08/11/20,12/08/21,w,n,.,.,.,.,.,.,.,.,w,596905,602719,1,r,1,r,1,r,7,p,,,,,,,,,,,,,,,,,,,,,,,,,,,,,,,,,,,,,,,,,,,,,,,,,,,,,,,,,,,,,,,,,,,,,,,,,,,,,,,,,,,,,,,,,,,,,,,,,,,,,,,,,,
04_02,04,02,f,16,08/11/20,12/08/21,w,n,.,.,.,.,.,.,.,.,w,602719,605064,1,r,1,r,1,r,,,,,,,,,,,,,,,,,,,,,,,,,,,,,,,,,,,,,,,,,,,,,,,,,,,,,,,,,,,,,,,,,,,,,,,,,,,,,,,,,,,,,,,,,,,,,,,,,,,,,,,,,,,,
04_02,04,02,f,16,08/11/20,12/08/21,w,n,.,.,.,.,.,.,.,.,w,605064,606016,1,r,1,r,1,r,8,t,,,,,,,,,,,,,,,,,,,,,,,,,,,,,,,,,,,,,,,,,,,,,,,,,,,,,,,,,,,,,,,,,,,,,,,,,,,,,,,,,,,,,,,,,,,,,,,,,,,,,,,,,,
04_02,04,02,f,16,08/11/20,12/08/21,w,n,.,.,.,.,.,.,.,.,w,606016,688467,1,r,1,r,1,r,8,t,15,y,.,.,.,.,t,.,.,.,.,.,.,.,.,.,.,,,,,,,,,,,,,,,,,,,,,,,,,,,,,,,,,,,,,,,,,,,,,,,,,,,,,,,,,,,,,,,,,,,,,,,,,,,,,,,,,,,,,,,,,
04_02,04,02,f,16,08/11/20,12/08/21,w,n,.,.,.,.,.,.,.,.,w,688467,691289,1,r,1,r,1,r,8,t,,,,,,,,,,,,,,,,,,,,,,,,,,,,,,,,,,,,,,,,,,,,,,,,,,,,,,,,,,,,,,,,,,,,,,,,,,,,,,,,,,,,,,,,,,,,,,,,,,,,,,,,,,
04_02,04,02,f,16,08/11/20,12/08/21,w,n,.,.,.,.,.,.,.,.,w,691289,701522,1,r,1,r,1,r,,,,,,,,,,,,,,,,,,,,,,,,,,,,,,,,,,,,,,,,,,,,,,,,,,,,,,,,,,,,,,,,,,,,,,,,,,,,,,,,,,,,,,,,,,,,,,,,,,,,,,,,,,,,
04_02,04,02,f,16,08/11/20,12/08/21,w,n,.,.,.,.,.,.,.,.,w,701522,702542,1,r,1,r,1,r,9,p,16,y,.,.,.,.,hi,.,.,.,.,.,.,.,.,.,.,,,,,,,,,,,,,,,,,,,,,,,,,,,,,,,,,,,,,,,,,,,,,,,,,,,,,,,,,,,,,,,,,,,,,,,,,,,,,,,,,,,,,,,,,
04_02,04,02,f,16,08/11/20,12/08/21,w,n,.,.,.,.,.,.,.,.,w,702542,705229,1,r,1,r,1,r,9,p,,,,,,,,,,,,,,,,,,,,,,,,,,,,,,,,,,,,,,,,,,,,,,,,,,,,,,,,,,,,,,,,,,,,,,,,,,,,,,,,,,,,,,,,,,,,,,,,,,,,,,,,,,
04_02,04,02,f,16,08/11/20,12/08/21,w,n,.,.,.,.,.,.,.,.,w,705229,713626,1,r,1,r,1,r,,,,,,,,,,,,,,,,,,,,,,,,,,,,,,,,,,,,,,,,,,,,,,,,,,,,,,,,,,,,,,,,,,,,,,,,,,,,,,,,,,,,,,,,,,,,,,,,,,,,,,,,,,,,
04_02,04,02,f,16,08/11/20,12/08/21,w,n,.,.,.,.,.,.,.,.,w,713626,716278,1,r,1,r,1,r,10,bs,,,,,,,,,,,,,,,,,,,,,,,,,,,,,,,,,,,,,,,,,,,,,,,,,,,,,,,,,,,,,,,,,,,,,,,,,,,,,,,,,,,,,,,,,,,,,,,,,,,,,,,,,,
04_02,04,02,f,16,08/11/20,12/08/21,w,n,.,.,.,.,.,.,.,.,w,716278,716279,1,r,1,r,1,r,10,bs,,,,,,,,,,,,,,,,,,17,y,.,.,.,.,p,.,.,.,.,.,.,.,.,.,.,,,,,,,,,,,,,,,,,,,,,,,,,,,,,,,,,,,,,,,,,,,,,,,,,,,,,,,,,,,,,,,,,,,,,,,,
04_02,04,02,f,16,08/11/20,12/08/21,w,n,.,.,.,.,.,.,.,.,w,716279,719711,1,r,1,r,1,r,10,bs,,,,,,,,,,,,,,,,,,,,,,,,,,,,,,,,,,,,,,,,,,,,,,,,,,,,,,,,,,,,,,,,,,,,,,,,,,,,,,,,,,,,,,,,,,,,,,,,,,,,,,,,,,
04_02,04,02,f,16,08/11/20,12/08/21,w,n,.,.,.,.,.,.,.,.,w,719711,719712,1,r,1,r,1,r,10,bs,,,,,,,,,,,,,,,,,,18,y,.,.,.,.,d,.,.,.,.,.,.,.,.,.,.,,,,,,,,,,,,,,,,,,,,,,,,,,,,,,,,,,,,,,,,,,,,,,,,,,,,,,,,,,,,,,,,,,,,,,,,
04_02,04,02,f,16,08/11/20,12/08/21,w,n,.,.,.,.,.,.,.,.,w,719712,721752,1,r,1,r,1,r,10,bs,,,,,,,,,,,,,,,,,,,,,,,,,,,,,,,,,,,,,,,,,,,,,,,,,,,,,,,,,,,,,,,,,,,,,,,,,,,,,,,,,,,,,,,,,,,,,,,,,,,,,,,,,,
04_02,04,02,f,16,08/11/20,12/08/21,w,n,.,.,.,.,.,.,.,.,w,721752,721753,1,r,1,r,1,r,10,bs,,,,,,,,,,,,,,,,,,19,y,.,.,.,.,p,.,.,.,.,.,.,.,.,.,.,,,,,,,,,,,,,,,,,,,,,,,,,,,,,,,,,,,,,,,,,,,,,,,,,,,,,,,,,,,,,,,,,,,,,,,,
04_02,04,02,f,16,08/11/20,12/08/21,w,n,.,.,.,.,.,.,.,.,w,721753,724846,1,r,1,r,1,r,10,bs,,,,,,,,,,,,,,,,,,,,,,,,,,,,,,,,,,,,,,,,,,,,,,,,,,,,,,,,,,,,,,,,,,,,,,,,,,,,,,,,,,,,,,,,,,,,,,,,,,,,,,,,,,
04_02,04,02,f,16,08/11/20,12/08/21,w,n,.,.,.,.,.,.,.,.,w,724846,724847,1,r,1,r,1,r,10,bs,,,,,,,,,,,,,,,,,,20,y,.,.,.,.,d,.,.,.,.,.,.,.,.,.,.,,,,,,,,,,,,,,,,,,,,,,,,,,,,,,,,,,,,,,,,,,,,,,,,,,,,,,,,,,,,,,,,,,,,,,,,
04_02,04,02,f,16,08/11/20,12/08/21,w,n,.,.,.,.,.,.,.,.,w,724847,738480,1,r,1,r,1,r,,,,,,,,,,,,,,,,,,,,,,,,,,,,,,,,,,,,,,,,,,,,,,,,,,,,,,,,,,,,,,,,,,,,,,,,,,,,,,,,,,,,,,,,,,,,,,,,,,,,,,,,,,,,
04_02,04,02,f,16,08/11/20,12/08/21,w,n,.,.,.,.,.,.,.,.,w,738480,738514,1,r,1,r,1,r,11,m,,,,,,,,,,,,,,,,,,,,,,,,,,,,,,,,,,,,,,,,,,,,,,,,,,,,,,,,,,,,,,,,,,,,,,,,,,,,,,,,,,,,,,,,,,,,,,,,,,,,,,,,,,
04_02,04,02,f,16,08/11/20,12/08/21,w,n,.,.,.,.,.,.,.,.,w,738514,753271,1,r,1,r,1,r,11,m,21,y,.,.,.,.,t,y,.,.,.,.,.,.,.,.,.,,,,,,,,,,,,,,,,,,,,,,,,,,,,,,,,,,,,,,,,,,,,,,,,,,,,,,,,,,,,,,,,,,,,,,,,,,,,,,,,,,,,,,,,,
04_02,04,02,f,16,08/11/20,12/08/21,w,n,.,.,.,.,.,.,.,.,w,753271,763640,1,r,1,r,1,r,,,,,,,,,,,,,,,,,,,,,,,,,,,,,,,,,,,,,,,,,,,,,,,,,,,,,,,,,,,,,,,,,,,,,,,,,,,,,,,,,,,,,,,,,,,,,,,,,,,,,,,,,,,,
04_02,04,02,f,16,08/11/20,12/08/21,w,n,.,.,.,.,.,.,.,.,w,763640,764048,1,r,1,r,1,r,12,rb,,,,,,,,,,,,,,,,,,,,,,,,,,,,,,,,,,,,,,,,,,,,,,,,,,,,,,,,,,,,,,,,,,,,,,,,,,,,,,,,,,,,,,,,,,,,,,,,,,,,,,,,,,
04_02,04,02,f,16,08/11/20,12/08/21,w,n,.,.,.,.,.,.,.,.,w,764048,764049,1,r,1,r,1,r,12,rb,,,,,,,,,,,,,,,,,,22,y,.,.,.,.,p,.,.,.,.,.,.,.,.,.,.,,,,,,,,,,,,,,,,,,,,,,,,,,,,,,,,,,,,,,,,,,,,,,,,,,,,,,,,,,,,,,,,,,,,,,,,
04_02,04,02,f,16,08/11/20,12/08/21,w,n,.,.,.,.,.,.,.,.,w,764049,765374,1,r,1,r,1,r,12,rb,,,,,,,,,,,,,,,,,,,,,,,,,,,,,,,,,,,,,,,,,,,,,,,,,,,,,,,,,,,,,,,,,,,,,,,,,,,,,,,,,,,,,,,,,,,,,,,,,,,,,,,,,,
04_02,04,02,f,16,08/11/20,12/08/21,w,n,.,.,.,.,.,.,.,.,w,765374,765375,1,r,1,r,1,r,12,rb,,,,,,,,,,,,,,,,,,23,y,.,.,.,.,d,.,.,.,.,.,.,.,.,.,.,,,,,,,,,,,,,,,,,,,,,,,,,,,,,,,,,,,,,,,,,,,,,,,,,,,,,,,,,,,,,,,,,,,,,,,,
04_02,04,02,f,16,08/11/20,12/08/21,w,n,.,.,.,.,.,.,.,.,w,765375,765409,1,r,1,r,1,r,12,rb,,,,,,,,,,,,,,,,,,,,,,,,,,,,,,,,,,,,,,,,,,,,,,,,,,,,,,,,,,,,,,,,,,,,,,,,,,,,,,,,,,,,,,,,,,,,,,,,,,,,,,,,,,
04_02,04,02,f,16,08/11/20,12/08/21,w,n,.,.,.,.,.,.,.,.,w,765409,772752,1,r,1,r,1,r,,,,,,,,,,,,,,,,,,,,,,,,,,,,,,,,,,,,,,,,,,,,,,,,,,,,,,,,,,,,,,,,,,,,,,,,,,,,,,,,,,,,,,,,,,,,,,,,,,,,,,,,,,,,
04_02,04,02,f,16,08/11/20,12/08/21,w,n,.,.,.,.,.,.,.,.,w,772752,774044,1,r,1,r,1,r,13,rb,,,,,,,,,,,,,,,,,,,,,,,,,,,,,,,,,,,,,,,,,,,,,,,,,,,,,,,,,,,,,,,,,,,,,,,,,,,,,,,,,,,,,,,,,,,,,,,,,,,,,,,,,,
04_02,04,02,f,16,08/11/20,12/08/21,w,n,.,.,.,.,.,.,.,.,w,774044,774045,1,r,1,r,1,r,13,rb,,,,,,,,,,,,,,,,,,24,y,.,.,.,.,p,.,.,.,.,.,.,.,.,.,.,,,,,,,,,,,,,,,,,,,,,,,,,,,,,,,,,,,,,,,,,,,,,,,,,,,,,,,,,,,,,,,,,,,,,,,,
04_02,04,02,f,16,08/11/20,12/08/21,w,n,.,.,.,.,.,.,.,.,w,774045,783326,1,r,1,r,1,r,13,rb,,,,,,,,,,,,,,,,,,,,,,,,,,,,,,,,,,,,,,,,,,,,,,,,,,,,,,,,,,,,,,,,,,,,,,,,,,,,,,,,,,,,,,,,,,,,,,,,,,,,,,,,,,
04_02,04,02,f,16,08/11/20,12/08/21,w,n,.,.,.,.,.,.,.,.,w,783326,783327,1,r,1,r,1,r,13,rb,,,,,,,,,,,,,,,,,,25,y,.,.,.,.,d,.,.,.,.,.,.,.,.,.,.,,,,,,,,,,,,,,,,,,,,,,,,,,,,,,,,,,,,,,,,,,,,,,,,,,,,,,,,,,,,,,,,,,,,,,,,
04_02,04,02,f,16,08/11/20,12/08/21,w,n,.,.,.,.,.,.,.,.,w,783327,808282,1,r,1,r,1,r,,,,,,,,,,,,,,,,,,,,,,,,,,,,,,,,,,,,,,,,,,,,,,,,,,,,,,,,,,,,,,,,,,,,,,,,,,,,,,,,,,,,,,,,,,,,,,,,,,,,,,,,,,,,
04_02,04,02,f,16,08/11/20,12/08/21,w,n,.,.,.,.,.,.,.,.,w,808282,809064,1,r,1,r,1,r,14,s,,,,,,,,,,,,,,,,,,,,,,,,,,,,,,,,,,,,,,,,,,,,,,,,,,,,,,,,,,,,,,,,,,,,,,,,,,,,,,,,,,,,,,,,,,,,,,,,,,,,,,,,,,
04_02,04,02,f,16,08/11/20,12/08/21,w,n,.,.,.,.,.,.,.,.,w,809064,823107,1,r,1,r,1,r,14,s,26,y,.,.,.,.,pu,.,.,.,.,.,.,.,.,.,.,,,,,,,,,,,,,,,,,,,,,,,,,,,,,,,,,,,,,,,,,,,,,,,,,,,,,,,,,,,,,,,,,,,,,,,,,,,,,,,,,,,,,,,,,
04_02,04,02,f,16,08/11/20,12/08/21,w,n,.,.,.,.,.,.,.,.,w,823107,823141,1,r,1,r,1,r,14,s,,,,,,,,,,,,,,,,,,,,,,,,,,,,,,,,,,,,,,,,,,,,,,,,,,,,,,,,,,,,,,,,,,,,,,,,,,,,,,,,,,,,,,,,,,,,,,,,,,,,,,,,,,
04_02,04,02,f,16,08/11/20,12/08/21,w,n,.,.,.,.,.,.,.,.,w,823141,824466,1,r,1,r,1,r,,,,,,,,,,,,,,,,,,,,,,,,,,,,,,,,,,,,,,,,,,,,,,,,,,,,,,,,,,,,,,,,,,,,,,,,,,,,,,,,,,,,,,,,,,,,,,,,,,,,,,,,,,,,
04_02,04,02,f,16,08/11/20,12/08/21,w,n,.,.,.,.,.,.,.,.,w,824466,826541,1,r,1,r,1,r,15,g,,,,,,,,,,,,,,,,,,,,,,,,,,,,,,,,,,,,,,,,,,,,,,,,,,,,,,,,,,,,,,,,,,,,,,,,,,,,,,,,,,,,,,,,,,,,,,,,,,,,,,,,,,
04_02,04,02,f,16,08/11/20,12/08/21,w,n,.,.,.,.,.,.,.,.,w,826541,828002,1,r,1,r,1,r,,,,,,,,,,,,,,,,,,,,,,,,,,,,,,,,,,,,,,,,,,,,,,,,,,,,,,,,,,,,,,,,,,,,,,,,,,,,,,,,,,,,,,,,,,,,,,,,,,,,,,,,,,,,
04_02,04,02,f,16,08/11/20,12/08/21,w,n,.,.,.,.,.,.,.,.,w,828002,828206,1,r,1,r,1,r,16,s,,,,,,,,,,,,,,,,,,,,,,,,,,,,,,,,,,,,,,,,,,,,,,,,,,,,,,,,,,,,,,,,,,,,,,,,,,,,,,,,,,,,,,,,,,,,,,,,,,,,,,,,,,
04_02,04,02,f,16,08/11/20,12/08/21,w,n,.,.,.,.,.,.,.,.,w,828206,828921,1,r,1,r,1,r,16,s,27,y,.,.,.,.,pu,.,.,.,.,.,.,.,.,.,.,,,,,,,,,,,,,,,,,,,,,,,,,,,,,,,,,,,,,,,,,,,,,,,,,,,,,,,,,,,,,,,,,,,,,,,,,,,,,,,,,,,,,,,,,
04_02,04,02,f,16,08/11/20,12/08/21,w,n,.,.,.,.,.,.,.,.,w,828921,829873,1,r,1,r,1,r,16,s,,,,,,,,,,,,,,,,,,,,,,,,,,,,,,,,,,,,,,,,,,,,,,,,,,,,,,,,,,,,,,,,,,,,,,,,,,,,,,,,,,,,,,,,,,,,,,,,,,,,,,,,,,
04_02,04,02,f,16,08/11/20,12/08/21,w,n,.,.,.,.,.,.,.,.,w,829873,834632,1,r,1,r,1,r,,,,,,,,,,,,,,,,,,,,,,,,,,,,,,,,,,,,,,,,,,,,,,,,,,,,,,,,,,,,,,,,,,,,,,,,,,,,,,,,,,,,,,,,,,,,,,,,,,,,,,,,,,,,
04_02,04,02,f,16,08/11/20,12/08/21,w,n,.,.,.,.,.,.,.,.,w,834632,836673,1,r,1,r,1,r,17,g,,,,,,,,,,,,,,,,,,,,,,,,,,,,,,,,,,,,,,,,,,,,,,,,,,,,,,,,,,,,,,,,,,,,,,,,,,,,,,,,,,,,,,,,,,,,,,,,,,,,,,,,,,
04_02,04,02,f,16,08/11/20,12/08/21,w,n,.,.,.,.,.,.,.,.,w,836673,864994,1,r,1,r,1,r,,,,,,,,,,,,,,,,,,,,,,,,,,,,,,,,,,,,,,,,,,,,,,,,,,,,,,,,,,,,,,,,,,,,,,,,,,,,,,,,,,,,,,,,,,,,,,,,,,,,,,,,,,,,
04_02,04,02,f,16,08/11/20,12/08/21,w,n,.,.,.,.,.,.,.,.,w,864994,866898,1,r,1,r,1,r,18,bu,,,,,,,,,,,,,,,,,,,,,,,,,,,,,,,,,,,,,,,,,,,,,,,,,,,,,,,,,,,,,,,,,,,,,,,,,,,,,,,,,,,,,,,,,,,,,,,,,,,,,,,,,,
04_02,04,02,f,16,08/11/20,12/08/21,w,n,.,.,.,.,.,.,.,.,w,866898,866899,1,r,1,r,1,r,18,bu,,,,,,,,,,,,,,,,,,28,y,.,.,.,.,o,.,.,.,y,.,.,.,.,.,.,,,,,,,,,,,,,,,,,,,,,,,,,,,,,,,,,,,,,,,,,,,,,,,,,,,,,,,,,,,,,,,,,,,,,,,,
04_02,04,02,f,16,08/11/20,12/08/21,w,n,.,.,.,.,.,.,.,.,w,866899,869958,1,r,1,r,1,r,18,bu,,,,,,,,,,,,,,,,,,,,,,,,,,,,,,,,,,,,,,,,,,,,,,,,,,,,,,,,,,,,,,,,,,,,,,,,,,,,,,,,,,,,,,,,,,,,,,,,,,,,,,,,,,
04_02,04,02,f,16,08/11/20,12/08/21,w,n,.,.,.,.,.,.,.,.,w,869958,869959,1,r,1,r,1,r,18,bu,,,,,,,,,,,,,,,,,,29,y,.,.,.,.,d,.,.,.,.,.,.,.,.,.,.,,,,,,,,,,,,,,,,,,,,,,,,,,,,,,,,,,,,,,,,,,,,,,,,,,,,,,,,,,,,,,,,,,,,,,,,
04_02,04,02,f,16,08/11/20,12/08/21,w,n,.,.,.,.,.,.,.,.,w,869959,873392,1,r,1,r,1,r,18,bu,,,,,,,,,,,,,,,,,,,,,,,,,,,,,,,,,,,,,,,,,,,,,,,,,,,,,,,,,,,,,,,,,,,,,,,,,,,,,,,,,,,,,,,,,,,,,,,,,,,,,,,,,,
04_02,04,02,f,16,08/11/20,12/08/21,w,n,.,.,.,.,.,.,.,.,w,873392,873393,1,r,1,r,1,r,18,bu,,,,,,,,,,,,,,,,,,30,y,.,.,.,.,o,.,.,.,y,.,.,.,.,.,.,,,,,,,,,,,,,,,,,,,,,,,,,,,,,,,,,,,,,,,,,,,,,,,,,,,,,,,,,,,,,,,,,,,,,,,,
04_02,04,02,f,16,08/11/20,12/08/21,w,n,.,.,.,.,.,.,.,.,w,873393,874412,1,r,1,r,1,r,18,bu,,,,,,,,,,,,,,,,,,,,,,,,,,,,,,,,,,,,,,,,,,,,,,,,,,,,,,,,,,,,,,,,,,,,,,,,,,,,,,,,,,,,,,,,,,,,,,,,,,,,,,,,,,
04_02,04,02,f,16,08/11/20,12/08/21,w,n,.,.,.,.,.,.,.,.,w,874412,874413,1,r,1,r,1,r,18,bu,,,,,,,,,,,,,,,,,,31,y,.,.,.,.,d,.,.,.,.,.,.,.,.,.,.,,,,,,,,,,,,,,,,,,,,,,,,,,,,,,,,,,,,,,,,,,,,,,,,,,,,,,,,,,,,,,,,,,,,,,,,
04_02,04,02,f,16,08/11/20,12/08/21,w,n,.,.,.,.,.,.,.,.,w,874413,874447,1,r,1,r,1,r,18,bu,,,,,,,,,,,,,,,,,,,,,,,,,,,,,,,,,,,,,,,,,,,,,,,,,,,,,,,,,,,,,,,,,,,,,,,,,,,,,,,,,,,,,,,,,,,,,,,,,,,,,,,,,,
04_02,04,02,f,16,08/11/20,12/08/21,w,n,.,.,.,.,.,.,.,.,w,874447,878016,1,r,1,r,1,r,,,,,,,,,,,,,,,,,,,,,,,,,,,,,,,,,,,,,,,,,,,,,,,,,,,,,,,,,,,,,,,,,,,,,,,,,,,,,,,,,,,,,,,,,,,,,,,,,,,,,,,,,,,,
04_02,04,02,f,16,08/11/20,12/08/21,w,n,.,.,.,.,.,.,.,.,w,878016,881620,1,r,1,r,1,r,19,s,,,,,,,,,,,,,,,,,,,,,,,,,,,,,,,,,,,,,,,,,,,,,,,,,,,,,,,,,,,,,,,,,,,,,,,,,,,,,,,,,,,,,,,,,,,,,,,,,,,,,,,,,,
04_02,04,02,f,16,08/11/20,12/08/21,w,n,.,.,.,.,.,.,.,.,w,881620,902871,1,r,1,r,1,r,19,s,32,y,.,.,.,.,pu,.,.,.,.,.,.,.,.,.,.,,,,,,,,,,,,,,,,,,,,,,,,,,,,,,,,,,,,,,,,,,,,,,,,,,,,,,,,,,,,,,,,,,,,,,,,,,,,,,,,,,,,,,,,,
04_02,04,02,f,16,08/11/20,12/08/21,w,n,.,.,.,.,.,.,.,.,w,902871,906849,1,r,1,r,1,r,19,s,,,,,,,,,,,,,,,,,,,,,,,,,,,,,,,,,,,,,,,,,,,,,,,,,,,,,,,,,,,,,,,,,,,,,,,,,,,,,,,,,,,,,,,,,,,,,,,,,,,,,,,,,,
04_02,04,02,f,16,08/11/20,12/08/21,w,n,.,.,.,.,.,.,.,.,w,906849,906950,1,r,1,r,1,r,,,,,,,,,,,,,,,,,,,,,,,,,,,,,,,,,,,,,,,,,,,,,,,,,,,,,,,,,,,,,,,,,,,,,,,,,,,,,,,,,,,,,,,,,,,,,,,,,,,,,,,,,,,,
04_02,04,02,f,16,08/11/20,12/08/21,w,n,.,.,.,.,.,.,.,.,w,906950,910383,1,r,1,r,1,r,20,pb,,,,,,,,,,,,,,,,,,,,,,,,,,,,,,,,,,,,,,,,,,,,,,,,,,,,,,,,,,,,,,,,,,,,,,,,,,,,,,,,,,,,,,,,,,,,,,,,,,,,,,,,,,
04_02,04,02,f,16,08/11/20,12/08/21,w,n,.,.,.,.,.,.,.,.,w,910383,910453,1,r,1,r,1,r,20,pb,33,y,.,.,.,.,pu,.,.,.,.,.,.,.,.,.,.,,,,,,,,,,,,,,,,,,,,,,,,,,,,,,,,,,,,,,,,,,,,,,,,,,,,,,,,,,,,,,,,,,,,,,,,,,,,,,,,,,,,,,,,,
04_02,04,02,f,16,08/11/20,12/08/21,w,n,.,.,.,.,.,.,.,.,w,910453,912152,1,r,1,r,1,r,,,,,,,,,,,,,,,,,,,,,,,,,,,,,,,,,,,,,,,,,,,,,,,,,,,,,,,,,,,,,,,,,,,,,,,,,,,,,,,,,,,,,,,,,,,,,,,,,,,,,,,,,,,,
04_02,04,02,f,16,08/11/20,12/08/21,w,n,.,.,.,.,.,.,.,.,w,912152,921672,1,r,1,r,1,r,21,s,,,,,,,,,,,,,,,,,,,,,,,,,,,,,,,,,,,,,,,,,,,,,,,,,,,,,,,,,,,,,,,,,,,,,,,,,,,,,,,,,,,,,,,,,,,,,,,,,,,,,,,,,,
04_02,04,02,f,16,08/11/20,12/08/21,w,n,.,.,.,.,.,.,.,.,w,921672,967912,1,r,1,r,1,r,21,s,34,y,.,.,.,.,pu,.,.,.,.,.,.,.,.,.,.,,,,,,,,,,,,,,,,,,,,,,,,,,,,,,,,,,,,,,,,,,,,,,,,,,,,,,,,,,,,,,,,,,,,,,,,,,,,,,,,,,,,,,,,,
04_02,04,02,f,16,08/11/20,12/08/21,w,n,.,.,.,.,.,.,.,.,w,967912,967913,,,,,,,21,s,34,y,.,.,.,.,pu,.,.,.,.,.,.,.,.,.,.,,,,,,,,,,,,,,,,,,,,,,,,,,,,,,,,,,,,,,,,,,,,,,,,,,,,,,,,,,,,,,,,,,,,,,,,,,,,,,,,,,,,,,,,,
04_02,04,02,f,16,08/11/20,12/08/21,w,n,.,.,.,.,.,.,.,.,w,967913,1034892,,,,,,,,,,,,,,,,,,,,,,,,,,,,,,,,,,,,,,,,,,,,,,,,,,,,,,,,,,,,,,,,,,,,,,,,,,,,,,,,,,,,,,,,,,,,,,,,,,,,,,,,,,,,,,,,,,
04_02,04,02,f,16,08/11/20,12/08/21,w,n,.,.,.,.,.,.,.,.,w,1034892,1665490,2,p,2,p,2,p,,,,,,,,,,,,,,,,,,,,,,,,,,,,,,,,,,,,,,,,,,,,,,,,,,,,,,,,,,,,,,,,,,,,,,,,,,,,,,,,,,,,,,,,,,,,,,,,,,,,,,,,,,,,
04_02,04,02,f,16,08/11/20,12/08/21,w,n,.,.,.,.,.,.,.,.,w,1665490,1902232,,,,,,,,,,,,,,,,,,,,,,,,,,,,,,,,,,,,,,,,,,,,,,,,,,,,,,,,,,,,,,,,,,,,,,,,,,,,,,,,,,,,,,,,,,,,,,,,,,,,,,,,,,,,,,,,,,
04_02,04,02,f,16,08/11/20,12/08/21,w,n,.,.,.,.,.,.,.,.,w,1902232,2415088,3,b,,,,,,,,,,,,,,,,,,,,,,,,,,,,,,,,,,,,,,,,,,,,,,,,,,,,,,,,,,,,,,,,,,,,,,,,,,,,,,,,,,,,,,,,,,,,,,,,,,,,,,,,,,,,,,,,
04_03,04,03,f,18,08/11/20,02/09/22,w,n,10.44,10.68,81.0,80.0,34.0,.,34.0,.,w,101762,103360,1,r,1,r,1,r,,,,,,,,,,,,,,,,,,,,,,,,,,,,,,,,,,,,,,,,,,,,,,,,,,,,,,,,,,,,,,,,,,,,,,,,,,,,,,,,,,,,,,,,,,,,,,,,,,,,,,,,,,,,
04_03,04,03,f,18,08/11/20,02/09/22,w,n,10.44,10.68,81.0,80.0,34.0,.,34.0,.,w,103360,105094,1,r,1,r,1,r,1,r,,,,,,,,,,,,,,,,,,,,,,,,,,,,,,,,,,,,,,,,,,,,,,,,,,,,,,,,,,,,,,,,,,,,,,,,,,,,,,,,,,,,,,,,,,,,,,,,,,,,,,,,,,
04_03,04,03,f,18,08/11/20,02/09/22,w,n,10.44,10.68,81.0,80.0,34.0,.,34.0,.,w,105094,105095,1,r,1,r,1,r,1,r,,,,,,,,,,,,,,,,,,1,y,.,.,.,.,p,.,.,.,.,.,.,.,.,.,.,,,,,,,,,,,,,,,,,,,,,,,,,,,,,,,,,,,,,,,,,,,,,,,,,,,,,,,,,,,,,,,,,,,,,,,,
04_03,04,03,f,18,08/11/20,02/09/22,w,n,10.44,10.68,81.0,80.0,34.0,.,34.0,.,w,105095,125698,1,r,1,r,1,r,1,r,,,,,,,,,,,,,,,,,,,,,,,,,,,,,,,,,,,,,,,,,,,,,,,,,,,,,,,,,,,,,,,,,,,,,,,,,,,,,,,,,,,,,,,,,,,,,,,,,,,,,,,,,,
04_03,04,03,f,18,08/11/20,02/09/22,w,n,10.44,10.68,81.0,80.0,34.0,.,34.0,.,w,125698,125699,1,r,1,r,1,r,1,r,,,,,,,,,,,,,,,,,,2,y,.,.,.,.,d,.,.,.,.,.,.,.,.,.,.,,,,,,,,,,,,,,,,,,,,,,,,,,,,,,,,,,,,,,,,,,,,,,,,,,,,,,,,,,,,,,,,,,,,,,,,
04_03,04,03,f,18,08/11/20,02/09/22,w,n,10.44,10.68,81.0,80.0,34.0,.,34.0,.,w,125699,131104,1,r,1,r,1,r,,,,,,,,,,,,,,,,,,,,,,,,,,,,,,,,,,,,,,,,,,,,,,,,,,,,,,,,,,,,,,,,,,,,,,,,,,,,,,,,,,,,,,,,,,,,,,,,,,,,,,,,,,,,
04_03,04,03,f,18,08/11/20,02/09/22,w,n,10.44,10.68,81.0,80.0,34.0,.,34.0,.,w,131104,134674,1,r,1,r,1,r,2,bu,,,,,,,,,,,,,,,,,,,,,,,,,,,,,,,,,,,,,,,,,,,,,,,,,,,,,,,,,,,,,,,,,,,,,,,,,,,,,,,,,,,,,,,,,,,,,,,,,,,,,,,,,,
04_03,04,03,f,18,08/11/20,02/09/22,w,n,10.44,10.68,81.0,80.0,34.0,.,34.0,.,w,134674,134675,1,r,1,r,1,r,2,bu,,,,,,,,,,,,,,,,,,3,y,.,.,.,.,o,.,.,.,y,.,.,.,.,.,.,,,,,,,,,,,,,,,,,,,,,,,,,,,,,,,,,,,,,,,,,,,,,,,,,,,,,,,,,,,,,,,,,,,,,,,,
04_03,04,03,f,18,08/11/20,02/09/22,w,n,10.44,10.68,81.0,80.0,34.0,.,34.0,.,w,134675,136578,1,r,1,r,1,r,2,bu,,,,,,,,,,,,,,,,,,,,,,,,,,,,,,,,,,,,,,,,,,,,,,,,,,,,,,,,,,,,,,,,,,,,,,,,,,,,,,,,,,,,,,,,,,,,,,,,,,,,,,,,,,
04_03,04,03,f,18,08/11/20,02/09/22,w,n,10.44,10.68,81.0,80.0,34.0,.,34.0,.,w,136578,136579,1,r,1,r,1,r,2,bu,,,,,,,,,,,,,,,,,,4,y,.,.,.,.,th,.,.,.,.,.,.,.,.,.,.,,,,,,,,,,,,,,,,,,,,,,,,,,,,,,,,,,,,,,,,,,,,,,,,,,,,,,,,,,,,,,,,,,,,,,,,
04_03,04,03,f,18,08/11/20,02/09/22,w,n,10.44,10.68,81.0,80.0,34.0,.,34.0,.,w,136579,138175,1,r,1,r,1,r,2,bu,,,,,,,,,,,,,,,,,,,,,,,,,,,,,,,,,,,,,,,,,,,,,,,,,,,,,,,,,,,,,,,,,,,,,,,,,,,,,,,,,,,,,,,,,,,,,,,,,,,,,,,,,,
04_03,04,03,f,18,08/11/20,02/09/22,w,n,10.44,10.68,81.0,80.0,34.0,.,34.0,.,w,138175,140387,1,r,1,r,1,r,2,bu,5,.,.,y,.,.,k,.,.,.,.,.,.,.,.,.,.,,,,,,,,,,,,,,,,,,,,,,,,,,,,,,,,,,,,,,,,,,,,,,,,,,,,,,,,,,,,,,,,,,,,,,,,,,,,,,,,,,,,,,,,,
04_03,04,03,f,18,08/11/20,02/09/22,w,n,10.44,10.68,81.0,80.0,34.0,.,34.0,.,w,140387,142766,1,r,1,r,1,r,,,,,,,,,,,,,,,,,,,,,,,,,,,,,,,,,,,,,,,,,,,,,,,,,,,,,,,,,,,,,,,,,,,,,,,,,,,,,,,,,,,,,,,,,,,,,,,,,,,,,,,,,,,,
04_03,04,03,f,18,08/11/20,02/09/22,w,n,10.44,10.68,81.0,80.0,34.0,.,34.0,.,w,142766,162282,1,r,1,r,1,r,3,s,6,y,.,.,.,.,pu,.,.,.,.,.,.,.,.,.,.,,,,,,,,,,,,,,,,,,,,,,,,,,,,,,,,,,,,,,,,,,,,,,,,,,,,,,,,,,,,,,,,,,,,,,,,,,,,,,,,,,,,,,,,,
04_03,04,03,f,18,08/11/20,02/09/22,w,n,10.44,10.68,81.0,80.0,34.0,.,34.0,.,w,162282,162283,1,r,1,r,1,r,3,s,6,y,.,.,.,.,pu,.,.,.,.,.,.,.,.,.,.,7,y,.,.,.,.,p,.,.,.,.,.,.,.,.,.,.,,,,,,,,,,,,,,,,,,,,,,,,,,,,,,,,,,,,,,,,,,,,,,,,,,,,,,,,,,,,,,,,,,,,,,,,
04_03,04,03,f,18,08/11/20,02/09/22,w,n,10.44,10.68,81.0,80.0,34.0,.,34.0,.,w,162283,167824,1,r,1,r,1,r,3,s,6,y,.,.,.,.,pu,.,.,.,.,.,.,.,.,.,.,,,,,,,,,,,,,,,,,,,,,,,,,,,,,,,,,,,,,,,,,,,,,,,,,,,,,,,,,,,,,,,,,,,,,,,,,,,,,,,,,,,,,,,,,
04_03,04,03,f,18,08/11/20,02/09/22,w,n,10.44,10.68,81.0,80.0,34.0,.,34.0,.,w,167824,167825,1,r,1,r,1,r,3,s,6,y,.,.,.,.,pu,.,.,.,.,.,.,.,.,.,.,8,y,.,.,.,.,p,.,.,.,.,.,.,.,.,.,.,,,,,,,,,,,,,,,,,,,,,,,,,,,,,,,,,,,,,,,,,,,,,,,,,,,,,,,,,,,,,,,,,,,,,,,,
04_03,04,03,f,18,08/11/20,02/09/22,w,n,10.44,10.68,81.0,80.0,34.0,.,34.0,.,w,167825,184961,1,r,1,r,1,r,3,s,6,y,.,.,.,.,pu,.,.,.,.,.,.,.,.,.,.,,,,,,,,,,,,,,,,,,,,,,,,,,,,,,,,,,,,,,,,,,,,,,,,,,,,,,,,,,,,,,,,,,,,,,,,,,,,,,,,,,,,,,,,,
04_03,04,03,f,18,08/11/20,02/09/22,w,n,10.44,10.68,81.0,80.0,34.0,.,34.0,.,w,184961,187748,1,r,1,r,1,r,,,,,,,,,,,,,,,,,,,,,,,,,,,,,,,,,,,,,,,,,,,,,,,,,,,,,,,,,,,,,,,,,,,,,,,,,,,,,,,,,,,,,,,,,,,,,,,,,,,,,,,,,,,,
04_03,04,03,f,18,08/11/20,02/09/22,w,n,10.44,10.68,81.0,80.0,34.0,.,34.0,.,w,187748,204408,1,r,1,r,1,r,4,m,9,y,.,.,.,.,t,y,.,.,.,.,.,.,.,.,.,,,,,,,,,,,,,,,,,,,,,,,,,,,,,,,,,,,,,,,,,,,,,,,,,,,,,,,,,,,,,,,,,,,,,,,,,,,,,,,,,,,,,,,,,
04_03,04,03,f,18,08/11/20,02/09/22,w,n,10.44,10.68,81.0,80.0,34.0,.,34.0,.,w,204408,205632,1,r,1,r,1,r,4,m,10,y,.,.,.,.,pu,.,.,.,.,.,.,.,.,.,.,,,,,,,,,,,,,,,,,,,,,,,,,,,,,,,,,,,,,,,,,,,,,,,,,,,,,,,,,,,,,,,,,,,,,,,,,,,,,,,,,,,,,,,,,
04_03,04,03,f,18,08/11/20,02/09/22,w,n,10.44,10.68,81.0,80.0,34.0,.,34.0,.,w,205632,214303,1,r,1,r,1,r,4,m,11,y,.,.,.,.,t,y,.,.,.,.,.,.,.,.,.,,,,,,,,,,,,,,,,,,,,,,,,,,,,,,,,,,,,,,,,,,,,,,,,,,,,,,,,,,,,,,,,,,,,,,,,,,,,,,,,,,,,,,,,,
04_03,04,03,f,18,08/11/20,02/09/22,w,n,10.44,10.68,81.0,80.0,34.0,.,34.0,.,w,214303,217702,1,r,1,r,1,r,,,,,,,,,,,,,,,,,,,,,,,,,,,,,,,,,,,,,,,,,,,,,,,,,,,,,,,,,,,,,,,,,,,,,,,,,,,,,,,,,,,,,,,,,,,,,,,,,,,,,,,,,,,,
04_03,04,03,f,18,08/11/20,02/09/22,w,n,10.44,10.68,81.0,80.0,34.0,.,34.0,.,w,217702,220082,1,r,1,r,1,r,5,s,12,y,.,.,.,.,pu,.,.,.,.,.,.,.,.,.,.,,,,,,,,,,,,,,,,,,,,,,,,,,,,,,,,,,,,,,,,,,,,,,,,,,,,,,,,,,,,,,,,,,,,,,,,,,,,,,,,,,,,,,,,,
04_03,04,03,f,18,08/11/20,02/09/22,w,n,10.44,10.68,81.0,80.0,34.0,.,34.0,.,w,220082,220083,1,r,1,r,1,r,5,s,12,y,.,.,.,.,pu,.,.,.,.,.,.,.,.,.,.,13,y,.,.,.,.,p,.,.,.,.,.,.,.,.,.,.,,,,,,,,,,,,,,,,,,,,,,,,,,,,,,,,,,,,,,,,,,,,,,,,,,,,,,,,,,,,,,,,,,,,,,,,
04_03,04,03,f,18,08/11/20,02/09/22,w,n,10.44,10.68,81.0,80.0,34.0,.,34.0,.,w,220083,224740,1,r,1,r,1,r,5,s,12,y,.,.,.,.,pu,.,.,.,.,.,.,.,.,.,.,,,,,,,,,,,,,,,,,,,,,,,,,,,,,,,,,,,,,,,,,,,,,,,,,,,,,,,,,,,,,,,,,,,,,,,,,,,,,,,,,,,,,,,,,
04_03,04,03,f,18,08/11/20,02/09/22,w,n,10.44,10.68,81.0,80.0,34.0,.,34.0,.,w,224740,224741,1,r,1,r,1,r,5,s,12,y,.,.,.,.,pu,.,.,.,.,.,.,.,.,.,.,14,y,.,.,.,.,p,.,.,.,.,.,.,.,.,.,.,,,,,,,,,,,,,,,,,,,,,,,,,,,,,,,,,,,,,,,,,,,,,,,,,,,,,,,,,,,,,,,,,,,,,,,,
04_03,04,03,f,18,08/11/20,02/09/22,w,n,10.44,10.68,81.0,80.0,34.0,.,34.0,.,w,224741,238680,1,r,1,r,1,r,5,s,12,y,.,.,.,.,pu,.,.,.,.,.,.,.,.,.,.,,,,,,,,,,,,,,,,,,,,,,,,,,,,,,,,,,,,,,,,,,,,,,,,,,,,,,,,,,,,,,,,,,,,,,,,,,,,,,,,,,,,,,,,,
04_03,04,03,f,18,08/11/20,02/09/22,w,n,10.44,10.68,81.0,80.0,34.0,.,34.0,.,w,238680,238681,1,r,1,r,1,r,5,s,12,y,.,.,.,.,pu,.,.,.,.,.,.,.,.,.,.,15,y,.,.,.,.,p,.,.,.,.,.,.,.,.,.,.,,,,,,,,,,,,,,,,,,,,,,,,,,,,,,,,,,,,,,,,,,,,,,,,,,,,,,,,,,,,,,,,,,,,,,,,
04_03,04,03,f,18,08/11/20,02/09/22,w,n,10.44,10.68,81.0,80.0,34.0,.,34.0,.,w,238681,244393,1,r,1,r,1,r,5,s,12,y,.,.,.,.,pu,.,.,.,.,.,.,.,.,.,.,,,,,,,,,,,,,,,,,,,,,,,,,,,,,,,,,,,,,,,,,,,,,,,,,,,,,,,,,,,,,,,,,,,,,,,,,,,,,,,,,,,,,,,,,
04_03,04,03,f,18,08/11/20,02/09/22,w,n,10.44,10.68,81.0,80.0,34.0,.,34.0,.,w,244393,247724,1,r,1,r,1,r,,,,,,,,,,,,,,,,,,,,,,,,,,,,,,,,,,,,,,,,,,,,,,,,,,,,,,,,,,,,,,,,,,,,,,,,,,,,,,,,,,,,,,,,,,,,,,,,,,,,,,,,,,,,
04_03,04,03,f,18,08/11/20,02/09/22,w,n,10.44,10.68,81.0,80.0,34.0,.,34.0,.,w,247724,247725,1,r,1,r,1,r,6,cu,,,,,,,,,,,,,,,,,,16,y,.,.,.,.,p,.,.,.,.,.,.,.,.,.,.,,,,,,,,,,,,,,,,,,,,,,,,,,,,,,,,,,,,,,,,,,,,,,,,,,,,,,,,,,,,,,,,,,,,,,,,
04_03,04,03,f,18,08/11/20,02/09/22,w,n,10.44,10.68,81.0,80.0,34.0,.,34.0,.,w,247725,249288,1,r,1,r,1,r,6,cu,,,,,,,,,,,,,,,,,,,,,,,,,,,,,,,,,,,,,,,,,,,,,,,,,,,,,,,,,,,,,,,,,,,,,,,,,,,,,,,,,,,,,,,,,,,,,,,,,,,,,,,,,,
04_03,04,03,f,18,08/11/20,02/09/22,w,n,10.44,10.68,81.0,80.0,34.0,.,34.0,.,w,249288,249289,1,r,1,r,1,r,6,cu,,,,,,,,,,,,,,,,,,17,y,.,.,.,.,d,.,.,.,.,.,.,.,.,.,.,,,,,,,,,,,,,,,,,,,,,,,,,,,,,,,,,,,,,,,,,,,,,,,,,,,,,,,,,,,,,,,,,,,,,,,,
04_03,04,03,f,18,08/11/20,02/09/22,w,n,10.44,10.68,81.0,80.0,34.0,.,34.0,.,w,249289,251022,1,r,1,r,1,r,6,cu,,,,,,,,,,,,,,,,,,,,,,,,,,,,,,,,,,,,,,,,,,,,,,,,,,,,,,,,,,,,,,,,,,,,,,,,,,,,,,,,,,,,,,,,,,,,,,,,,,,,,,,,,,
04_03,04,03,f,18,08/11/20,02/09/22,w,n,10.44,10.68,81.0,80.0,34.0,.,34.0,.,w,251022,254797,1,r,1,r,1,r,6,cu,18,y,.,.,.,.,pu,.,.,.,.,.,.,.,.,.,.,,,,,,,,,,,,,,,,,,,,,,,,,,,,,,,,,,,,,,,,,,,,,,,,,,,,,,,,,,,,,,,,,,,,,,,,,,,,,,,,,,,,,,,,,
04_03,04,03,f,18,08/11/20,02/09/22,w,n,10.44,10.68,81.0,80.0,34.0,.,34.0,.,w,254797,254899,1,r,1,r,1,r,6,cu,,,,,,,,,,,,,,,,,,,,,,,,,,,,,,,,,,,,,,,,,,,,,,,,,,,,,,,,,,,,,,,,,,,,,,,,,,,,,,,,,,,,,,,,,,,,,,,,,,,,,,,,,,
04_03,04,03,f,18,08/11/20,02/09/22,w,n,10.44,10.68,81.0,80.0,34.0,.,34.0,.,w,254899,256496,1,r,1,r,1,r,,,,,,,,,,,,,,,,,,,,,,,,,,,,,,,,,,,,,,,,,,,,,,,,,,,,,,,,,,,,,,,,,,,,,,,,,,,,,,,,,,,,,,,,,,,,,,,,,,,,,,,,,,,,
04_03,04,03,f,18,08/11/20,02/09/22,w,n,10.44,10.68,81.0,80.0,34.0,.,34.0,.,w,256496,264419,1,r,1,r,1,r,7,a,19,y,.,.,.,.,t,.,.,.,.,.,.,.,.,.,.,,,,,,,,,,,,,,,,,,,,,,,,,,,,,,,,,,,,,,,,,,,,,,,,,,,,,,,,,,,,,,,,,,,,,,,,,,,,,,,,,,,,,,,,,
04_03,04,03,f,18,08/11/20,02/09/22,w,n,10.44,10.68,81.0,80.0,34.0,.,34.0,.,w,264419,268736,1,r,1,r,1,r,,,,,,,,,,,,,,,,,,,,,,,,,,,,,,,,,,,,,,,,,,,,,,,,,,,,,,,,,,,,,,,,,,,,,,,,,,,,,,,,,,,,,,,,,,,,,,,,,,,,,,,,,,,,
04_03,04,03,f,18,08/11/20,02/09/22,w,n,10.44,10.68,81.0,80.0,34.0,.,34.0,.,w,268736,270572,1,r,1,r,1,r,8,s,20,y,.,.,.,.,pu,.,.,.,.,.,.,.,.,.,y,,,,,,,,,,,,,,,,,,,,,,,,,,,,,,,,,,,,,,,,,,,,,,,,,,,,,,,,,,,,,,,,,,,,,,,,,,,,,,,,,,,,,,,,,
04_03,04,03,f,18,08/11/20,02/09/22,w,n,10.44,10.68,81.0,80.0,34.0,.,34.0,.,w,270572,270573,1,r,1,r,1,r,8,s,20,y,.,.,.,.,pu,.,.,.,.,.,.,.,.,.,y,21,y,.,.,.,.,p,.,.,.,.,.,.,.,.,.,.,,,,,,,,,,,,,,,,,,,,,,,,,,,,,,,,,,,,,,,,,,,,,,,,,,,,,,,,,,,,,,,,,,,,,,,,
04_03,04,03,f,18,08/11/20,02/09/22,w,n,10.44,10.68,81.0,80.0,34.0,.,34.0,.,w,270573,274278,1,r,1,r,1,r,8,s,20,y,.,.,.,.,pu,.,.,.,.,.,.,.,.,.,y,,,,,,,,,,,,,,,,,,,,,,,,,,,,,,,,,,,,,,,,,,,,,,,,,,,,,,,,,,,,,,,,,,,,,,,,,,,,,,,,,,,,,,,,,
04_03,04,03,f,18,08/11/20,02/09/22,w,n,10.44,10.68,81.0,80.0,34.0,.,34.0,.,w,274278,274279,1,r,1,r,1,r,8,s,20,y,.,.,.,.,pu,.,.,.,.,.,.,.,.,.,y,22,y,.,.,.,.,p,.,.,.,.,.,.,.,.,.,.,,,,,,,,,,,,,,,,,,,,,,,,,,,,,,,,,,,,,,,,,,,,,,,,,,,,,,,,,,,,,,,,,,,,,,,,
04_03,04,03,f,18,08/11/20,02/09/22,w,n,10.44,10.68,81.0,80.0,34.0,.,34.0,.,w,274279,284309,1,r,1,r,1,r,8,s,20,y,.,.,.,.,pu,.,.,.,.,.,.,.,.,.,y,,,,,,,,,,,,,,,,,,,,,,,,,,,,,,,,,,,,,,,,,,,,,,,,,,,,,,,,,,,,,,,,,,,,,,,,,,,,,,,,,,,,,,,,,
04_03,04,03,f,18,08/11/20,02/09/22,w,n,10.44,10.68,81.0,80.0,34.0,.,34.0,.,w,284309,284512,1,r,1,r,1,r,8,s,,,,,,,,,,,,,,,,,,,,,,,,,,,,,,,,,,,,,,,,,,,,,,,,,,,,,,,,,,,,,,,,,,,,,,,,,,,,,,,,,,,,,,,,,,,,,,,,,,,,,,,,,,
04_03,04,03,f,18,08/11/20,02/09/22,w,n,10.44,10.68,81.0,80.0,34.0,.,34.0,.,w,284512,284513,1,r,1,r,1,r,8,s,,,,,,,,,,,,,,,,,,23,y,.,.,.,.,f,.,.,.,.,.,.,.,.,.,.,,,,,,,,,,,,,,,,,,,,,,,,,,,,,,,,,,,,,,,,,,,,,,,,,,,,,,,,,,,,,,,,,,,,,,,,
04_03,04,03,f,18,08/11/20,02/09/22,w,n,10.44,10.68,81.0,80.0,34.0,.,34.0,.,w,284513,290768,1,r,1,r,1,r,8,s,,,,,,,,,,,,,,,,,,,,,,,,,,,,,,,,,,,,,,,,,,,,,,,,,,,,,,,,,,,,,,,,,,,,,,,,,,,,,,,,,,,,,,,,,,,,,,,,,,,,,,,,,,
04_03,04,03,f,18,08/11/20,02/09/22,w,n,10.44,10.68,81.0,80.0,34.0,.,34.0,.,w,290768,290769,1,r,1,r,1,r,8,s,,,,,,,,,,,,,,,,,,24,y,.,.,.,.,f,.,.,.,.,.,.,.,.,.,y,,,,,,,,,,,,,,,,,,,,,,,,,,,,,,,,,,,,,,,,,,,,,,,,,,,,,,,,,,,,,,,,,,,,,,,,
04_03,04,03,f,18,08/11/20,02/09/22,w,n,10.44,10.68,81.0,80.0,34.0,.,34.0,.,w,290769,292978,1,r,1,r,1,r,8,s,,,,,,,,,,,,,,,,,,,,,,,,,,,,,,,,,,,,,,,,,,,,,,,,,,,,,,,,,,,,,,,,,,,,,,,,,,,,,,,,,,,,,,,,,,,,,,,,,,,,,,,,,,
04_03,04,03,f,18,08/11/20,02/09/22,w,n,10.44,10.68,81.0,80.0,34.0,.,34.0,.,w,292978,294134,1,r,1,r,1,r,8,s,25,y,.,.,.,.,pu,.,.,.,.,.,.,.,.,.,y,,,,,,,,,,,,,,,,,,,,,,,,,,,,,,,,,,,,,,,,,,,,,,,,,,,,,,,,,,,,,,,,,,,,,,,,,,,,,,,,,,,,,,,,,
04_03,04,03,f,18,08/11/20,02/09/22,w,n,10.44,10.68,81.0,80.0,34.0,.,34.0,.,w,294134,294135,1,r,1,r,1,r,8,s,25,y,.,.,.,.,pu,.,.,.,.,.,.,.,.,.,y,26,y,.,.,.,.,p,.,.,.,.,.,.,.,.,.,.,,,,,,,,,,,,,,,,,,,,,,,,,,,,,,,,,,,,,,,,,,,,,,,,,,,,,,,,,,,,,,,,,,,,,,,,
04_03,04,03,f,18,08/11/20,02/09/22,w,n,10.44,10.68,81.0,80.0,34.0,.,34.0,.,w,294135,308992,1,r,1,r,1,r,8,s,25,y,.,.,.,.,pu,.,.,.,.,.,.,.,.,.,y,,,,,,,,,,,,,,,,,,,,,,,,,,,,,,,,,,,,,,,,,,,,,,,,,,,,,,,,,,,,,,,,,,,,,,,,,,,,,,,,,,,,,,,,,
04_03,04,03,f,18,08/11/20,02/09/22,w,n,10.44,10.68,81.0,80.0,34.0,.,34.0,.,w,308992,308993,1,r,1,r,1,r,8,s,25,y,.,.,.,.,pu,.,.,.,.,.,.,.,.,.,y,27,y,.,.,.,.,p,.,.,.,.,.,.,.,.,.,.,,,,,,,,,,,,,,,,,,,,,,,,,,,,,,,,,,,,,,,,,,,,,,,,,,,,,,,,,,,,,,,,,,,,,,,,
04_03,04,03,f,18,08/11/20,02/09/22,w,n,10.44,10.68,81.0,80.0,34.0,.,34.0,.,w,308993,312188,1,r,1,r,1,r,8,s,25,y,.,.,.,.,pu,.,.,.,.,.,.,.,.,.,y,,,,,,,,,,,,,,,,,,,,,,,,,,,,,,,,,,,,,,,,,,,,,,,,,,,,,,,,,,,,,,,,,,,,,,,,,,,,,,,,,,,,,,,,,
04_03,04,03,f,18,08/11/20,02/09/22,w,n,10.44,10.68,81.0,80.0,34.0,.,34.0,.,w,312188,312189,1,r,1,r,1,r,8,s,25,y,.,.,.,.,pu,.,.,.,.,.,.,.,.,.,y,28,y,.,.,.,.,p,.,.,.,.,.,.,.,.,.,.,,,,,,,,,,,,,,,,,,,,,,,,,,,,,,,,,,,,,,,,,,,,,,,,,,,,,,,,,,,,,,,,,,,,,,,,
04_03,04,03,f,18,08/11/20,02/09/22,w,n,10.44,10.68,81.0,80.0,34.0,.,34.0,.,w,312189,315859,1,r,1,r,1,r,8,s,25,y,.,.,.,.,pu,.,.,.,.,.,.,.,.,.,y,,,,,,,,,,,,,,,,,,,,,,,,,,,,,,,,,,,,,,,,,,,,,,,,,,,,,,,,,,,,,,,,,,,,,,,,,,,,,,,,,,,,,,,,,
04_03,04,03,f,18,08/11/20,02/09/22,w,n,10.44,10.68,81.0,80.0,34.0,.,34.0,.,w,315859,315860,1,r,1,r,1,r,8,s,25,y,.,.,.,.,pu,.,.,.,.,.,.,.,.,.,y,29,y,.,.,.,.,p,.,.,.,.,.,.,.,.,.,.,,,,,,,,,,,,,,,,,,,,,,,,,,,,,,,,,,,,,,,,,,,,,,,,,,,,,,,,,,,,,,,,,,,,,,,,
04_03,04,03,f,18,08/11/20,02/09/22,w,n,10.44,10.68,81.0,80.0,34.0,.,34.0,.,w,315860,328984,1,r,1,r,1,r,8,s,25,y,.,.,.,.,pu,.,.,.,.,.,.,.,.,.,y,,,,,,,,,,,,,,,,,,,,,,,,,,,,,,,,,,,,,,,,,,,,,,,,,,,,,,,,,,,,,,,,,,,,,,,,,,,,,,,,,,,,,,,,,
04_03,04,03,f,18,08/11/20,02/09/22,w,n,10.44,10.68,81.0,80.0,34.0,.,34.0,.,w,328984,328985,1,r,1,r,1,r,8,s,25,y,.,.,.,.,pu,.,.,.,.,.,.,.,.,.,y,30,y,.,.,.,.,p,.,.,.,.,.,.,.,.,.,.,,,,,,,,,,,,,,,,,,,,,,,,,,,,,,,,,,,,,,,,,,,,,,,,,,,,,,,,,,,,,,,,,,,,,,,,
04_03,04,03,f,18,08/11/20,02/09/22,w,n,10.44,10.68,81.0,80.0,34.0,.,34.0,.,w,328985,345474,1,r,1,r,1,r,8,s,25,y,.,.,.,.,pu,.,.,.,.,.,.,.,.,.,y,,,,,,,,,,,,,,,,,,,,,,,,,,,,,,,,,,,,,,,,,,,,,,,,,,,,,,,,,,,,,,,,,,,,,,,,,,,,,,,,,,,,,,,,,
04_03,04,03,f,18,08/11/20,02/09/22,w,n,10.44,10.68,81.0,80.0,34.0,.,34.0,.,w,345474,345475,1,r,1,r,1,r,8,s,25,y,.,.,.,.,pu,.,.,.,.,.,.,.,.,.,y,31,y,.,.,.,.,f,.,.,.,.,.,.,.,.,.,y,,,,,,,,,,,,,,,,,,,,,,,,,,,,,,,,,,,,,,,,,,,,,,,,,,,,,,,,,,,,,,,,,,,,,,,,
04_03,04,03,f,18,08/11/20,02/09/22,w,n,10.44,10.68,81.0,80.0,34.0,.,34.0,.,w,345475,364990,1,r,1,r,1,r,8,s,25,y,.,.,.,.,pu,.,.,.,.,.,.,.,.,.,y,,,,,,,,,,,,,,,,,,,,,,,,,,,,,,,,,,,,,,,,,,,,,,,,,,,,,,,,,,,,,,,,,,,,,,,,,,,,,,,,,,,,,,,,,
04_03,04,03,f,18,08/11/20,02/09/22,w,n,10.44,10.68,81.0,80.0,34.0,.,34.0,.,w,364990,364991,1,r,1,r,1,r,8,s,25,y,.,.,.,.,pu,.,.,.,.,.,.,.,.,.,y,32,y,.,.,.,.,p,.,.,.,.,.,.,.,.,.,.,,,,,,,,,,,,,,,,,,,,,,,,,,,,,,,,,,,,,,,,,,,,,,,,,,,,,,,,,,,,,,,,,,,,,,,,
04_03,04,03,f,18,08/11/20,02/09/22,w,n,10.44,10.68,81.0,80.0,34.0,.,34.0,.,w,364991,366861,1,r,1,r,1,r,8,s,25,y,.,.,.,.,pu,.,.,.,.,.,.,.,.,.,y,,,,,,,,,,,,,,,,,,,,,,,,,,,,,,,,,,,,,,,,,,,,,,,,,,,,,,,,,,,,,,,,,,,,,,,,,,,,,,,,,,,,,,,,,
04_03,04,03,f,18,08/11/20,02/09/22,w,n,10.44,10.68,81.0,80.0,34.0,.,34.0,.,w,366861,370294,1,r,1,r,1,r,,,,,,,,,,,,,,,,,,,,,,,,,,,,,,,,,,,,,,,,,,,,,,,,,,,,,,,,,,,,,,,,,,,,,,,,,,,,,,,,,,,,,,,,,,,,,,,,,,,,,,,,,,,,
04_03,04,03,f,18,08/11/20,02/09/22,w,n,10.44,10.68,81.0,80.0,34.0,.,34.0,.,w,370294,386173,1,r,1,r,1,r,9,m,33,y,.,.,.,.,t,y,.,.,.,.,.,.,.,.,.,,,,,,,,,,,,,,,,,,,,,,,,,,,,,,,,,,,,,,,,,,,,,,,,,,,,,,,,,,,,,,,,,,,,,,,,,,,,,,,,,,,,,,,,,
04_03,04,03,f,18,08/11/20,02/09/22,w,n,10.44,10.68,81.0,80.0,34.0,.,34.0,.,w,386173,389810,1,r,1,r,1,r,,,,,,,,,,,,,,,,,,,,,,,,,,,,,,,,,,,,,,,,,,,,,,,,,,,,,,,,,,,,,,,,,,,,,,,,,,,,,,,,,,,,,,,,,,,,,,,,,,,,,,,,,,,,
04_03,04,03,f,18,08/11/20,02/09/22,w,n,10.44,10.68,81.0,80.0,34.0,.,34.0,.,w,389810,424559,1,r,1,r,1,r,10,s,34,y,.,.,.,.,pu,.,.,.,.,.,.,.,.,.,.,,,,,,,,,,,,,,,,,,,,,,,,,,,,,,,,,,,,,,,,,,,,,,,,,,,,,,,,,,,,,,,,,,,,,,,,,,,,,,,,,,,,,,,,,
04_03,04,03,f,18,08/11/20,02/09/22,w,n,10.44,10.68,81.0,80.0,34.0,.,34.0,.,w,424559,427618,1,r,1,r,1,r,,,,,,,,,,,,,,,,,,,,,,,,,,,,,,,,,,,,,,,,,,,,,,,,,,,,,,,,,,,,,,,,,,,,,,,,,,,,,,,,,,,,,,,,,,,,,,,,,,,,,,,,,,,,
04_03,04,03,f,18,08/11/20,02/09/22,w,n,10.44,10.68,81.0,80.0,34.0,.,34.0,.,w,427618,427924,1,r,1,r,1,r,11,bu,,,,,,,,,,,,,,,,,,,,,,,,,,,,,,,,,,,,,,,,,,,,,,,,,,,,,,,,,,,,,,,,,,,,,,,,,,,,,,,,,,,,,,,,,,,,,,,,,,,,,,,,,,
04_03,04,03,f,18,08/11/20,02/09/22,w,n,10.44,10.68,81.0,80.0,34.0,.,34.0,.,w,427924,427925,1,r,1,r,1,r,11,bu,,,,,,,,,,,,,,,,,,35,y,.,.,.,.,p,.,.,.,.,.,.,.,.,.,.,,,,,,,,,,,,,,,,,,,,,,,,,,,,,,,,,,,,,,,,,,,,,,,,,,,,,,,,,,,,,,,,,,,,,,,,
04_03,04,03,f,18,08/11/20,02/09/22,w,n,10.44,10.68,81.0,80.0,34.0,.,34.0,.,w,427925,430236,1,r,1,r,1,r,11,bu,,,,,,,,,,,,,,,,,,,,,,,,,,,,,,,,,,,,,,,,,,,,,,,,,,,,,,,,,,,,,,,,,,,,,,,,,,,,,,,,,,,,,,,,,,,,,,,,,,,,,,,,,,
04_03,04,03,f,18,08/11/20,02/09/22,w,n,10.44,10.68,81.0,80.0,34.0,.,34.0,.,w,430236,430237,1,r,1,r,1,r,11,bu,,,,,,,,,,,,,,,,,,36,y,.,.,.,.,d,.,.,.,.,.,.,.,.,.,.,,,,,,,,,,,,,,,,,,,,,,,,,,,,,,,,,,,,,,,,,,,,,,,,,,,,,,,,,,,,,,,,,,,,,,,,
04_03,04,03,f,18,08/11/20,02/09/22,w,n,10.44,10.68,81.0,80.0,34.0,.,34.0,.,w,430237,431970,1,r,1,r,1,r,11,bu,,,,,,,,,,,,,,,,,,,,,,,,,,,,,,,,,,,,,,,,,,,,,,,,,,,,,,,,,,,,,,,,,,,,,,,,,,,,,,,,,,,,,,,,,,,,,,,,,,,,,,,,,,
04_03,04,03,f,18,08/11/20,02/09/22,w,n,10.44,10.68,81.0,80.0,34.0,.,34.0,.,w,431970,431971,1,r,1,r,1,r,11,bu,,,,,,,,,,,,,,,,,,37,y,.,.,.,.,o,.,.,.,y,.,.,.,.,.,.,,,,,,,,,,,,,,,,,,,,,,,,,,,,,,,,,,,,,,,,,,,,,,,,,,,,,,,,,,,,,,,,,,,,,,,,
04_03,04,03,f,18,08/11/20,02/09/22,w,n,10.44,10.68,81.0,80.0,34.0,.,34.0,.,w,431971,433262,1,r,1,r,1,r,11,bu,,,,,,,,,,,,,,,,,,,,,,,,,,,,,,,,,,,,,,,,,,,,,,,,,,,,,,,,,,,,,,,,,,,,,,,,,,,,,,,,,,,,,,,,,,,,,,,,,,,,,,,,,,
04_03,04,03,f,18,08/11/20,02/09/22,w,n,10.44,10.68,81.0,80.0,34.0,.,34.0,.,w,433262,433263,1,r,1,r,1,r,11,bu,,,,,,,,,,,,,,,,,,38,y,.,.,.,.,d,.,.,.,.,.,.,.,.,.,.,,,,,,,,,,,,,,,,,,,,,,,,,,,,,,,,,,,,,,,,,,,,,,,,,,,,,,,,,,,,,,,,,,,,,,,,
04_03,04,03,f,18,08/11/20,02/09/22,w,n,10.44,10.68,81.0,80.0,34.0,.,34.0,.,w,433263,437342,1,r,1,r,1,r,11,bu,,,,,,,,,,,,,,,,,,,,,,,,,,,,,,,,,,,,,,,,,,,,,,,,,,,,,,,,,,,,,,,,,,,,,,,,,,,,,,,,,,,,,,,,,,,,,,,,,,,,,,,,,,
04_03,04,03,f,18,08/11/20,02/09/22,w,n,10.44,10.68,81.0,80.0,34.0,.,34.0,.,w,437342,437343,1,r,1,r,1,r,11,bu,,,,,,,,,,,,,,,,,,39,y,.,.,.,.,o,.,.,.,y,.,.,.,.,.,.,,,,,,,,,,,,,,,,,,,,,,,,,,,,,,,,,,,,,,,,,,,,,,,,,,,,,,,,,,,,,,,,,,,,,,,,
04_03,04,03,f,18,08/11/20,02/09/22,w,n,10.44,10.68,81.0,80.0,34.0,.,34.0,.,w,437343,438872,1,r,1,r,1,r,11,bu,,,,,,,,,,,,,,,,,,,,,,,,,,,,,,,,,,,,,,,,,,,,,,,,,,,,,,,,,,,,,,,,,,,,,,,,,,,,,,,,,,,,,,,,,,,,,,,,,,,,,,,,,,
04_03,04,03,f,18,08/11/20,02/09/22,w,n,10.44,10.68,81.0,80.0,34.0,.,34.0,.,w,438872,438873,1,r,1,r,1,r,11,bu,,,,,,,,,,,,,,,,,,40,y,.,.,.,.,d,.,.,.,.,.,.,.,.,.,.,,,,,,,,,,,,,,,,,,,,,,,,,,,,,,,,,,,,,,,,,,,,,,,,,,,,,,,,,,,,,,,,,,,,,,,,
04_03,04,03,f,18,08/11/20,02/09/22,w,n,10.44,10.68,81.0,80.0,34.0,.,34.0,.,w,438873,440504,1,r,1,r,1,r,11,bu,,,,,,,,,,,,,,,,,,,,,,,,,,,,,,,,,,,,,,,,,,,,,,,,,,,,,,,,,,,,,,,,,,,,,,,,,,,,,,,,,,,,,,,,,,,,,,,,,,,,,,,,,,
04_03,04,03,f,18,08/11/20,02/09/22,w,n,10.44,10.68,81.0,80.0,34.0,.,34.0,.,w,440504,440505,1,r,1,r,1,r,11,bu,,,,,,,,,,,,,,,,,,41,y,.,.,.,.,o,.,.,.,y,.,.,.,.,.,.,,,,,,,,,,,,,,,,,,,,,,,,,,,,,,,,,,,,,,,,,,,,,,,,,,,,,,,,,,,,,,,,,,,,,,,,
04_03,04,03,f,18,08/11/20,02/09/22,w,n,10.44,10.68,81.0,80.0,34.0,.,34.0,.,w,440505,440878,1,r,1,r,1,r,11,bu,,,,,,,,,,,,,,,,,,,,,,,,,,,,,,,,,,,,,,,,,,,,,,,,,,,,,,,,,,,,,,,,,,,,,,,,,,,,,,,,,,,,,,,,,,,,,,,,,,,,,,,,,,
04_03,04,03,f,18,08/11/20,02/09/22,w,n,10.44,10.68,81.0,80.0,34.0,.,34.0,.,w,440878,440879,1,r,1,r,1,r,11,bu,,,,,,,,,,,,,,,,,,42,y,.,.,.,.,d,.,.,.,.,.,.,.,.,.,.,,,,,,,,,,,,,,,,,,,,,,,,,,,,,,,,,,,,,,,,,,,,,,,,,,,,,,,,,,,,,,,,,,,,,,,,
04_03,04,03,f,18,08/11/20,02/09/22,w,n,10.44,10.68,81.0,80.0,34.0,.,34.0,.,w,440879,445162,1,r,1,r,1,r,11,bu,,,,,,,,,,,,,,,,,,,,,,,,,,,,,,,,,,,,,,,,,,,,,,,,,,,,,,,,,,,,,,,,,,,,,,,,,,,,,,,,,,,,,,,,,,,,,,,,,,,,,,,,,,
04_03,04,03,f,18,08/11/20,02/09/22,w,n,10.44,10.68,81.0,80.0,34.0,.,34.0,.,w,445162,445163,1,r,1,r,1,r,11,bu,,,,,,,,,,,,,,,,,,43,y,.,.,.,.,o,.,.,.,y,.,.,.,.,.,.,,,,,,,,,,,,,,,,,,,,,,,,,,,,,,,,,,,,,,,,,,,,,,,,,,,,,,,,,,,,,,,,,,,,,,,,
04_03,04,03,f,18,08/11/20,02/09/22,w,n,10.44,10.68,81.0,80.0,34.0,.,34.0,.,w,445163,446148,1,r,1,r,1,r,11,bu,,,,,,,,,,,,,,,,,,,,,,,,,,,,,,,,,,,,,,,,,,,,,,,,,,,,,,,,,,,,,,,,,,,,,,,,,,,,,,,,,,,,,,,,,,,,,,,,,,,,,,,,,,
04_03,04,03,f,18,08/11/20,02/09/22,w,n,10.44,10.68,81.0,80.0,34.0,.,34.0,.,w,446148,446149,1,r,1,r,1,r,11,bu,,,,,,,,,,,,,,,,,,44,y,.,.,.,.,d,.,.,.,.,.,.,.,.,.,.,,,,,,,,,,,,,,,,,,,,,,,,,,,,,,,,,,,,,,,,,,,,,,,,,,,,,,,,,,,,,,,,,,,,,,,,
04_03,04,03,f,18,08/11/20,02/09/22,w,n,10.44,10.68,81.0,80.0,34.0,.,34.0,.,w,446149,447678,1,r,1,r,1,r,11,bu,,,,,,,,,,,,,,,,,,,,,,,,,,,,,,,,,,,,,,,,,,,,,,,,,,,,,,,,,,,,,,,,,,,,,,,,,,,,,,,,,,,,,,,,,,,,,,,,,,,,,,,,,,
04_03,04,03,f,18,08/11/20,02/09/22,w,n,10.44,10.68,81.0,80.0,34.0,.,34.0,.,w,447678,447679,1,r,1,r,1,r,11,bu,,,,,,,,,,,,,,,,,,45,y,.,.,.,.,o,.,.,.,y,.,.,.,.,.,.,,,,,,,,,,,,,,,,,,,,,,,,,,,,,,,,,,,,,,,,,,,,,,,,,,,,,,,,,,,,,,,,,,,,,,,,
04_03,04,03,f,18,08/11/20,02/09/22,w,n,10.44,10.68,81.0,80.0,34.0,.,34.0,.,w,447679,448392,1,r,1,r,1,r,11,bu,,,,,,,,,,,,,,,,,,,,,,,,,,,,,,,,,,,,,,,,,,,,,,,,,,,,,,,,,,,,,,,,,,,,,,,,,,,,,,,,,,,,,,,,,,,,,,,,,,,,,,,,,,
04_03,04,03,f,18,08/11/20,02/09/22,w,n,10.44,10.68,81.0,80.0,34.0,.,34.0,.,w,448392,448393,1,r,1,r,1,r,11,bu,,,,,,,,,,,,,,,,,,46,y,.,.,.,.,d,.,.,.,.,.,.,.,.,.,.,,,,,,,,,,,,,,,,,,,,,,,,,,,,,,,,,,,,,,,,,,,,,,,,,,,,,,,,,,,,,,,,,,,,,,,,
04_03,04,03,f,18,08/11/20,02/09/22,w,n,10.44,10.68,81.0,80.0,34.0,.,34.0,.,w,448393,450466,1,r,1,r,1,r,11,bu,,,,,,,,,,,,,,,,,,,,,,,,,,,,,,,,,,,,,,,,,,,,,,,,,,,,,,,,,,,,,,,,,,,,,,,,,,,,,,,,,,,,,,,,,,,,,,,,,,,,,,,,,,
04_03,04,03,f,18,08/11/20,02/09/22,w,n,10.44,10.68,81.0,80.0,34.0,.,34.0,.,w,450466,450467,1,r,1,r,1,r,11,bu,,,,,,,,,,,,,,,,,,47,y,.,.,.,.,p,.,.,.,.,.,.,.,.,.,.,,,,,,,,,,,,,,,,,,,,,,,,,,,,,,,,,,,,,,,,,,,,,,,,,,,,,,,,,,,,,,,,,,,,,,,,
04_03,04,03,f,18,08/11/20,02/09/22,w,n,10.44,10.68,81.0,80.0,34.0,.,34.0,.,w,450467,455600,1,r,1,r,1,r,11,bu,,,,,,,,,,,,,,,,,,,,,,,,,,,,,,,,,,,,,,,,,,,,,,,,,,,,,,,,,,,,,,,,,,,,,,,,,,,,,,,,,,,,,,,,,,,,,,,,,,,,,,,,,,
04_03,04,03,f,18,08/11/20,02/09/22,w,n,10.44,10.68,81.0,80.0,34.0,.,34.0,.,w,455600,455601,1,r,1,r,1,r,11,bu,,,,,,,,,,,,,,,,,,48,y,.,.,.,.,d,.,.,.,.,.,.,.,.,.,.,,,,,,,,,,,,,,,,,,,,,,,,,,,,,,,,,,,,,,,,,,,,,,,,,,,,,,,,,,,,,,,,,,,,,,,,
04_03,04,03,f,18,08/11/20,02/09/22,w,n,10.44,10.68,81.0,80.0,34.0,.,34.0,.,w,455601,458150,1,r,1,r,1,r,,,,,,,,,,,,,,,,,,,,,,,,,,,,,,,,,,,,,,,,,,,,,,,,,,,,,,,,,,,,,,,,,,,,,,,,,,,,,,,,,,,,,,,,,,,,,,,,,,,,,,,,,,,,
04_03,04,03,f,18,08/11/20,02/09/22,w,n,10.44,10.68,81.0,80.0,34.0,.,34.0,.,w,458150,463114,1,r,1,r,1,r,12,s,49,y,.,.,.,.,pu,.,.,.,.,.,.,.,.,.,.,,,,,,,,,,,,,,,,,,,,,,,,,,,,,,,,,,,,,,,,,,,,,,,,,,,,,,,,,,,,,,,,,,,,,,,,,,,,,,,,,,,,,,,,,
04_03,04,03,f,18,08/11/20,02/09/22,w,n,10.44,10.68,81.0,80.0,34.0,.,34.0,.,w,463114,463115,1,r,1,r,1,r,12,s,49,y,.,.,.,.,pu,.,.,.,.,.,.,.,.,.,.,50,y,.,.,.,.,p,.,.,.,.,.,.,.,.,.,.,,,,,,,,,,,,,,,,,,,,,,,,,,,,,,,,,,,,,,,,,,,,,,,,,,,,,,,,,,,,,,,,,,,,,,,,
04_03,04,03,f,18,08/11/20,02/09/22,w,n,10.44,10.68,81.0,80.0,34.0,.,34.0,.,w,463115,466650,1,r,1,r,1,r,12,s,49,y,.,.,.,.,pu,.,.,.,.,.,.,.,.,.,.,,,,,,,,,,,,,,,,,,,,,,,,,,,,,,,,,,,,,,,,,,,,,,,,,,,,,,,,,,,,,,,,,,,,,,,,,,,,,,,,,,,,,,,,,
04_03,04,03,f,18,08/11/20,02/09/22,w,n,10.44,10.68,81.0,80.0,34.0,.,34.0,.,w,466650,466651,1,r,1,r,1,r,12,s,49,y,.,.,.,.,pu,.,.,.,.,.,.,.,.,.,.,51,y,.,.,.,.,p,.,.,.,.,.,.,.,.,.,.,,,,,,,,,,,,,,,,,,,,,,,,,,,,,,,,,,,,,,,,,,,,,,,,,,,,,,,,,,,,,,,,,,,,,,,,
04_03,04,03,f,18,08/11/20,02/09/22,w,n,10.44,10.68,81.0,80.0,34.0,.,34.0,.,w,466651,472192,1,r,1,r,1,r,12,s,49,y,.,.,.,.,pu,.,.,.,.,.,.,.,.,.,.,,,,,,,,,,,,,,,,,,,,,,,,,,,,,,,,,,,,,,,,,,,,,,,,,,,,,,,,,,,,,,,,,,,,,,,,,,,,,,,,,,,,,,,,,
04_03,04,03,f,18,08/11/20,02/09/22,w,n,10.44,10.68,81.0,80.0,34.0,.,34.0,.,w,472192,474709,1,r,1,r,1,r,12,s,49,y,.,.,.,.,pu,.,.,.,.,.,.,.,.,.,.,,,,,,,,,,,,,,,,,,,,,,,,,,,,,,,,,,,,,,,,,,,,,,,,,,,,,,,,,,,,,,,,,,,,,,,,,,,,,,,,,,,,,,,,,
04_03,04,03,f,18,08/11/20,02/09/22,w,n,10.44,10.68,81.0,80.0,34.0,.,34.0,.,w,474709,480863,1,r,1,r,1,r,12,s,49,y,.,.,.,.,pu,.,.,.,.,.,.,.,.,.,.,,,,,,,,,,,,,,,,,,,,,,,,,,,,,,,,,,,,,,,,,,,,,,,,,,,,,,,,,,,,,,,,,,,,,,,,,,,,,,,,,,,,,,,,,
04_03,04,03,f,18,08/11/20,02/09/22,w,n,10.44,10.68,81.0,80.0,34.0,.,34.0,.,w,480863,485350,1,r,1,r,1,r,,,,,,,,,,,,,,,,,,,,,,,,,,,,,,,,,,,,,,,,,,,,,,,,,,,,,,,,,,,,,,,,,,,,,,,,,,,,,,,,,,,,,,,,,,,,,,,,,,,,,,,,,,,,
04_03,04,03,f,18,08/11/20,02/09/22,w,n,10.44,10.68,81.0,80.0,34.0,.,34.0,.,w,485350,508131,1,r,1,r,1,r,13,m,53,y,.,.,.,.,t,y,.,.,.,.,.,.,.,.,.,,,,,,,,,,,,,,,,,,,,,,,,,,,,,,,,,,,,,,,,,,,,,,,,,,,,,,,,,,,,,,,,,,,,,,,,,,,,,,,,,,,,,,,,,
04_03,04,03,f,18,08/11/20,02/09/22,w,n,10.44,10.68,81.0,80.0,34.0,.,34.0,.,w,508131,512380,1,r,1,r,1,r,,,,,,,,,,,,,,,,,,,,,,,,,,,,,,,,,,,,,,,,,,,,,,,,,,,,,,,,,,,,,,,,,,,,,,,,,,,,,,,,,,,,,,,,,,,,,,,,,,,,,,,,,,,,
04_03,04,03,f,18,08/11/20,02/09/22,w,n,10.44,10.68,81.0,80.0,34.0,.,34.0,.,w,512380,519384,1,r,1,r,1,r,14,s,54,y,.,.,.,.,pu,.,.,.,.,.,.,.,.,.,.,,,,,,,,,,,,,,,,,,,,,,,,,,,,,,,,,,,,,,,,,,,,,,,,,,,,,,,,,,,,,,,,,,,,,,,,,,,,,,,,,,,,,,,,,
04_03,04,03,f,18,08/11/20,02/09/22,w,n,10.44,10.68,81.0,80.0,34.0,.,34.0,.,w,519384,519385,1,r,1,r,1,r,14,s,54,y,.,.,.,.,pu,.,.,.,.,.,.,.,.,.,.,55,y,.,.,.,.,p,.,.,.,.,.,.,.,.,.,.,,,,,,,,,,,,,,,,,,,,,,,,,,,,,,,,,,,,,,,,,,,,,,,,,,,,,,,,,,,,,,,,,,,,,,,,
04_03,04,03,f,18,08/11/20,02/09/22,w,n,10.44,10.68,81.0,80.0,34.0,.,34.0,.,w,519385,522512,1,r,1,r,1,r,14,s,54,y,.,.,.,.,pu,.,.,.,.,.,.,.,.,.,.,,,,,,,,,,,,,,,,,,,,,,,,,,,,,,,,,,,,,,,,,,,,,,,,,,,,,,,,,,,,,,,,,,,,,,,,,,,,,,,,,,,,,,,,,
04_03,04,03,f,18,08/11/20,02/09/22,w,n,10.44,10.68,81.0,80.0,34.0,.,34.0,.,w,522512,523601,1,r,1,r,1,r,14,s,54,y,.,.,.,.,pu,.,.,.,.,.,.,.,.,.,.,,,,,,,,,,,,,,,,,,,,,,,,,,,,,,,,,,,,,,,,,,,,,,,,,,,,,,,,,,,,,,,,,,,,,,,,,,,,,,,,,,,,,,,,,
04_03,04,03,f,18,08/11/20,02/09/22,w,n,10.44,10.68,81.0,80.0,34.0,.,34.0,.,w,523601,546449,1,r,1,r,1,r,14,s,54,y,.,.,.,.,pu,.,.,.,.,.,.,.,.,.,.,,,,,,,,,,,,,,,,,,,,,,,,,,,,,,,,,,,,,,,,,,,,,,,,,,,,,,,,,,,,,,,,,,,,,,,,,,,,,,,,,,,,,,,,,
04_03,04,03,f,18,08/11/20,02/09/22,w,n,10.44,10.68,81.0,80.0,34.0,.,34.0,.,w,546449,549168,1,r,1,r,1,r,,,,,,,,,,,,,,,,,,,,,,,,,,,,,,,,,,,,,,,,,,,,,,,,,,,,,,,,,,,,,,,,,,,,,,,,,,,,,,,,,,,,,,,,,,,,,,,,,,,,,,,,,,,,
04_03,04,03,f,18,08/11/20,02/09/22,w,n,10.44,10.68,81.0,80.0,34.0,.,34.0,.,w,549168,558823,1,r,1,r,1,r,15,m,57,y,.,.,.,.,t,y,.,.,.,.,.,.,.,.,.,,,,,,,,,,,,,,,,,,,,,,,,,,,,,,,,,,,,,,,,,,,,,,,,,,,,,,,,,,,,,,,,,,,,,,,,,,,,,,,,,,,,,,,,,
04_03,04,03,f,18,08/11/20,02/09/22,w,n,10.44,10.68,81.0,80.0,34.0,.,34.0,.,w,558823,560559,1,r,1,r,1,r,15,m,58,y,.,.,.,.,pu,.,.,.,.,.,.,.,.,.,.,,,,,,,,,,,,,,,,,,,,,,,,,,,,,,,,,,,,,,,,,,,,,,,,,,,,,,,,,,,,,,,,,,,,,,,,,,,,,,,,,,,,,,,,,
04_03,04,03,f,18,08/11/20,02/09/22,w,n,10.44,10.68,81.0,80.0,34.0,.,34.0,.,w,560559,563550,1,r,1,r,1,r,,,,,,,,,,,,,,,,,,,,,,,,,,,,,,,,,,,,,,,,,,,,,,,,,,,,,,,,,,,,,,,,,,,,,,,,,,,,,,,,,,,,,,,,,,,,,,,,,,,,,,,,,,,,
04_03,04,03,f,18,08/11/20,02/09/22,w,n,10.44,10.68,81.0,80.0,34.0,.,34.0,.,w,563550,595476,1,r,1,r,1,r,16,s,59,y,.,.,.,.,pu,.,.,.,.,.,.,.,.,.,.,,,,,,,,,,,,,,,,,,,,,,,,,,,,,,,,,,,,,,,,,,,,,,,,,,,,,,,,,,,,,,,,,,,,,,,,,,,,,,,,,,,,,,,,,
04_03,04,03,f,18,08/11/20,02/09/22,w,n,10.44,10.68,81.0,80.0,34.0,.,34.0,.,w,595476,595477,1,r,1,r,1,r,16,s,59,y,.,.,.,.,pu,.,.,.,.,.,.,.,.,.,.,60,y,.,.,.,.,p,.,.,.,.,.,.,.,.,.,.,,,,,,,,,,,,,,,,,,,,,,,,,,,,,,,,,,,,,,,,,,,,,,,,,,,,,,,,,,,,,,,,,,,,,,,,
04_03,04,03,f,18,08/11/20,02/09/22,w,n,10.44,10.68,81.0,80.0,34.0,.,34.0,.,w,595477,624002,1,r,1,r,1,r,16,s,59,y,.,.,.,.,pu,.,.,.,.,.,.,.,.,.,.,,,,,,,,,,,,,,,,,,,,,,,,,,,,,,,,,,,,,,,,,,,,,,,,,,,,,,,,,,,,,,,,,,,,,,,,,,,,,,,,,,,,,,,,,
04_03,04,03,f,18,08/11/20,02/09/22,w,n,10.44,10.68,81.0,80.0,34.0,.,34.0,.,w,624002,624003,1,r,1,r,1,r,16,s,59,y,.,.,.,.,pu,.,.,.,.,.,.,.,.,.,.,61,y,.,.,.,.,p,.,.,.,.,.,.,.,.,.,.,,,,,,,,,,,,,,,,,,,,,,,,,,,,,,,,,,,,,,,,,,,,,,,,,,,,,,,,,,,,,,,,,,,,,,,,
04_03,04,03,f,18,08/11/20,02/09/22,w,n,10.44,10.68,81.0,80.0,34.0,.,34.0,.,w,624003,642601,1,r,1,r,1,r,16,s,59,y,.,.,.,.,pu,.,.,.,.,.,.,.,.,.,.,,,,,,,,,,,,,,,,,,,,,,,,,,,,,,,,,,,,,,,,,,,,,,,,,,,,,,,,,,,,,,,,,,,,,,,,,,,,,,,,,,,,,,,,,
04_03,04,03,f,18,08/11/20,02/09/22,w,n,10.44,10.68,81.0,80.0,34.0,.,34.0,.,w,642601,645286,1,r,1,r,1,r,,,,,,,,,,,,,,,,,,,,,,,,,,,,,,,,,,,,,,,,,,,,,,,,,,,,,,,,,,,,,,,,,,,,,,,,,,,,,,,,,,,,,,,,,,,,,,,,,,,,,,,,,,,,
04_03,04,03,f,18,08/11/20,02/09/22,w,n,10.44,10.68,81.0,80.0,34.0,.,34.0,.,w,645286,649706,1,r,1,r,1,r,17,m,62,y,.,.,.,.,t,y,.,.,.,.,.,.,.,.,.,,,,,,,,,,,,,,,,,,,,,,,,,,,,,,,,,,,,,,,,,,,,,,,,,,,,,,,,,,,,,,,,,,,,,,,,,,,,,,,,,,,,,,,,,
04_03,04,03,f,18,08/11/20,02/09/22,w,n,10.44,10.68,81.0,80.0,34.0,.,34.0,.,w,649706,657559,1,r,1,r,1,r,17,m,63,y,.,.,.,.,pu,.,.,.,.,.,.,.,.,.,.,,,,,,,,,,,,,,,,,,,,,,,,,,,,,,,,,,,,,,,,,,,,,,,,,,,,,,,,,,,,,,,,,,,,,,,,,,,,,,,,,,,,,,,,,
04_03,04,03,f,18,08/11/20,02/09/22,w,n,10.44,10.68,81.0,80.0,34.0,.,34.0,.,w,657559,657560,1,r,1,r,1,r,17,m,,,,,,,,,,,,,,,,,,64,y,.,.,.,.,p,.,.,.,.,.,.,.,.,.,.,,,,,,,,,,,,,,,,,,,,,,,,,,,,,,,,,,,,,,,,,,,,,,,,,,,,,,,,,,,,,,,,,,,,,,,,
04_03,04,03,f,18,08/11/20,02/09/22,w,n,10.44,10.68,81.0,80.0,34.0,.,34.0,.,w,657560,669052,1,r,1,r,1,r,17,m,,,,,,,,,,,,,,,,,,,,,,,,,,,,,,,,,,,,,,,,,,,,,,,,,,,,,,,,,,,,,,,,,,,,,,,,,,,,,,,,,,,,,,,,,,,,,,,,,,,,,,,,,,
04_03,04,03,f,18,08/11/20,02/09/22,w,n,10.44,10.68,81.0,80.0,34.0,.,34.0,.,w,669052,669053,1,r,1,r,1,r,17,m,,,,,,,,,,,,,,,,,,65,y,.,.,.,.,d,.,.,.,.,.,.,.,.,.,.,,,,,,,,,,,,,,,,,,,,,,,,,,,,,,,,,,,,,,,,,,,,,,,,,,,,,,,,,,,,,,,,,,,,,,,,
04_03,04,03,f,18,08/11/20,02/09/22,w,n,10.44,10.68,81.0,80.0,34.0,.,34.0,.,w,669053,671364,1,r,1,r,1,r,17,m,66,y,.,.,.,.,t,y,.,.,.,.,.,.,.,.,.,,,,,,,,,,,,,,,,,,,,,,,,,,,,,,,,,,,,,,,,,,,,,,,,,,,,,,,,,,,,,,,,,,,,,,,,,,,,,,,,,,,,,,,,,
04_03,04,03,f,18,08/11/20,02/09/22,w,n,10.44,10.68,81.0,80.0,34.0,.,34.0,.,w,671364,671365,1,r,1,r,1,r,17,m,,,,,,,,,,,,,,,,,,67,y,.,.,.,.,p,.,.,.,.,.,.,.,.,.,.,,,,,,,,,,,,,,,,,,,,,,,,,,,,,,,,,,,,,,,,,,,,,,,,,,,,,,,,,,,,,,,,,,,,,,,,
04_03,04,03,f,18,08/11/20,02/09/22,w,n,10.44,10.68,81.0,80.0,34.0,.,34.0,.,w,671365,679422,1,r,1,r,1,r,17,m,,,,,,,,,,,,,,,,,,,,,,,,,,,,,,,,,,,,,,,,,,,,,,,,,,,,,,,,,,,,,,,,,,,,,,,,,,,,,,,,,,,,,,,,,,,,,,,,,,,,,,,,,,
04_03,04,03,f,18,08/11/20,02/09/22,w,n,10.44,10.68,81.0,80.0,34.0,.,34.0,.,w,679422,679423,1,r,1,r,1,r,17,m,,,,,,,,,,,,,,,,,,68,y,.,.,.,.,d,.,.,.,.,.,.,.,.,.,.,,,,,,,,,,,,,,,,,,,,,,,,,,,,,,,,,,,,,,,,,,,,,,,,,,,,,,,,,,,,,,,,,,,,,,,,
04_03,04,03,f,18,08/11/20,02/09/22,w,n,10.44,10.68,81.0,80.0,34.0,.,34.0,.,w,679423,688568,1,r,1,r,1,r,17,m,69,y,.,.,.,.,t,y,.,.,.,.,.,.,.,.,.,,,,,,,,,,,,,,,,,,,,,,,,,,,,,,,,,,,,,,,,,,,,,,,,,,,,,,,,,,,,,,,,,,,,,,,,,,,,,,,,,,,,,,,,,
04_03,04,03,f,18,08/11/20,02/09/22,w,n,10.44,10.68,81.0,80.0,34.0,.,34.0,.,w,688568,688569,1,r,1,r,1,r,17,m,,,,,,,,,,,,,,,,,,70,y,.,.,.,.,p,.,.,.,.,.,.,.,.,.,.,,,,,,,,,,,,,,,,,,,,,,,,,,,,,,,,,,,,,,,,,,,,,,,,,,,,,,,,,,,,,,,,,,,,,,,,
04_03,04,03,f,18,08/11/20,02/09/22,w,n,10.44,10.68,81.0,80.0,34.0,.,34.0,.,w,688569,693940,1,r,1,r,1,r,17,m,,,,,,,,,,,,,,,,,,,,,,,,,,,,,,,,,,,,,,,,,,,,,,,,,,,,,,,,,,,,,,,,,,,,,,,,,,,,,,,,,,,,,,,,,,,,,,,,,,,,,,,,,,
04_03,04,03,f,18,08/11/20,02/09/22,w,n,10.44,10.68,81.0,80.0,34.0,.,34.0,.,w,693940,693941,1,r,1,r,1,r,17,m,,,,,,,,,,,,,,,,,,71,y,.,.,.,.,d,.,.,.,.,.,.,.,.,.,.,,,,,,,,,,,,,,,,,,,,,,,,,,,,,,,,,,,,,,,,,,,,,,,,,,,,,,,,,,,,,,,,,,,,,,,,
04_03,04,03,f,18,08/11/20,02/09/22,w,n,10.44,10.68,81.0,80.0,34.0,.,34.0,.,w,693941,695028,1,r,1,r,1,r,17,m,,,,,,,,,,,,,,,,,,,,,,,,,,,,,,,,,,,,,,,,,,,,,,,,,,,,,,,,,,,,,,,,,,,,,,,,,,,,,,,,,,,,,,,,,,,,,,,,,,,,,,,,,,
04_03,04,03,f,18,08/11/20,02/09/22,w,n,10.44,10.68,81.0,80.0,34.0,.,34.0,.,w,695028,696865,1,r,1,r,1,r,17,m,,,,,,,,,,,,,,,,,,,,,,,,,,,,,,,,,,,1,y,,,,,,,,,,,,,,,,,,,,,,,,,,,,,,,,,,,,,,,,,,,,,,,,,,,,,,,,,,,,,,,,,,,,,,
04_03,04,03,f,18,08/11/20,02/09/22,w,n,10.44,10.68,81.0,80.0,34.0,.,34.0,.,w,696865,700945,1,r,1,r,1,r,17,m,,,,,,,,,,,,,,,,,,,,,,,,,,,,,,,,,,,,,,,,,,,,,,,,,,,,,,,,,,,,,,,,,,,,,,,,,,,,,,,,,,,,,,,,,,,,,,,,,,,,,,,,,,
04_03,04,03,f,18,08/11/20,02/09/22,w,n,10.44,10.68,81.0,80.0,34.0,.,34.0,.,w,700945,703358,1,r,1,r,1,r,,,,,,,,,,,,,,,,,,,,,,,,,,,,,,,,,,,,,,,,,,,,,,,,,,,,,,,,,,,,,,,,,,,,,,,,,,,,,,,,,,,,,,,,,,,,,,,,,,,,,,,,,,,,
04_03,04,03,f,18,08/11/20,02/09/22,w,n,10.44,10.68,81.0,80.0,34.0,.,34.0,.,w,703358,716482,1,r,1,r,1,r,18,s,72,y,.,.,.,.,pu,.,.,.,.,.,.,.,.,.,.,,,,,,,,,,,,,,,,,,,,,,,,,,,,,,,,,,,,,,,,,,,,,,,,,,,,,,,,,,,,,,,,,,,,,,,,,,,,,,,,,,,,,,,,,
04_03,04,03,f,18,08/11/20,02/09/22,w,n,10.44,10.68,81.0,80.0,34.0,.,34.0,.,w,716482,716483,,,,,,,18,s,72,y,.,.,.,.,pu,.,.,.,.,.,.,.,.,.,.,,,,,,,,,,,,,,,,,,,,,,,,,,,,,,,,,,,,,,,,,,,,,,,,,,,,,,,,,,,,,,,,,,,,,,,,,,,,,,,,,,,,,,,,,
04_03,04,03,f,18,08/11/20,02/09/22,w,n,10.44,10.68,81.0,80.0,34.0,.,34.0,.,w,716483,774214,,,,,,,,,,,,,,,,,,,,,,,,,,,,,,,,,,,,,,,,,,,,,,,,,,,,,,,,,,,,,,,,,,,,,,,,,,,,,,,,,,,,,,,,,,,,,,,,,,,,,,,,,,,,,,,,,,
04_03,04,03,f,18,08/11/20,02/09/22,w,n,10.44,10.68,81.0,80.0,34.0,.,34.0,.,w,774214,1411612,2,p,2,p,2,p,,,,,,,,,,,,,,,,,,,,,,,,,,,,,,,,,,,,,,,,,,,,,,,,,,,,,,,,,,,,,,,,,,,,,,,,,,,,,,,,,,,,,,,,,,,,,,,,,,,,,,,,,,,,
04_03,04,03,f,18,08/11/20,02/09/22,w,n,10.44,10.68,81.0,80.0,34.0,.,34.0,.,w,1411612,1669536,,,,,,,,,,,,,,,,,,,,,,,,,,,,,,,,,,,,,,,,,,,,,,,,,,,,,,,,,,,,,,,,,,,,,,,,,,,,,,,,,,,,,,,,,,,,,,,,,,,,,,,,,,,,,,,,,,
04_03,04,03,f,18,08/11/20,02/09/22,w,n,10.44,10.68,81.0,80.0,34.0,.,34.0,.,w,1669536,1924709,3,b,,,,,,,,,,,,,,,,,,,,,,,,,,,,,,,,,,,,,,,,,,,,,,,,,,,,,,,,,,,,,,,,,,,,,,,,,,,,,,,,,,,,,,,,,,,,,,,,,,,,,,,,,,,,,,,,
04_03,04,03,f,18,08/11/20,02/09/22,w,n,10.44,10.68,81.0,80.0,34.0,.,34.0,.,w,1924709,2730982,,,,,,,,,,,,,,,,,,,,,,,,,,,,,,,,,,,,,,,,,,,,,,,,,,,,,,,,,,,,,,,,,,,,,,,,,,,,,,,,,,,,,,,,,,,,,,,,,,,,,,,,,,,,,,,,,,
04_03,04,03,f,18,08/11/20,02/09/22,w,n,10.44,10.68,81.0,80.0,34.0,.,34.0,.,w,2730982,2894386,4,m,,,,,,,,,,,,,,,,,,,,,,,,,,,,,,,,,,,,,,,,,,,,,,,,,,,,,,,,,,,,,,,,,,,,,,,,,,,,,,,,,,,,,,,,,,,,,,,,,,,,,,,,,,,,,,,,
05_03,05,03,m,16,01/06/21,05/04/22,a,n,.,.,.,.,.,.,.,.,w,117844,128486,1,r,1,r,1,r,,,,,,,,,,,,,,,,,,,,,,,,,,,,,,,,,,,,,,,,,,,,,,,,,,,,,,,,,,,,,,,,,,,,,,,,,,,,,,,,,,,,,,,,,,,,,,,,,,,,,,,,,,,,
05_03,05,03,m,16,01/06/21,05/04/22,a,n,.,.,.,.,.,.,.,.,w,128486,150179,1,r,1,r,1,r,1,a,1,y,.,.,.,.,t,y,.,.,.,.,.,.,.,.,.,,,,,,,,,,,,,,,,,,,,,,,,,,,,,,,,,,,,,,,,,,,,,,,,,,,,,,,,,,,,,,,,,,,,,,,,,,,,,,,,,,,,,,,,,
05_03,05,03,m,16,01/06/21,05/04/22,a,n,.,.,.,.,.,.,.,.,w,150179,150247,1,r,1,r,1,r,1,a,,,,,,,,,,,,,,,,,,,,,,,,,,,,,,,,,,,,,,,,,,,,,,,,,,,,,,,,,,,,,,,,,,,,,,,,,,,,,,,,,,,,,,,,,,,,,,,,,,,,,,,,,,
05_03,05,03,m,16,01/06/21,05/04/22,a,n,.,.,.,.,.,.,.,.,w,150247,155244,1,r,1,r,1,r,,,,,,,,,,,,,,,,,,,,,,,,,,,,,,,,,,,,,,,,,,,,,,,,,,,,,,,,,,,,,,,,,,,,,,,,,,,,,,,,,,,,,,,,,,,,,,,,,,,,,,,,,,,,
05_03,05,03,m,16,01/06/21,05/04/22,a,n,.,.,.,.,.,.,.,.,w,155244,155958,1,r,1,r,1,r,2,bu,,,,,,,,,,,,,,,,,,,,,,,,,,,,,,,,,,,,,,,,,,,,,,,,,,,,,,,,,,,,,,,,,,,,,,,,,,,,,,,,,,,,,,,,,,,,,,,,,,,,,,,,,,
05_03,05,03,m,16,01/06/21,05/04/22,a,n,.,.,.,.,.,.,.,.,w,155958,155959,1,r,1,r,1,r,2,bu,,,,,,,,,,,,,,,,,,2,y,.,.,.,.,o,.,.,.,y,.,.,.,.,.,.,,,,,,,,,,,,,,,,,,,,,,,,,,,,,,,,,,,,,,,,,,,,,,,,,,,,,,,,,,,,,,,,,,,,,,,,
05_03,05,03,m,16,01/06/21,05/04/22,a,n,.,.,.,.,.,.,.,.,w,155959,161262,1,r,1,r,1,r,2,bu,,,,,,,,,,,,,,,,,,,,,,,,,,,,,,,,,,,,,,,,,,,,,,,,,,,,,,,,,,,,,,,,,,,,,,,,,,,,,,,,,,,,,,,,,,,,,,,,,,,,,,,,,,
05_03,05,03,m,16,01/06/21,05/04/22,a,n,.,.,.,.,.,.,.,.,w,161262,161263,1,r,1,r,1,r,2,bu,,,,,,,,,,,,,,,,,,3,y,.,.,.,.,th,.,.,.,.,.,.,.,.,.,.,,,,,,,,,,,,,,,,,,,,,,,,,,,,,,,,,,,,,,,,,,,,,,,,,,,,,,,,,,,,,,,,,,,,,,,,
05_03,05,03,m,16,01/06/21,05/04/22,a,n,.,.,.,.,.,.,.,.,w,161263,170918,1,r,1,r,1,r,,,,,,,,,,,,,,,,,,,,,,,,,,,,,,,,,,,,,,,,,,,,,,,,,,,,,,,,,,,,,,,,,,,,,,,,,,,,,,,,,,,,,,,,,,,,,,,,,,,,,,,,,,,,
05_03,05,03,m,16,01/06/21,05/04/22,a,n,.,.,.,.,.,.,.,.,w,170918,170919,1,r,1,r,1,r,3,bu,,,,,,,,,,,,,,,,,,4,y,.,.,.,.,p,.,.,.,.,.,.,.,.,.,.,,,,,,,,,,,,,,,,,,,,,,,,,,,,,,,,,,,,,,,,,,,,,,,,,,,,,,,,,,,,,,,,,,,,,,,,
05_03,05,03,m,16,01/06/21,05/04/22,a,n,.,.,.,.,.,.,.,.,w,170919,176494,1,r,1,r,1,r,3,bu,,,,,,,,,,,,,,,,,,,,,,,,,,,,,,,,,,,,,,,,,,,,,,,,,,,,,,,,,,,,,,,,,,,,,,,,,,,,,,,,,,,,,,,,,,,,,,,,,,,,,,,,,,
05_03,05,03,m,16,01/06/21,05/04/22,a,n,.,.,.,.,.,.,.,.,w,176494,176495,1,r,1,r,1,r,3,bu,,,,,,,,,,,,,,,,,,5,y,.,.,.,.,o,.,.,.,y,.,.,.,.,.,.,,,,,,,,,,,,,,,,,,,,,,,,,,,,,,,,,,,,,,,,,,,,,,,,,,,,,,,,,,,,,,,,,,,,,,,,
05_03,05,03,m,16,01/06/21,05/04/22,a,n,.,.,.,.,.,.,.,.,w,176495,179112,1,r,1,r,1,r,3,bu,,,,,,,,,,,,,,,,,,,,,,,,,,,,,,,,,,,,,,,,,,,,,,,,,,,,,,,,,,,,,,,,,,,,,,,,,,,,,,,,,,,,,,,,,,,,,,,,,,,,,,,,,,
05_03,05,03,m,16,01/06/21,05/04/22,a,n,.,.,.,.,.,.,.,.,w,179112,179113,1,r,1,r,1,r,3,bu,,,,,,,,,,,,,,,,,,6,y,.,.,.,.,d,.,.,.,.,.,.,.,.,.,.,,,,,,,,,,,,,,,,,,,,,,,,,,,,,,,,,,,,,,,,,,,,,,,,,,,,,,,,,,,,,,,,,,,,,,,,
05_03,05,03,m,16,01/06/21,05/04/22,a,n,.,.,.,.,.,.,.,.,w,179113,184382,1,r,1,r,1,r,,,,,,,,,,,,,,,,,,,,,,,,,,,,,,,,,,,,,,,,,,,,,,,,,,,,,,,,,,,,,,,,,,,,,,,,,,,,,,,,,,,,,,,,,,,,,,,,,,,,,,,,,,,,
05_03,05,03,m,16,01/06/21,05/04/22,a,n,.,.,.,.,.,.,.,.,w,184382,184383,1,r,1,r,1,r,4,bu,,,,,,,,,,,,,,,,,,7,y,.,.,.,.,p,.,.,.,.,.,.,.,.,.,.,,,,,,,,,,,,,,,,,,,,,,,,,,,,,,,,,,,,,,,,,,,,,,,,,,,,,,,,,,,,,,,,,,,,,,,,
05_03,05,03,m,16,01/06/21,05/04/22,a,n,.,.,.,.,.,.,.,.,w,184383,191182,1,r,1,r,1,r,4,bu,,,,,,,,,,,,,,,,,,,,,,,,,,,,,,,,,,,,,,,,,,,,,,,,,,,,,,,,,,,,,,,,,,,,,,,,,,,,,,,,,,,,,,,,,,,,,,,,,,,,,,,,,,
05_03,05,03,m,16,01/06/21,05/04/22,a,n,.,.,.,.,.,.,.,.,w,191182,191183,1,r,1,r,1,r,4,bu,,,,,,,,,,,,,,,,,,8,y,.,.,.,.,th,.,.,.,.,.,.,.,.,.,.,,,,,,,,,,,,,,,,,,,,,,,,,,,,,,,,,,,,,,,,,,,,,,,,,,,,,,,,,,,,,,,,,,,,,,,,
05_03,05,03,m,16,01/06/21,05/04/22,a,n,.,.,.,.,.,.,.,.,w,191183,195772,1,r,1,r,1,r,,,,,,,,,,,,,,,,,,,,,,,,,,,,,,,,,,,,,,,,,,,,,,,,,,,,,,,,,,,,,,,,,,,,,,,,,,,,,,,,,,,,,,,,,,,,,,,,,,,,,,,,,,,,
05_03,05,03,m,16,01/06/21,05/04/22,a,n,.,.,.,.,.,.,.,.,w,195772,195773,1,r,1,r,1,r,5,bu,,,,,,,,,,,,,,,,,,9,y,.,.,.,.,o,.,.,.,y,.,.,.,.,.,.,,,,,,,,,,,,,,,,,,,,,,,,,,,,,,,,,,,,,,,,,,,,,,,,,,,,,,,,,,,,,,,,,,,,,,,,
05_03,05,03,m,16,01/06/21,05/04/22,a,n,.,.,.,.,.,.,.,.,w,195773,200226,1,r,1,r,1,r,5,bu,,,,,,,,,,,,,,,,,,,,,,,,,,,,,,,,,,,,,,,,,,,,,,,,,,,,,,,,,,,,,,,,,,,,,,,,,,,,,,,,,,,,,,,,,,,,,,,,,,,,,,,,,,
05_03,05,03,m,16,01/06/21,05/04/22,a,n,.,.,.,.,.,.,.,.,w,200226,200227,1,r,1,r,1,r,5,bu,,,,,,,,,,,,,,,,,,10,y,.,.,.,.,d,.,.,.,.,.,.,.,.,.,.,,,,,,,,,,,,,,,,,,,,,,,,,,,,,,,,,,,,,,,,,,,,,,,,,,,,,,,,,,,,,,,,,,,,,,,,
05_03,05,03,m,16,01/06/21,05/04/22,a,n,.,.,.,.,.,.,.,.,w,200227,203252,1,r,1,r,1,r,5,bu,,,,,,,,,,,,,,,,,,,,,,,,,,,,,,,,,,,,,,,,,,,,,,,,,,,,,,,,,,,,,,,,,,,,,,,,,,,,,,,,,,,,,,,,,,,,,,,,,,,,,,,,,,
05_03,05,03,m,16,01/06/21,05/04/22,a,n,.,.,.,.,.,.,.,.,w,203252,203253,1,r,1,r,1,r,5,bu,,,,,,,,,,,,,,,,,,11,y,.,.,.,.,o,.,.,.,y,.,.,.,.,.,.,,,,,,,,,,,,,,,,,,,,,,,,,,,,,,,,,,,,,,,,,,,,,,,,,,,,,,,,,,,,,,,,,,,,,,,,
05_03,05,03,m,16,01/06/21,05/04/22,a,n,.,.,.,.,.,.,.,.,w,203253,204000,1,r,1,r,1,r,5,bu,,,,,,,,,,,,,,,,,,,,,,,,,,,,,,,,,,,,,,,,,,,,,,,,,,,,,,,,,,,,,,,,,,,,,,,,,,,,,,,,,,,,,,,,,,,,,,,,,,,,,,,,,,
05_03,05,03,m,16,01/06/21,05/04/22,a,n,.,.,.,.,.,.,.,.,w,204000,204001,1,r,1,r,1,r,5,bu,,,,,,,,,,,,,,,,,,12,y,.,.,.,.,d,.,.,.,.,.,.,.,.,.,.,,,,,,,,,,,,,,,,,,,,,,,,,,,,,,,,,,,,,,,,,,,,,,,,,,,,,,,,,,,,,,,,,,,,,,,,
05_03,05,03,m,16,01/06/21,05/04/22,a,n,.,.,.,.,.,.,.,.,w,204001,205190,1,r,1,r,1,r,5,bu,,,,,,,,,,,,,,,,,,,,,,,,,,,,,,,,,,,,,,,,,,,,,,,,,,,,,,,,,,,,,,,,,,,,,,,,,,,,,,,,,,,,,,,,,,,,,,,,,,,,,,,,,,
05_03,05,03,m,16,01/06/21,05/04/22,a,n,.,.,.,.,.,.,.,.,w,205190,205191,1,r,1,r,1,r,5,bu,,,,,,,,,,,,,,,,,,13,y,.,.,.,.,o,.,.,.,y,.,.,.,.,.,.,,,,,,,,,,,,,,,,,,,,,,,,,,,,,,,,,,,,,,,,,,,,,,,,,,,,,,,,,,,,,,,,,,,,,,,,
05_03,05,03,m,16,01/06/21,05/04/22,a,n,.,.,.,.,.,.,.,.,w,205191,205598,1,r,1,r,1,r,5,bu,,,,,,,,,,,,,,,,,,,,,,,,,,,,,,,,,,,,,,,,,,,,,,,,,,,,,,,,,,,,,,,,,,,,,,,,,,,,,,,,,,,,,,,,,,,,,,,,,,,,,,,,,,
05_03,05,03,m,16,01/06/21,05/04/22,a,n,.,.,.,.,.,.,.,.,w,205598,205599,1,r,1,r,1,r,5,bu,,,,,,,,,,,,,,,,,,14,y,.,.,.,.,d,.,.,.,.,.,.,.,.,.,.,,,,,,,,,,,,,,,,,,,,,,,,,,,,,,,,,,,,,,,,,,,,,,,,,,,,,,,,,,,,,,,,,,,,,,,,
05_03,05,03,m,16,01/06/21,05/04/22,a,n,.,.,.,.,.,.,.,.,w,205599,206584,1,r,1,r,1,r,5,bu,,,,,,,,,,,,,,,,,,,,,,,,,,,,,,,,,,,,,,,,,,,,,,,,,,,,,,,,,,,,,,,,,,,,,,,,,,,,,,,,,,,,,,,,,,,,,,,,,,,,,,,,,,
05_03,05,03,m,16,01/06/21,05/04/22,a,n,.,.,.,.,.,.,.,.,w,206584,206585,1,r,1,r,1,r,5,bu,,,,,,,,,,,,,,,,,,15,y,.,.,.,.,o,.,.,.,y,.,.,.,.,.,.,,,,,,,,,,,,,,,,,,,,,,,,,,,,,,,,,,,,,,,,,,,,,,,,,,,,,,,,,,,,,,,,,,,,,,,,
05_03,05,03,m,16,01/06/21,05/04/22,a,n,.,.,.,.,.,.,.,.,w,206585,207094,1,r,1,r,1,r,5,bu,,,,,,,,,,,,,,,,,,,,,,,,,,,,,,,,,,,,,,,,,,,,,,,,,,,,,,,,,,,,,,,,,,,,,,,,,,,,,,,,,,,,,,,,,,,,,,,,,,,,,,,,,,
05_03,05,03,m,16,01/06/21,05/04/22,a,n,.,.,.,.,.,.,.,.,w,207094,207095,1,r,1,r,1,r,5,bu,,,,,,,,,,,,,,,,,,16,y,.,.,.,.,d,.,.,.,.,.,.,.,.,.,.,,,,,,,,,,,,,,,,,,,,,,,,,,,,,,,,,,,,,,,,,,,,,,,,,,,,,,,,,,,,,,,,,,,,,,,,
05_03,05,03,m,16,01/06/21,05/04/22,a,n,.,.,.,.,.,.,.,.,w,207095,222870,1,r,1,r,1,r,5,bu,,,,,,,,,,,,,,,,,,,,,,,,,,,,,,,,,,,,,,,,,,,,,,,,,,,,,,,,,,,,,,,,,,,,,,,,,,,,,,,,,,,,,,,,,,,,,,,,,,,,,,,,,,
05_03,05,03,m,16,01/06/21,05/04/22,a,n,.,.,.,.,.,.,.,.,w,222870,222871,1,r,1,r,1,r,5,bu,,,,,,,,,,,,,,,,,,17,y,.,.,.,.,p,.,.,.,.,.,.,.,.,.,.,,,,,,,,,,,,,,,,,,,,,,,,,,,,,,,,,,,,,,,,,,,,,,,,,,,,,,,,,,,,,,,,,,,,,,,,
05_03,05,03,m,16,01/06/21,05/04/22,a,n,.,.,.,.,.,.,.,.,w,222871,224638,1,r,1,r,1,r,5,bu,,,,,,,,,,,,,,,,,,,,,,,,,,,,,,,,,,,,,,,,,,,,,,,,,,,,,,,,,,,,,,,,,,,,,,,,,,,,,,,,,,,,,,,,,,,,,,,,,,,,,,,,,,
05_03,05,03,m,16,01/06/21,05/04/22,a,n,.,.,.,.,.,.,.,.,w,224638,224639,1,r,1,r,1,r,5,bu,,,,,,,,,,,,,,,,,,18,y,.,.,.,.,i,.,.,.,.,y,.,.,.,.,.,,,,,,,,,,,,,,,,,,,,,,,,,,,,,,,,,,,,,,,,,,,,,,,,,,,,,,,,,,,,,,,,,,,,,,,,
05_03,05,03,m,16,01/06/21,05/04/22,a,n,.,.,.,.,.,.,.,.,w,224639,229501,1,r,1,r,1,r,5,bu,,,,,,,,,,,,,,,,,,,,,,,,,,,,,,,,,,,,,,,,,,,,,,,,,,,,,,,,,,,,,,,,,,,,,,,,,,,,,,,,,,,,,,,,,,,,,,,,,,,,,,,,,,
05_03,05,03,m,16,01/06/21,05/04/22,a,n,.,.,.,.,.,.,.,.,w,229501,235144,1,r,1,r,1,r,,,,,,,,,,,,,,,,,,,,,,,,,,,,,,,,,,,,,,,,,,,,,,,,,,,,,,,,,,,,,,,,,,,,,,,,,,,,,,,,,,,,,,,,,,,,,,,,,,,,,,,,,,,,
05_03,05,03,m,16,01/06/21,05/04/22,a,n,.,.,.,.,.,.,.,.,w,235144,235145,1,r,1,r,1,r,6,bu,,,,,,,,,,,,,,,,,,19,y,.,.,.,.,p,.,.,.,.,.,.,.,.,.,.,,,,,,,,,,,,,,,,,,,,,,,,,,,,,,,,,,,,,,,,,,,,,,,,,,,,,,,,,,,,,,,,,,,,,,,,
05_03,05,03,m,16,01/06/21,05/04/22,a,n,.,.,.,.,.,.,.,.,w,235145,238714,1,r,1,r,1,r,6,bu,,,,,,,,,,,,,,,,,,,,,,,,,,,,,,,,,,,,,,,,,,,,,,,,,,,,,,,,,,,,,,,,,,,,,,,,,,,,,,,,,,,,,,,,,,,,,,,,,,,,,,,,,,
05_03,05,03,m,16,01/06/21,05/04/22,a,n,.,.,.,.,.,.,.,.,w,238714,238715,1,r,1,r,1,r,6,bu,,,,,,,,,,,,,,,,,,20,y,.,.,.,.,p,.,.,.,.,.,.,.,.,.,.,,,,,,,,,,,,,,,,,,,,,,,,,,,,,,,,,,,,,,,,,,,,,,,,,,,,,,,,,,,,,,,,,,,,,,,,
05_03,05,03,m,16,01/06/21,05/04/22,a,n,.,.,.,.,.,.,.,.,w,238715,241910,1,r,1,r,1,r,6,bu,,,,,,,,,,,,,,,,,,,,,,,,,,,,,,,,,,,,,,,,,,,,,,,,,,,,,,,,,,,,,,,,,,,,,,,,,,,,,,,,,,,,,,,,,,,,,,,,,,,,,,,,,,
05_03,05,03,m,16,01/06/21,05/04/22,a,n,.,.,.,.,.,.,.,.,w,241910,241911,1,r,1,r,1,r,6,bu,,,,,,,,,,,,,,,,,,21,y,.,.,.,.,i,.,.,.,.,y,.,.,.,.,.,,,,,,,,,,,,,,,,,,,,,,,,,,,,,,,,,,,,,,,,,,,,,,,,,,,,,,,,,,,,,,,,,,,,,,,,
05_03,05,03,m,16,01/06/21,05/04/22,a,n,.,.,.,.,.,.,.,.,w,241911,244154,1,r,1,r,1,r,6,bu,,,,,,,,,,,,,,,,,,,,,,,,,,,,,,,,,,,,,,,,,,,,,,,,,,,,,,,,,,,,,,,,,,,,,,,,,,,,,,,,,,,,,,,,,,,,,,,,,,,,,,,,,,
05_03,05,03,m,16,01/06/21,05/04/22,a,n,.,.,.,.,.,.,.,.,w,244154,244155,1,r,1,r,1,r,6,bu,,,,,,,,,,,,,,,,,,22,y,.,.,.,.,i,.,.,.,.,y,.,.,.,.,.,,,,,,,,,,,,,,,,,,,,,,,,,,,,,,,,,,,,,,,,,,,,,,,,,,,,,,,,,,,,,,,,,,,,,,,,
05_03,05,03,m,16,01/06/21,05/04/22,a,n,.,.,.,.,.,.,.,.,w,244155,249016,1,r,1,r,1,r,,,,,,,,,,,,,,,,,,,,,,,,,,,,,,,,,,,,,,,,,,,,,,,,,,,,,,,,,,,,,,,,,,,,,,,,,,,,,,,,,,,,,,,,,,,,,,,,,,,,,,,,,,,,
05_03,05,03,m,16,01/06/21,05/04/22,a,n,.,.,.,.,.,.,.,.,w,249016,249017,1,r,1,r,1,r,7,bu,,,,,,,,,,,,,,,,,,23,y,.,.,.,.,pu,.,.,.,.,.,.,.,.,.,.,,,,,,,,,,,,,,,,,,,,,,,,,,,,,,,,,,,,,,,,,,,,,,,,,,,,,,,,,,,,,,,,,,,,,,,,
05_03,05,03,m,16,01/06/21,05/04/22,a,n,.,.,.,.,.,.,.,.,w,249017,250988,1,r,1,r,1,r,7,bu,,,,,,,,,,,,,,,,,,,,,,,,,,,,,,,,,,,,,,,,,,,,,,,,,,,,,,,,,,,,,,,,,,,,,,,,,,,,,,,,,,,,,,,,,,,,,,,,,,,,,,,,,,
05_03,05,03,m,16,01/06/21,05/04/22,a,n,.,.,.,.,.,.,.,.,w,250988,250989,1,r,1,r,1,r,7,bu,,,,,,,,,,,,,,,,,,24,y,.,.,.,.,p,.,.,.,.,.,.,.,.,.,.,,,,,,,,,,,,,,,,,,,,,,,,,,,,,,,,,,,,,,,,,,,,,,,,,,,,,,,,,,,,,,,,,,,,,,,,
05_03,05,03,m,16,01/06/21,05/04/22,a,n,.,.,.,.,.,.,.,.,w,250989,251940,1,r,1,r,1,r,7,bu,,,,,,,,,,,,,,,,,,,,,,,,,,,,,,,,,,,,,,,,,,,,,,,,,,,,,,,,,,,,,,,,,,,,,,,,,,,,,,,,,,,,,,,,,,,,,,,,,,,,,,,,,,
05_03,05,03,m,16,01/06/21,05/04/22,a,n,.,.,.,.,.,.,.,.,w,251940,251941,1,r,1,r,1,r,7,bu,,,,,,,,,,,,,,,,,,25,y,.,.,.,.,d,.,.,.,.,.,.,.,.,.,.,,,,,,,,,,,,,,,,,,,,,,,,,,,,,,,,,,,,,,,,,,,,,,,,,,,,,,,,,,,,,,,,,,,,,,,,
05_03,05,03,m,16,01/06/21,05/04/22,a,n,.,.,.,.,.,.,.,.,w,251941,253198,1,r,1,r,1,r,7,bu,,,,,,,,,,,,,,,,,,,,,,,,,,,,,,,,,,,,,,,,,,,,,,,,,,,,,,,,,,,,,,,,,,,,,,,,,,,,,,,,,,,,,,,,,,,,,,,,,,,,,,,,,,
05_03,05,03,m,16,01/06/21,05/04/22,a,n,.,.,.,.,.,.,.,.,w,253198,253199,1,r,1,r,1,r,7,bu,,,,,,,,,,,,,,,,,,26,y,.,.,.,.,d,.,.,.,.,.,.,.,.,.,.,,,,,,,,,,,,,,,,,,,,,,,,,,,,,,,,,,,,,,,,,,,,,,,,,,,,,,,,,,,,,,,,,,,,,,,,
05_03,05,03,m,16,01/06/21,05/04/22,a,n,.,.,.,.,.,.,.,.,w,253199,253300,1,r,1,r,1,r,,,,,,,,,,,,,,,,,,,,,,,,,,,,,,,,,,,,,,,,,,,,,,,,,,,,,,,,,,,,,,,,,,,,,,,,,,,,,,,,,,,,,,,,,,,,,,,,,,,,,,,,,,,,
05_03,05,03,m,16,01/06/21,05/04/22,a,n,.,.,.,.,.,.,.,.,w,253300,253301,1,r,1,r,1,r,8,g,,,,,,,,,,,,,,,,,,27,y,.,.,.,.,p,.,y,.,.,.,.,.,.,.,.,,,,,,,,,,,,,,,,,,,,,,,,,,,,,,,,,,,,,,,,,,,,,,,,,,,,,,,,,,,,,,,,,,,,,,,,
05_03,05,03,m,16,01/06/21,05/04/22,a,n,.,.,.,.,.,.,.,.,w,253301,257380,1,r,1,r,1,r,8,g,,,,,,,,,,,,,,,,,,,,,,,,,,,,,,,,,,,,,,,,,,,,,,,,,,,,,,,,,,,,,,,,,,,,,,,,,,,,,,,,,,,,,,,,,,,,,,,,,,,,,,,,,,
05_03,05,03,m,16,01/06/21,05/04/22,a,n,.,.,.,.,.,.,.,.,w,257380,257381,1,r,1,r,1,r,8,g,,,,,,,,,,,,,,,,,,28,y,.,.,.,.,d,.,.,.,.,.,.,.,.,.,.,,,,,,,,,,,,,,,,,,,,,,,,,,,,,,,,,,,,,,,,,,,,,,,,,,,,,,,,,,,,,,,,,,,,,,,,
05_03,05,03,m,16,01/06/21,05/04/22,a,n,.,.,.,.,.,.,.,.,w,257381,258774,1,r,1,r,1,r,8,g,,,,,,,,,,,,,,,,,,,,,,,,,,,,,,,,,,,,,,,,,,,,,,,,,,,,,,,,,,,,,,,,,,,,,,,,,,,,,,,,,,,,,,,,,,,,,,,,,,,,,,,,,,
05_03,05,03,m,16,01/06/21,05/04/22,a,n,.,.,.,.,.,.,.,.,w,258774,258775,1,r,1,r,1,r,8,g,,,,,,,,,,,,,,,,,,29,y,.,.,.,.,p,.,.,.,.,.,.,.,.,.,.,,,,,,,,,,,,,,,,,,,,,,,,,,,,,,,,,,,,,,,,,,,,,,,,,,,,,,,,,,,,,,,,,,,,,,,,
05_03,05,03,m,16,01/06/21,05/04/22,a,n,.,.,.,.,.,.,.,.,w,258775,262378,1,r,1,r,1,r,8,g,,,,,,,,,,,,,,,,,,,,,,,,,,,,,,,,,,,,,,,,,,,,,,,,,,,,,,,,,,,,,,,,,,,,,,,,,,,,,,,,,,,,,,,,,,,,,,,,,,,,,,,,,,
05_03,05,03,m,16,01/06/21,05/04/22,a,n,.,.,.,.,.,.,.,.,w,262378,262889,1,r,1,r,1,r,8,g,30,y,.,.,.,.,s,.,.,.,.,.,.,.,.,.,.,,,,,,,,,,,,,,,,,,,,,,,,,,,,,,,,,,,,,,,,,,,,,,,,,,,,,,,,,,,,,,,,,,,,,,,,,,,,,,,,,,,,,,,,,
05_03,05,03,m,16,01/06/21,05/04/22,a,n,.,.,.,.,.,.,.,.,w,262889,262955,1,r,1,r,1,r,8,g,,,,,,,,,,,,,,,,,,,,,,,,,,,,,,,,,,,,,,,,,,,,,,,,,,,,,,,,,,,,,,,,,,,,,,,,,,,,,,,,,,,,,,,,,,,,,,,,,,,,,,,,,,
05_03,05,03,m,16,01/06/21,05/04/22,a,n,.,.,.,.,.,.,.,.,w,262955,262956,1,r,1,r,1,r,8,g,,,,,,,,,,,,,,,,,,31,y,.,.,.,.,d,.,.,.,.,.,.,.,.,.,.,,,,,,,,,,,,,,,,,,,,,,,,,,,,,,,,,,,,,,,,,,,,,,,,,,,,,,,,,,,,,,,,,,,,,,,,
05_03,05,03,m,16,01/06/21,05/04/22,a,n,.,.,.,.,.,.,.,.,w,262956,265200,1,r,1,r,1,r,8,g,,,,,,,,,,,,,,,,,,,,,,,,,,,,,,,,,,,,,,,,,,,,,,,,,,,,,,,,,,,,,,,,,,,,,,,,,,,,,,,,,,,,,,,,,,,,,,,,,,,,,,,,,,
05_03,05,03,m,16,01/06/21,05/04/22,a,n,.,.,.,.,.,.,.,.,w,265200,265201,1,r,1,r,1,r,8,g,,,,,,,,,,,,,,,,,,32,y,.,.,.,.,p,.,.,.,.,.,.,.,.,.,.,,,,,,,,,,,,,,,,,,,,,,,,,,,,,,,,,,,,,,,,,,,,,,,,,,,,,,,,,,,,,,,,,,,,,,,,
05_03,05,03,m,16,01/06/21,05/04/22,a,n,.,.,.,.,.,.,.,.,w,265201,269926,1,r,1,r,1,r,8,g,,,,,,,,,,,,,,,,,,,,,,,,,,,,,,,,,,,,,,,,,,,,,,,,,,,,,,,,,,,,,,,,,,,,,,,,,,,,,,,,,,,,,,,,,,,,,,,,,,,,,,,,,,
05_03,05,03,m,16,01/06/21,05/04/22,a,n,.,.,.,.,.,.,.,.,w,269926,269927,1,r,1,r,1,r,8,g,,,,,,,,,,,,,,,,,,33,y,.,.,.,.,p,.,.,.,.,.,.,.,.,.,.,,,,,,,,,,,,,,,,,,,,,,,,,,,,,,,,,,,,,,,,,,,,,,,,,,,,,,,,,,,,,,,,,,,,,,,,
05_03,05,03,m,16,01/06/21,05/04/22,a,n,.,.,.,.,.,.,.,.,w,269927,270504,1,r,1,r,1,r,8,g,,,,,,,,,,,,,,,,,,,,,,,,,,,,,,,,,,,,,,,,,,,,,,,,,,,,,,,,,,,,,,,,,,,,,,,,,,,,,,,,,,,,,,,,,,,,,,,,,,,,,,,,,,
05_03,05,03,m,16,01/06/21,05/04/22,a,n,.,.,.,.,.,.,.,.,w,270504,270505,1,r,1,r,1,r,8,g,,,,,,,,,,,,,,,,,,34,y,.,.,.,.,d,.,.,.,.,.,.,.,.,.,.,,,,,,,,,,,,,,,,,,,,,,,,,,,,,,,,,,,,,,,,,,,,,,,,,,,,,,,,,,,,,,,,,,,,,,,,
05_03,05,03,m,16,01/06/21,05/04/22,a,n,.,.,.,.,.,.,.,.,w,270505,270572,1,r,1,r,1,r,8,g,,,,,,,,,,,,,,,,,,,,,,,,,,,,,,,,,,,,,,,,,,,,,,,,,,,,,,,,,,,,,,,,,,,,,,,,,,,,,,,,,,,,,,,,,,,,,,,,,,,,,,,,,,
05_03,05,03,m,16,01/06/21,05/04/22,a,n,.,.,.,.,.,.,.,.,w,270572,270573,1,r,1,r,1,r,8,g,,,,,,,,,,,,,,,,,,35,y,.,.,.,.,d,.,.,.,.,.,.,.,.,.,.,,,,,,,,,,,,,,,,,,,,,,,,,,,,,,,,,,,,,,,,,,,,,,,,,,,,,,,,,,,,,,,,,,,,,,,,
05_03,05,03,m,16,01/06/21,05/04/22,a,n,.,.,.,.,.,.,.,.,w,270573,277814,1,r,1,r,1,r,,,,,,,,,,,,,,,,,,,,,,,,,,,,,,,,,,,,,,,,,,,,,,,,,,,,,,,,,,,,,,,,,,,,,,,,,,,,,,,,,,,,,,,,,,,,,,,,,,,,,,,,,,,,
05_03,05,03,m,16,01/06/21,05/04/22,a,n,.,.,.,.,.,.,.,.,w,277814,277815,1,r,1,r,1,r,9,bu,,,,,,,,,,,,,,,,,,36,y,.,.,.,.,p,.,.,.,.,.,.,.,.,.,.,,,,,,,,,,,,,,,,,,,,,,,,,,,,,,,,,,,,,,,,,,,,,,,,,,,,,,,,,,,,,,,,,,,,,,,,
05_03,05,03,m,16,01/06/21,05/04/22,a,n,.,.,.,.,.,.,.,.,w,277815,290938,1,r,1,r,1,r,9,bu,,,,,,,,,,,,,,,,,,,,,,,,,,,,,,,,,,,,,,,,,,,,,,,,,,,,,,,,,,,,,,,,,,,,,,,,,,,,,,,,,,,,,,,,,,,,,,,,,,,,,,,,,,
05_03,05,03,m,16,01/06/21,05/04/22,a,n,.,.,.,.,.,.,.,.,w,290938,290939,1,r,1,r,1,r,9,bu,,,,,,,,,,,,,,,,,,,,,,,,,,,,,,,,,,,1,rb,,,,,,,,,,,,,,,,,,106,y,.,.,.,.,p,.,.,.,.,.,.,.,.,.,.,,,,,,,,,,,,,,,,,,,,,,,,,,,,,,,,,,,,
05_03,05,03,m,16,01/06/21,05/04/22,a,n,.,.,.,.,.,.,.,.,w,290939,296310,1,r,1,r,1,r,9,bu,,,,,,,,,,,,,,,,,,,,,,,,,,,,,,,,,,,1,rb,,,,,,,,,,,,,,,,,,,,,,,,,,,,,,,,,,,,,,,,,,,,,,,,,,,,,,,,,,,,,,,,,,,,,,
05_03,05,03,m,16,01/06/21,05/04/22,a,n,.,.,.,.,.,.,.,.,w,296310,296311,1,r,1,r,1,r,9,bu,,,,,,,,,,,,,,,,,,,,,,,,,,,,,,,,,,,1,rb,,,,,,,,,,,,,,,,,,106,y,.,.,.,.,d,.,.,.,.,.,.,.,.,.,.,,,,,,,,,,,,,,,,,,,,,,,,,,,,,,,,,,,,
05_03,05,03,m,16,01/06/21,05/04/22,a,n,.,.,.,.,.,.,.,.,w,296311,299438,1,r,1,r,1,r,9,bu,,,,,,,,,,,,,,,,,,,,,,,,,,,,,,,,,,,1,rb,,,,,,,,,,,,,,,,,,,,,,,,,,,,,,,,,,,,,,,,,,,,,,,,,,,,,,,,,,,,,,,,,,,,,,
05_03,05,03,m,16,01/06/21,05/04/22,a,n,.,.,.,.,.,.,.,.,w,299438,299439,1,r,1,r,1,r,9,bu,,,,,,,,,,,,,,,,,,,,,,,,,,,,,,,,,,,1,rb,,,,,,,,,,,,,,,,,,106,y,.,.,.,.,p,.,.,.,.,.,.,.,.,.,.,,,,,,,,,,,,,,,,,,,,,,,,,,,,,,,,,,,,
05_03,05,03,m,16,01/06/21,05/04/22,a,n,.,.,.,.,.,.,.,.,w,299439,307700,1,r,1,r,1,r,9,bu,,,,,,,,,,,,,,,,,,,,,,,,,,,,,,,,,,,1,rb,,,,,,,,,,,,,,,,,,,,,,,,,,,,,,,,,,,,,,,,,,,,,,,,,,,,,,,,,,,,,,,,,,,,,,
05_03,05,03,m,16,01/06/21,05/04/22,a,n,.,.,.,.,.,.,.,.,w,307700,307701,1,r,1,r,1,r,9,bu,,,,,,,,,,,,,,,,,,,,,,,,,,,,,,,,,,,1,rb,,,,,,,,,,,,,,,,,,106,y,.,.,.,.,pu,.,.,.,.,.,.,.,.,.,.,,,,,,,,,,,,,,,,,,,,,,,,,,,,,,,,,,,,
05_03,05,03,m,16,01/06/21,05/04/22,a,n,.,.,.,.,.,.,.,.,w,307701,311338,1,r,1,r,1,r,9,bu,,,,,,,,,,,,,,,,,,,,,,,,,,,,,,,,,,,,,,,,,,,,,,,,,,,,,,,,,,,,,,,,,,,,,,,,,,,,,,,,,,,,,,,,,,,,,,,,,,,,,,,,,,
05_03,05,03,m,16,01/06/21,05/04/22,a,n,.,.,.,.,.,.,.,.,w,311338,311339,1,r,1,r,1,r,9,bu,,,,,,,,,,,,,,,,,,37,y,.,.,.,.,pu,.,.,.,.,.,.,.,.,.,.,,,,,,,,,,,,,,,,,,,,,,,,,,,,,,,,,,,,,,,,,,,,,,,,,,,,,,,,,,,,,,,,,,,,,,,,
05_03,05,03,m,16,01/06/21,05/04/22,a,n,.,.,.,.,.,.,.,.,w,311339,316880,1,r,1,r,1,r,9,bu,,,,,,,,,,,,,,,,,,,,,,,,,,,,,,,,,,,,,,,,,,,,,,,,,,,,,,,,,,,,,,,,,,,,,,,,,,,,,,,,,,,,,,,,,,,,,,,,,,,,,,,,,,
05_03,05,03,m,16,01/06/21,05/04/22,a,n,.,.,.,.,.,.,.,.,w,316880,316881,1,r,1,r,1,r,9,bu,,,,,,,,,,,,,,,,,,38,y,.,.,.,.,p,.,.,.,.,.,.,.,.,.,.,,,,,,,,,,,,,,,,,,,,,,,,,,,,,,,,,,,,,,,,,,,,,,,,,,,,,,,,,,,,,,,,,,,,,,,,
05_03,05,03,m,16,01/06/21,05/04/22,a,n,.,.,.,.,.,.,.,.,w,316881,324088,1,r,1,r,1,r,9,bu,,,,,,,,,,,,,,,,,,,,,,,,,,,,,,,,,,,,,,,,,,,,,,,,,,,,,,,,,,,,,,,,,,,,,,,,,,,,,,,,,,,,,,,,,,,,,,,,,,,,,,,,,,
05_03,05,03,m,16,01/06/21,05/04/22,a,n,.,.,.,.,.,.,.,.,w,324088,337485,1,r,1,r,1,r,9,bu,,,,,,,,,,,,,,,,,,,,,,,,,,,,,,,,,,,2,f,106,y,.,.,.,.,t,.,.,.,.,.,.,.,y,.,.,,,,,,,,,,,,,,,,,,,,,,,,,,,,,,,,,,,,,,,,,,,,,,,,,,,,,
05_03,05,03,m,16,01/06/21,05/04/22,a,n,.,.,.,.,.,.,.,.,w,337485,359482,1,r,1,r,1,r,9,bu,,,,,,,,,,,,,,,,,,,,,,,,,,,,,,,,,,,,,,,,,,,,,,,,,,,,,,,,,,,,,,,,,,,,,,,,,,,,,,,,,,,,,,,,,,,,,,,,,,,,,,,,,,
05_03,05,03,m,16,01/06/21,05/04/22,a,n,.,.,.,.,.,.,.,.,w,359482,359483,1,r,1,r,1,r,9,bu,,,,,,,,,,,,,,,,,,39,y,.,.,.,.,i,.,.,.,.,y,.,.,.,.,.,,,,,,,,,,,,,,,,,,,,,,,,,,,,,,,,,,,,,,,,,,,,,,,,,,,,,,,,,,,,,,,,,,,,,,,,
05_03,05,03,m,16,01/06/21,05/04/22,a,n,.,.,.,.,.,.,.,.,w,359483,360604,1,r,1,r,1,r,9,bu,,,,,,,,,,,,,,,,,,,,,,,,,,,,,,,,,,,,,,,,,,,,,,,,,,,,,,,,,,,,,,,,,,,,,,,,,,,,,,,,,,,,,,,,,,,,,,,,,,,,,,,,,,
05_03,05,03,m,16,01/06/21,05/04/22,a,n,.,.,.,.,.,.,.,.,w,360604,360605,1,r,1,r,1,r,9,bu,,,,,,,,,,,,,,,,,,40,y,.,.,.,.,i,.,.,.,.,y,.,.,.,.,.,,,,,,,,,,,,,,,,,,,,,,,,,,,,,,,,,,,,,,,,,,,,,,,,,,,,,,,,,,,,,,,,,,,,,,,,
05_03,05,03,m,16,01/06/21,05/04/22,a,n,.,.,.,.,.,.,.,.,w,360605,374238,1,r,1,r,1,r,,,,,,,,,,,,,,,,,,,,,,,,,,,,,,,,,,,,,,,,,,,,,,,,,,,,,,,,,,,,,,,,,,,,,,,,,,,,,,,,,,,,,,,,,,,,,,,,,,,,,,,,,,,,
05_03,05,03,m,16,01/06/21,05/04/22,a,n,.,.,.,.,.,.,.,.,w,374238,375088,1,r,1,r,1,r,10,bu,,,,,,,,,,,,,,,,,,,,,,,,,,,,,,,,,,,,,,,,,,,,,,,,,,,,,,,,,,,,,,,,,,,,,,,,,,,,,,,,,,,,,,,,,,,,,,,,,,,,,,,,,,
05_03,05,03,m,16,01/06/21,05/04/22,a,n,.,.,.,.,.,.,.,.,w,375088,375089,1,r,1,r,1,r,10,bu,,,,,,,,,,,,,,,,,,41,y,.,.,.,.,p,.,.,.,.,.,.,.,.,.,.,,,,,,,,,,,,,,,,,,,,,,,,,,,,,,,,,,,,,,,,,,,,,,,,,,,,,,,,,,,,,,,,,,,,,,,,
05_03,05,03,m,16,01/06/21,05/04/22,a,n,.,.,.,.,.,.,.,.,w,375089,388042,1,r,1,r,1,r,10,bu,,,,,,,,,,,,,,,,,,,,,,,,,,,,,,,,,,,,,,,,,,,,,,,,,,,,,,,,,,,,,,,,,,,,,,,,,,,,,,,,,,,,,,,,,,,,,,,,,,,,,,,,,,
05_03,05,03,m,16,01/06/21,05/04/22,a,n,.,.,.,.,.,.,.,.,w,388042,388043,1,r,1,r,1,r,10,bu,,,,,,,,,,,,,,,,,,42,y,.,.,.,.,d,.,.,.,.,.,.,.,.,.,.,,,,,,,,,,,,,,,,,,,,,,,,,,,,,,,,,,,,,,,,,,,,,,,,,,,,,,,,,,,,,,,,,,,,,,,,
05_03,05,03,m,16,01/06/21,05/04/22,a,n,.,.,.,.,.,.,.,.,w,388043,389776,1,r,1,r,1,r,10,bu,,,,,,,,,,,,,,,,,,,,,,,,,,,,,,,,,,,,,,,,,,,,,,,,,,,,,,,,,,,,,,,,,,,,,,,,,,,,,,,,,,,,,,,,,,,,,,,,,,,,,,,,,,
05_03,05,03,m,16,01/06/21,05/04/22,a,n,.,.,.,.,.,.,.,.,w,389776,389777,1,r,1,r,1,r,10,bu,,,,,,,,,,,,,,,,,,43,y,.,.,.,.,o,.,.,.,y,.,.,.,.,.,.,,,,,,,,,,,,,,,,,,,,,,,,,,,,,,,,,,,,,,,,,,,,,,,,,,,,,,,,,,,,,,,,,,,,,,,,
05_03,05,03,m,16,01/06/21,05/04/22,a,n,.,.,.,.,.,.,.,.,w,389777,392258,1,r,1,r,1,r,10,bu,,,,,,,,,,,,,,,,,,,,,,,,,,,,,,,,,,,,,,,,,,,,,,,,,,,,,,,,,,,,,,,,,,,,,,,,,,,,,,,,,,,,,,,,,,,,,,,,,,,,,,,,,,
05_03,05,03,m,16,01/06/21,05/04/22,a,n,.,.,.,.,.,.,.,.,w,392258,392259,1,r,1,r,1,r,10,bu,,,,,,,,,,,,,,,,,,44,y,.,.,.,.,i,.,.,.,.,y,.,.,.,.,.,,,,,,,,,,,,,,,,,,,,,,,,,,,,,,,,,,,,,,,,,,,,,,,,,,,,,,,,,,,,,,,,,,,,,,,,
05_03,05,03,m,16,01/06/21,05/04/22,a,n,.,.,.,.,.,.,.,.,w,392259,394706,1,r,1,r,1,r,10,bu,,,,,,,,,,,,,,,,,,,,,,,,,,,,,,,,,,,,,,,,,,,,,,,,,,,,,,,,,,,,,,,,,,,,,,,,,,,,,,,,,,,,,,,,,,,,,,,,,,,,,,,,,,
05_03,05,03,m,16,01/06/21,05/04/22,a,n,.,.,.,.,.,.,.,.,w,394706,394707,1,r,1,r,1,r,10,bu,,,,,,,,,,,,,,,,,,45,y,.,.,.,.,p,.,.,.,.,.,.,.,.,.,.,,,,,,,,,,,,,,,,,,,,,,,,,,,,,,,,,,,,,,,,,,,,,,,,,,,,,,,,,,,,,,,,,,,,,,,,
05_03,05,03,m,16,01/06/21,05/04/22,a,n,.,.,.,.,.,.,.,.,w,394707,401404,1,r,1,r,1,r,10,bu,,,,,,,,,,,,,,,,,,,,,,,,,,,,,,,,,,,,,,,,,,,,,,,,,,,,,,,,,,,,,,,,,,,,,,,,,,,,,,,,,,,,,,,,,,,,,,,,,,,,,,,,,,
05_03,05,03,m,16,01/06/21,05/04/22,a,n,.,.,.,.,.,.,.,.,w,401404,401405,1,r,1,r,1,r,10,bu,,,,,,,,,,,,,,,,,,46,y,.,.,.,.,d,.,.,.,.,.,.,.,.,.,.,,,,,,,,,,,,,,,,,,,,,,,,,,,,,,,,,,,,,,,,,,,,,,,,,,,,,,,,,,,,,,,,,,,,,,,,
05_03,05,03,m,16,01/06/21,05/04/22,a,n,.,.,.,.,.,.,.,.,w,401405,403308,1,r,1,r,1,r,10,bu,,,,,,,,,,,,,,,,,,,,,,,,,,,,,,,,,,,,,,,,,,,,,,,,,,,,,,,,,,,,,,,,,,,,,,,,,,,,,,,,,,,,,,,,,,,,,,,,,,,,,,,,,,
05_03,05,03,m,16,01/06/21,05/04/22,a,n,.,.,.,.,.,.,.,.,w,403308,403309,1,r,1,r,1,r,10,bu,,,,,,,,,,,,,,,,,,47,y,.,.,.,.,o,.,.,.,y,.,.,.,.,.,.,,,,,,,,,,,,,,,,,,,,,,,,,,,,,,,,,,,,,,,,,,,,,,,,,,,,,,,,,,,,,,,,,,,,,,,,
05_03,05,03,m,16,01/06/21,05/04/22,a,n,.,.,.,.,.,.,.,.,w,403309,408544,1,r,1,r,1,r,10,bu,,,,,,,,,,,,,,,,,,,,,,,,,,,,,,,,,,,,,,,,,,,,,,,,,,,,,,,,,,,,,,,,,,,,,,,,,,,,,,,,,,,,,,,,,,,,,,,,,,,,,,,,,,
05_03,05,03,m,16,01/06/21,05/04/22,a,n,.,.,.,.,.,.,.,.,w,408544,408545,1,r,1,r,1,r,10,bu,,,,,,,,,,,,,,,,,,48,y,.,.,.,.,i,.,.,.,.,y,.,.,.,.,.,,,,,,,,,,,,,,,,,,,,,,,,,,,,,,,,,,,,,,,,,,,,,,,,,,,,,,,,,,,,,,,,,,,,,,,,
05_03,05,03,m,16,01/06/21,05/04/22,a,n,.,.,.,.,.,.,.,.,w,408545,410108,1,r,1,r,1,r,10,bu,,,,,,,,,,,,,,,,,,,,,,,,,,,,,,,,,,,,,,,,,,,,,,,,,,,,,,,,,,,,,,,,,,,,,,,,,,,,,,,,,,,,,,,,,,,,,,,,,,,,,,,,,,
05_03,05,03,m,16,01/06/21,05/04/22,a,n,.,.,.,.,.,.,.,.,w,410108,410109,1,r,1,r,1,r,10,bu,,,,,,,,,,,,,,,,,,49,y,.,.,.,.,p,.,.,.,.,.,.,.,.,.,.,,,,,,,,,,,,,,,,,,,,,,,,,,,,,,,,,,,,,,,,,,,,,,,,,,,,,,,,,,,,,,,,,,,,,,,,
05_03,05,03,m,16,01/06/21,05/04/22,a,n,.,.,.,.,.,.,.,.,w,410109,416058,1,r,1,r,1,r,10,bu,,,,,,,,,,,,,,,,,,,,,,,,,,,,,,,,,,,,,,,,,,,,,,,,,,,,,,,,,,,,,,,,,,,,,,,,,,,,,,,,,,,,,,,,,,,,,,,,,,,,,,,,,,
05_03,05,03,m,16,01/06/21,05/04/22,a,n,.,.,.,.,.,.,.,.,w,416058,416059,1,r,1,r,1,r,10,bu,,,,,,,,,,,,,,,,,,50,y,.,.,.,.,d,.,.,.,.,.,.,.,.,.,.,,,,,,,,,,,,,,,,,,,,,,,,,,,,,,,,,,,,,,,,,,,,,,,,,,,,,,,,,,,,,,,,,,,,,,,,
05_03,05,03,m,16,01/06/21,05/04/22,a,n,.,.,.,.,.,.,.,.,w,416059,420818,1,r,1,r,1,r,10,bu,,,,,,,,,,,,,,,,,,,,,,,,,,,,,,,,,,,,,,,,,,,,,,,,,,,,,,,,,,,,,,,,,,,,,,,,,,,,,,,,,,,,,,,,,,,,,,,,,,,,,,,,,,
05_03,05,03,m,16,01/06/21,05/04/22,a,n,.,.,.,.,.,.,.,.,w,420818,420819,1,r,1,r,1,r,10,bu,,,,,,,,,,,,,,,,,,51,y,.,.,.,.,da,.,y,.,.,.,.,.,.,.,.,,,,,,,,,,,,,,,,,,,,,,,,,,,,,,,,,,,,,,,,,,,,,,,,,,,,,,,,,,,,,,,,,,,,,,,,
05_03,05,03,m,16,01/06/21,05/04/22,a,n,.,.,.,.,.,.,.,.,w,420819,423130,1,r,1,r,1,r,10,bu,,,,,,,,,,,,,,,,,,,,,,,,,,,,,,,,,,,,,,,,,,,,,,,,,,,,,,,,,,,,,,,,,,,,,,,,,,,,,,,,,,,,,,,,,,,,,,,,,,,,,,,,,,
05_03,05,03,m,16,01/06/21,05/04/22,a,n,.,.,.,.,.,.,.,.,w,423130,423131,1,r,1,r,1,r,10,bu,,,,,,,,,,,,,,,,,,52,y,.,.,.,.,p,.,.,.,.,.,.,.,.,.,.,,,,,,,,,,,,,,,,,,,,,,,,,,,,,,,,,,,,,,,,,,,,,,,,,,,,,,,,,,,,,,,,,,,,,,,,
05_03,05,03,m,16,01/06/21,05/04/22,a,n,.,.,.,.,.,.,.,.,w,423131,432854,1,r,1,r,1,r,10,bu,,,,,,,,,,,,,,,,,,,,,,,,,,,,,,,,,,,,,,,,,,,,,,,,,,,,,,,,,,,,,,,,,,,,,,,,,,,,,,,,,,,,,,,,,,,,,,,,,,,,,,,,,,
05_03,05,03,m,16,01/06/21,05/04/22,a,n,.,.,.,.,.,.,.,.,w,432854,432855,1,r,1,r,1,r,10,bu,,,,,,,,,,,,,,,,,,53,y,.,.,.,.,p,.,.,.,.,.,.,.,.,.,.,,,,,,,,,,,,,,,,,,,,,,,,,,,,,,,,,,,,,,,,,,,,,,,,,,,,,,,,,,,,,,,,,,,,,,,,
05_03,05,03,m,16,01/06/21,05/04/22,a,n,.,.,.,.,.,.,.,.,w,432855,442306,1,r,1,r,1,r,10,bu,,,,,,,,,,,,,,,,,,,,,,,,,,,,,,,,,,,,,,,,,,,,,,,,,,,,,,,,,,,,,,,,,,,,,,,,,,,,,,,,,,,,,,,,,,,,,,,,,,,,,,,,,,
05_03,05,03,m,16,01/06/21,05/04/22,a,n,.,.,.,.,.,.,.,.,w,442306,442307,1,r,1,r,1,r,10,bu,,,,,,,,,,,,,,,,,,54,y,.,.,.,.,d,.,.,.,.,.,.,.,.,.,.,,,,,,,,,,,,,,,,,,,,,,,,,,,,,,,,,,,,,,,,,,,,,,,,,,,,,,,,,,,,,,,,,,,,,,,,
05_03,05,03,m,16,01/06/21,05/04/22,a,n,.,.,.,.,.,.,.,.,w,442307,451248,1,r,1,r,1,r,10,bu,,,,,,,,,,,,,,,,,,,,,,,,,,,,,,,,,,,,,,,,,,,,,,,,,,,,,,,,,,,,,,,,,,,,,,,,,,,,,,,,,,,,,,,,,,,,,,,,,,,,,,,,,,
05_03,05,03,m,16,01/06/21,05/04/22,a,n,.,.,.,.,.,.,.,.,w,451248,451249,1,r,1,r,1,r,10,bu,,,,,,,,,,,,,,,,,,55,y,.,.,.,.,p,.,.,.,.,.,.,.,.,.,.,,,,,,,,,,,,,,,,,,,,,,,,,,,,,,,,,,,,,,,,,,,,,,,,,,,,,,,,,,,,,,,,,,,,,,,,
05_03,05,03,m,16,01/06/21,05/04/22,a,n,.,.,.,.,.,.,.,.,w,451249,452166,1,r,1,r,1,r,10,bu,,,,,,,,,,,,,,,,,,,,,,,,,,,,,,,,,,,,,,,,,,,,,,,,,,,,,,,,,,,,,,,,,,,,,,,,,,,,,,,,,,,,,,,,,,,,,,,,,,,,,,,,,,
05_03,05,03,m,16,01/06/21,05/04/22,a,n,.,.,.,.,.,.,.,.,w,452166,452167,1,r,1,r,1,r,10,bu,,,,,,,,,,,,,,,,,,56,y,.,.,.,.,i,.,.,.,.,y,.,.,.,.,.,,,,,,,,,,,,,,,,,,,,,,,,,,,,,,,,,,,,,,,,,,,,,,,,,,,,,,,,,,,,,,,,,,,,,,,,
05_03,05,03,m,16,01/06/21,05/04/22,a,n,.,.,.,.,.,.,.,.,w,452167,453934,1,r,1,r,1,r,10,bu,,,,,,,,,,,,,,,,,,,,,,,,,,,,,,,,,,,,,,,,,,,,,,,,,,,,,,,,,,,,,,,,,,,,,,,,,,,,,,,,,,,,,,,,,,,,,,,,,,,,,,,,,,
05_03,05,03,m,16,01/06/21,05/04/22,a,n,.,.,.,.,.,.,.,.,w,453934,453935,1,r,1,r,1,r,10,bu,,,,,,,,,,,,,,,,,,57,y,.,.,.,.,i,.,.,.,.,y,.,.,.,.,.,,,,,,,,,,,,,,,,,,,,,,,,,,,,,,,,,,,,,,,,,,,,,,,,,,,,,,,,,,,,,,,,,,,,,,,,
05_03,05,03,m,16,01/06/21,05/04/22,a,n,.,.,.,.,.,.,.,.,w,453935,454444,1,r,1,r,1,r,10,bu,,,,,,,,,,,,,,,,,,,,,,,,,,,,,,,,,,,,,,,,,,,,,,,,,,,,,,,,,,,,,,,,,,,,,,,,,,,,,,,,,,,,,,,,,,,,,,,,,,,,,,,,,,
05_03,05,03,m,16,01/06/21,05/04/22,a,n,.,.,.,.,.,.,.,.,w,454444,454445,1,r,1,r,1,r,10,bu,,,,,,,,,,,,,,,,,,58,y,.,.,.,.,i,.,.,.,.,y,.,.,.,.,.,,,,,,,,,,,,,,,,,,,,,,,,,,,,,,,,,,,,,,,,,,,,,,,,,,,,,,,,,,,,,,,,,,,,,,,,
05_03,05,03,m,16,01/06/21,05/04/22,a,n,.,.,.,.,.,.,.,.,w,454445,456008,1,r,1,r,1,r,10,bu,,,,,,,,,,,,,,,,,,,,,,,,,,,,,,,,,,,,,,,,,,,,,,,,,,,,,,,,,,,,,,,,,,,,,,,,,,,,,,,,,,,,,,,,,,,,,,,,,,,,,,,,,,
05_03,05,03,m,16,01/06/21,05/04/22,a,n,.,.,.,.,.,.,.,.,w,456008,456009,1,r,1,r,1,r,10,bu,,,,,,,,,,,,,,,,,,59,y,.,.,.,.,p,.,.,.,.,.,.,.,.,.,.,,,,,,,,,,,,,,,,,,,,,,,,,,,,,,,,,,,,,,,,,,,,,,,,,,,,,,,,,,,,,,,,,,,,,,,,
05_03,05,03,m,16,01/06/21,05/04/22,a,n,.,.,.,.,.,.,.,.,w,456009,456892,1,r,1,r,1,r,10,bu,,,,,,,,,,,,,,,,,,,,,,,,,,,,,,,,,,,,,,,,,,,,,,,,,,,,,,,,,,,,,,,,,,,,,,,,,,,,,,,,,,,,,,,,,,,,,,,,,,,,,,,,,,
05_03,05,03,m,16,01/06/21,05/04/22,a,n,.,.,.,.,.,.,.,.,w,456892,456893,1,r,1,r,1,r,10,bu,,,,,,,,,,,,,,,,,,60,y,.,.,.,.,i,.,.,.,.,y,.,.,.,.,.,,,,,,,,,,,,,,,,,,,,,,,,,,,,,,,,,,,,,,,,,,,,,,,,,,,,,,,,,,,,,,,,,,,,,,,,
05_03,05,03,m,16,01/06/21,05/04/22,a,n,.,.,.,.,.,.,.,.,w,456893,458558,1,r,1,r,1,r,10,bu,,,,,,,,,,,,,,,,,,,,,,,,,,,,,,,,,,,,,,,,,,,,,,,,,,,,,,,,,,,,,,,,,,,,,,,,,,,,,,,,,,,,,,,,,,,,,,,,,,,,,,,,,,
05_03,05,03,m,16,01/06/21,05/04/22,a,n,.,.,.,.,.,.,.,.,w,458558,458559,1,r,1,r,1,r,10,bu,,,,,,,,,,,,,,,,,,61,y,.,.,.,.,p,.,.,.,.,.,.,.,.,.,.,,,,,,,,,,,,,,,,,,,,,,,,,,,,,,,,,,,,,,,,,,,,,,,,,,,,,,,,,,,,,,,,,,,,,,,,
05_03,05,03,m,16,01/06/21,05/04/22,a,n,.,.,.,.,.,.,.,.,w,458559,459340,1,r,1,r,1,r,10,bu,,,,,,,,,,,,,,,,,,,,,,,,,,,,,,,,,,,,,,,,,,,,,,,,,,,,,,,,,,,,,,,,,,,,,,,,,,,,,,,,,,,,,,,,,,,,,,,,,,,,,,,,,,
05_03,05,03,m,16,01/06/21,05/04/22,a,n,.,.,.,.,.,.,.,.,w,459340,459341,1,r,1,r,1,r,10,bu,,,,,,,,,,,,,,,,,,62,y,.,.,.,.,i,.,.,.,.,y,.,.,.,.,.,,,,,,,,,,,,,,,,,,,,,,,,,,,,,,,,,,,,,,,,,,,,,,,,,,,,,,,,,,,,,,,,,,,,,,,,
05_03,05,03,m,16,01/06/21,05/04/22,a,n,.,.,.,.,.,.,.,.,w,459341,460734,1,r,1,r,1,r,10,bu,,,,,,,,,,,,,,,,,,,,,,,,,,,,,,,,,,,,,,,,,,,,,,,,,,,,,,,,,,,,,,,,,,,,,,,,,,,,,,,,,,,,,,,,,,,,,,,,,,,,,,,,,,
05_03,05,03,m,16,01/06/21,05/04/22,a,n,.,.,.,.,.,.,.,.,w,460734,460735,1,r,1,r,1,r,10,bu,,,,,,,,,,,,,,,,,,63,y,.,.,.,.,p,.,.,.,.,.,.,.,.,.,.,,,,,,,,,,,,,,,,,,,,,,,,,,,,,,,,,,,,,,,,,,,,,,,,,,,,,,,,,,,,,,,,,,,,,,,,
05_03,05,03,m,16,01/06/21,05/04/22,a,n,.,.,.,.,.,.,.,.,w,460735,462400,1,r,1,r,1,r,10,bu,,,,,,,,,,,,,,,,,,,,,,,,,,,,,,,,,,,,,,,,,,,,,,,,,,,,,,,,,,,,,,,,,,,,,,,,,,,,,,,,,,,,,,,,,,,,,,,,,,,,,,,,,,
05_03,05,03,m,16,01/06/21,05/04/22,a,n,.,.,.,.,.,.,.,.,w,462400,462401,1,r,1,r,1,r,10,bu,,,,,,,,,,,,,,,,,,64,y,.,.,.,.,i,.,.,.,.,y,.,.,.,.,.,,,,,,,,,,,,,,,,,,,,,,,,,,,,,,,,,,,,,,,,,,,,,,,,,,,,,,,,,,,,,,,,,,,,,,,,
05_03,05,03,m,16,01/06/21,05/04/22,a,n,.,.,.,.,.,.,.,.,w,462401,471308,1,r,1,r,1,r,10,bu,,,,,,,,,,,,,,,,,,,,,,,,,,,,,,,,,,,,,,,,,,,,,,,,,,,,,,,,,,,,,,,,,,,,,,,,,,,,,,,,,,,,,,,,,,,,,,,,,,,,,,,,,,
05_03,05,03,m,16,01/06/21,05/04/22,a,n,.,.,.,.,.,.,.,.,w,471308,471309,1,r,1,r,1,r,10,bu,,,,,,,,,,,,,,,,,,65,y,.,.,.,.,p,.,.,.,.,.,.,.,.,.,.,,,,,,,,,,,,,,,,,,,,,,,,,,,,,,,,,,,,,,,,,,,,,,,,,,,,,,,,,,,,,,,,,,,,,,,,
05_03,05,03,m,16,01/06/21,05/04/22,a,n,.,.,.,.,.,.,.,.,w,471309,474572,1,r,1,r,1,r,10,bu,,,,,,,,,,,,,,,,,,,,,,,,,,,,,,,,,,,,,,,,,,,,,,,,,,,,,,,,,,,,,,,,,,,,,,,,,,,,,,,,,,,,,,,,,,,,,,,,,,,,,,,,,,
05_03,05,03,m,16,01/06/21,05/04/22,a,n,.,.,.,.,.,.,.,.,w,474572,474573,1,r,1,r,1,r,10,bu,,,,,,,,,,,,,,,,,,66,y,.,.,.,.,d,.,.,.,.,.,.,.,.,.,.,,,,,,,,,,,,,,,,,,,,,,,,,,,,,,,,,,,,,,,,,,,,,,,,,,,,,,,,,,,,,,,,,,,,,,,,
05_03,05,03,m,16,01/06/21,05/04/22,a,n,.,.,.,.,.,.,.,.,w,474573,479468,1,r,1,r,1,r,10,bu,,,,,,,,,,,,,,,,,,,,,,,,,,,,,,,,,,,,,,,,,,,,,,,,,,,,,,,,,,,,,,,,,,,,,,,,,,,,,,,,,,,,,,,,,,,,,,,,,,,,,,,,,,
05_03,05,03,m,16,01/06/21,05/04/22,a,n,.,.,.,.,.,.,.,.,w,479468,479469,1,r,1,r,1,r,10,bu,,,,,,,,,,,,,,,,,,67,y,.,.,.,.,o,.,.,.,y,.,.,.,.,.,.,,,,,,,,,,,,,,,,,,,,,,,,,,,,,,,,,,,,,,,,,,,,,,,,,,,,,,,,,,,,,,,,,,,,,,,,
05_03,05,03,m,16,01/06/21,05/04/22,a,n,.,.,.,.,.,.,.,.,w,479469,481950,1,r,1,r,1,r,10,bu,,,,,,,,,,,,,,,,,,,,,,,,,,,,,,,,,,,,,,,,,,,,,,,,,,,,,,,,,,,,,,,,,,,,,,,,,,,,,,,,,,,,,,,,,,,,,,,,,,,,,,,,,,
05_03,05,03,m,16,01/06/21,05/04/22,a,n,.,.,.,.,.,.,.,.,w,481950,481951,1,r,1,r,1,r,10,bu,,,,,,,,,,,,,,,,,,68,y,.,.,.,.,d,.,.,.,.,.,.,.,.,.,.,,,,,,,,,,,,,,,,,,,,,,,,,,,,,,,,,,,,,,,,,,,,,,,,,,,,,,,,,,,,,,,,,,,,,,,,
05_03,05,03,m,16,01/06/21,05/04/22,a,n,.,.,.,.,.,.,.,.,w,481951,484874,1,r,1,r,1,r,10,bu,,,,,,,,,,,,,,,,,,,,,,,,,,,,,,,,,,,,,,,,,,,,,,,,,,,,,,,,,,,,,,,,,,,,,,,,,,,,,,,,,,,,,,,,,,,,,,,,,,,,,,,,,,
05_03,05,03,m,16,01/06/21,05/04/22,a,n,.,.,.,.,.,.,.,.,w,484874,484875,1,r,1,r,1,r,10,bu,,,,,,,,,,,,,,,,,,69,y,.,.,.,.,o,.,.,.,y,.,.,.,.,.,.,,,,,,,,,,,,,,,,,,,,,,,,,,,,,,,,,,,,,,,,,,,,,,,,,,,,,,,,,,,,,,,,,,,,,,,,
05_03,05,03,m,16,01/06/21,05/04/22,a,n,.,.,.,.,.,.,.,.,w,484875,485384,1,r,1,r,1,r,10,bu,,,,,,,,,,,,,,,,,,,,,,,,,,,,,,,,,,,,,,,,,,,,,,,,,,,,,,,,,,,,,,,,,,,,,,,,,,,,,,,,,,,,,,,,,,,,,,,,,,,,,,,,,,
05_03,05,03,m,16,01/06/21,05/04/22,a,n,.,.,.,.,.,.,.,.,w,485384,485385,1,r,1,r,1,r,10,bu,,,,,,,,,,,,,,,,,,70,y,.,.,.,.,d,.,.,.,.,.,.,.,.,.,.,,,,,,,,,,,,,,,,,,,,,,,,,,,,,,,,,,,,,,,,,,,,,,,,,,,,,,,,,,,,,,,,,,,,,,,,
05_03,05,03,m,16,01/06/21,05/04/22,a,n,.,.,.,.,.,.,.,.,w,485385,488206,1,r,1,r,1,r,10,bu,,,,,,,,,,,,,,,,,,,,,,,,,,,,,,,,,,,,,,,,,,,,,,,,,,,,,,,,,,,,,,,,,,,,,,,,,,,,,,,,,,,,,,,,,,,,,,,,,,,,,,,,,,
05_03,05,03,m,16,01/06/21,05/04/22,a,n,.,.,.,.,.,.,.,.,w,488206,488207,1,r,1,r,1,r,10,bu,,,,,,,,,,,,,,,,,,71,y,.,.,.,.,o,.,.,.,y,.,.,.,.,.,.,,,,,,,,,,,,,,,,,,,,,,,,,,,,,,,,,,,,,,,,,,,,,,,,,,,,,,,,,,,,,,,,,,,,,,,,
05_03,05,03,m,16,01/06/21,05/04/22,a,n,.,.,.,.,.,.,.,.,w,488207,488648,1,r,1,r,1,r,10,bu,,,,,,,,,,,,,,,,,,,,,,,,,,,,,,,,,,,,,,,,,,,,,,,,,,,,,,,,,,,,,,,,,,,,,,,,,,,,,,,,,,,,,,,,,,,,,,,,,,,,,,,,,,
05_03,05,03,m,16,01/06/21,05/04/22,a,n,.,.,.,.,.,.,.,.,w,488648,488649,1,r,1,r,1,r,10,bu,,,,,,,,,,,,,,,,,,72,y,.,.,.,.,d,.,.,.,.,.,.,.,.,.,.,,,,,,,,,,,,,,,,,,,,,,,,,,,,,,,,,,,,,,,,,,,,,,,,,,,,,,,,,,,,,,,,,,,,,,,,
05_03,05,03,m,16,01/06/21,05/04/22,a,n,.,.,.,.,.,.,.,.,w,488649,493034,1,r,1,r,1,r,10,bu,,,,,,,,,,,,,,,,,,,,,,,,,,,,,,,,,,,,,,,,,,,,,,,,,,,,,,,,,,,,,,,,,,,,,,,,,,,,,,,,,,,,,,,,,,,,,,,,,,,,,,,,,,
05_03,05,03,m,16,01/06/21,05/04/22,a,n,.,.,.,.,.,.,.,.,w,493034,493035,1,r,1,r,1,r,10,bu,,,,,,,,,,,,,,,,,,73,y,.,.,.,.,o,.,.,.,y,.,.,.,.,.,.,,,,,,,,,,,,,,,,,,,,,,,,,,,,,,,,,,,,,,,,,,,,,,,,,,,,,,,,,,,,,,,,,,,,,,,,
05_03,05,03,m,16,01/06/21,05/04/22,a,n,.,.,.,.,.,.,.,.,w,493035,493952,1,r,1,r,1,r,10,bu,,,,,,,,,,,,,,,,,,,,,,,,,,,,,,,,,,,,,,,,,,,,,,,,,,,,,,,,,,,,,,,,,,,,,,,,,,,,,,,,,,,,,,,,,,,,,,,,,,,,,,,,,,
05_03,05,03,m,16,01/06/21,05/04/22,a,n,.,.,.,.,.,.,.,.,w,493952,493953,1,r,1,r,1,r,10,bu,,,,,,,,,,,,,,,,,,74,y,.,.,.,.,d,.,.,.,.,.,.,.,.,.,.,,,,,,,,,,,,,,,,,,,,,,,,,,,,,,,,,,,,,,,,,,,,,,,,,,,,,,,,,,,,,,,,,,,,,,,,
05_03,05,03,m,16,01/06/21,05/04/22,a,n,.,.,.,.,.,.,.,.,w,493953,495958,1,r,1,r,1,r,10,bu,,,,,,,,,,,,,,,,,,,,,,,,,,,,,,,,,,,,,,,,,,,,,,,,,,,,,,,,,,,,,,,,,,,,,,,,,,,,,,,,,,,,,,,,,,,,,,,,,,,,,,,,,,
05_03,05,03,m,16,01/06/21,05/04/22,a,n,.,.,.,.,.,.,.,.,w,495958,495959,1,r,1,r,1,r,10,bu,,,,,,,,,,,,,,,,,,75,y,.,.,.,.,o,.,.,.,y,.,.,.,.,.,.,,,,,,,,,,,,,,,,,,,,,,,,,,,,,,,,,,,,,,,,,,,,,,,,,,,,,,,,,,,,,,,,,,,,,,,,
05_03,05,03,m,16,01/06/21,05/04/22,a,n,.,.,.,.,.,.,.,.,w,495959,496196,1,r,1,r,1,r,10,bu,,,,,,,,,,,,,,,,,,,,,,,,,,,,,,,,,,,,,,,,,,,,,,,,,,,,,,,,,,,,,,,,,,,,,,,,,,,,,,,,,,,,,,,,,,,,,,,,,,,,,,,,,,
05_03,05,03,m,16,01/06/21,05/04/22,a,n,.,.,.,.,.,.,.,.,w,496196,496197,1,r,1,r,1,r,10,bu,,,,,,,,,,,,,,,,,,76,y,.,.,.,.,d,.,.,.,.,.,.,.,.,.,.,,,,,,,,,,,,,,,,,,,,,,,,,,,,,,,,,,,,,,,,,,,,,,,,,,,,,,,,,,,,,,,,,,,,,,,,
05_03,05,03,m,16,01/06/21,05/04/22,a,n,.,.,.,.,.,.,.,.,w,496197,502724,1,r,1,r,1,r,10,bu,,,,,,,,,,,,,,,,,,,,,,,,,,,,,,,,,,,,,,,,,,,,,,,,,,,,,,,,,,,,,,,,,,,,,,,,,,,,,,,,,,,,,,,,,,,,,,,,,,,,,,,,,,
05_03,05,03,m,16,01/06/21,05/04/22,a,n,.,.,.,.,.,.,.,.,w,502724,502725,1,r,1,r,1,r,10,bu,,,,,,,,,,,,,,,,,,77,y,.,.,.,.,p,.,.,.,.,.,.,.,.,.,.,,,,,,,,,,,,,,,,,,,,,,,,,,,,,,,,,,,,,,,,,,,,,,,,,,,,,,,,,,,,,,,,,,,,,,,,
05_03,05,03,m,16,01/06/21,05/04/22,a,n,.,.,.,.,.,.,.,.,w,502725,513774,1,r,1,r,1,r,10,bu,,,,,,,,,,,,,,,,,,,,,,,,,,,,,,,,,,,,,,,,,,,,,,,,,,,,,,,,,,,,,,,,,,,,,,,,,,,,,,,,,,,,,,,,,,,,,,,,,,,,,,,,,,
05_03,05,03,m,16,01/06/21,05/04/22,a,n,.,.,.,.,.,.,.,.,w,513774,513775,1,r,1,r,1,r,10,bu,,,,,,,,,,,,,,,,,,78,y,.,.,.,.,p,.,.,.,.,.,.,.,.,.,.,,,,,,,,,,,,,,,,,,,,,,,,,,,,,,,,,,,,,,,,,,,,,,,,,,,,,,,,,,,,,,,,,,,,,,,,
05_03,05,03,m,16,01/06/21,05/04/22,a,n,.,.,.,.,.,.,.,.,w,513775,513944,1,r,1,r,1,r,10,bu,,,,,,,,,,,,,,,,,,,,,,,,,,,,,,,,,,,,,,,,,,,,,,,,,,,,,,,,,,,,,,,,,,,,,,,,,,,,,,,,,,,,,,,,,,,,,,,,,,,,,,,,,,
05_03,05,03,m,16,01/06/21,05/04/22,a,n,.,.,.,.,.,.,.,.,w,513944,513945,1,r,1,r,1,r,10,bu,,,,,,,,,,,,,,,,,,79,y,.,.,.,.,d,.,.,.,.,.,.,.,.,.,.,,,,,,,,,,,,,,,,,,,,,,,,,,,,,,,,,,,,,,,,,,,,,,,,,,,,,,,,,,,,,,,,,,,,,,,,
05_03,05,03,m,16,01/06/21,05/04/22,a,n,.,.,.,.,.,.,.,.,w,513945,522172,1,r,1,r,1,r,10,bu,,,,,,,,,,,,,,,,,,,,,,,,,,,,,,,,,,,,,,,,,,,,,,,,,,,,,,,,,,,,,,,,,,,,,,,,,,,,,,,,,,,,,,,,,,,,,,,,,,,,,,,,,,
05_03,05,03,m,16,01/06/21,05/04/22,a,n,.,.,.,.,.,.,.,.,w,522172,522173,1,r,1,r,1,r,10,bu,,,,,,,,,,,,,,,,,,80,y,.,.,.,.,d,.,.,.,.,.,.,.,.,.,.,,,,,,,,,,,,,,,,,,,,,,,,,,,,,,,,,,,,,,,,,,,,,,,,,,,,,,,,,,,,,,,,,,,,,,,,
05_03,05,03,m,16,01/06/21,05/04/22,a,n,.,.,.,.,.,.,.,.,w,522173,523158,1,r,1,r,1,r,10,bu,,,,,,,,,,,,,,,,,,,,,,,,,,,,,,,,,,,,,,,,,,,,,,,,,,,,,,,,,,,,,,,,,,,,,,,,,,,,,,,,,,,,,,,,,,,,,,,,,,,,,,,,,,
05_03,05,03,m,16,01/06/21,05/04/22,a,n,.,.,.,.,.,.,.,.,w,523158,523159,1,r,1,r,1,r,10,bu,,,,,,,,,,,,,,,,,,81,y,.,.,.,.,p,.,.,.,.,.,.,.,.,.,.,,,,,,,,,,,,,,,,,,,,,,,,,,,,,,,,,,,,,,,,,,,,,,,,,,,,,,,,,,,,,,,,,,,,,,,,
05_03,05,03,m,16,01/06/21,05/04/22,a,n,.,.,.,.,.,.,.,.,w,523159,523838,1,r,1,r,1,r,10,bu,,,,,,,,,,,,,,,,,,,,,,,,,,,,,,,,,,,,,,,,,,,,,,,,,,,,,,,,,,,,,,,,,,,,,,,,,,,,,,,,,,,,,,,,,,,,,,,,,,,,,,,,,,
05_03,05,03,m,16,01/06/21,05/04/22,a,n,.,.,.,.,.,.,.,.,w,523838,523839,1,r,1,r,1,r,10,bu,,,,,,,,,,,,,,,,,,82,y,.,.,.,.,d,.,.,.,.,.,.,.,.,.,.,,,,,,,,,,,,,,,,,,,,,,,,,,,,,,,,,,,,,,,,,,,,,,,,,,,,,,,,,,,,,,,,,,,,,,,,
05_03,05,03,m,16,01/06/21,05/04/22,a,n,.,.,.,.,.,.,.,.,w,523839,532848,1,r,1,r,1,r,10,bu,,,,,,,,,,,,,,,,,,,,,,,,,,,,,,,,,,,,,,,,,,,,,,,,,,,,,,,,,,,,,,,,,,,,,,,,,,,,,,,,,,,,,,,,,,,,,,,,,,,,,,,,,,
05_03,05,03,m,16,01/06/21,05/04/22,a,n,.,.,.,.,.,.,.,.,w,532848,532849,1,r,1,r,1,r,10,bu,,,,,,,,,,,,,,,,,,83,y,.,.,.,.,p,.,.,.,.,.,.,.,.,.,.,,,,,,,,,,,,,,,,,,,,,,,,,,,,,,,,,,,,,,,,,,,,,,,,,,,,,,,,,,,,,,,,,,,,,,,,
05_03,05,03,m,16,01/06/21,05/04/22,a,n,.,.,.,.,.,.,.,.,w,532849,533494,1,r,1,r,1,r,10,bu,,,,,,,,,,,,,,,,,,,,,,,,,,,,,,,,,,,,,,,,,,,,,,,,,,,,,,,,,,,,,,,,,,,,,,,,,,,,,,,,,,,,,,,,,,,,,,,,,,,,,,,,,,
05_03,05,03,m,16,01/06/21,05/04/22,a,n,.,.,.,.,.,.,.,.,w,533494,533495,1,r,1,r,1,r,10,bu,,,,,,,,,,,,,,,,,,84,y,.,.,.,.,d,.,.,.,.,.,.,.,.,.,.,,,,,,,,,,,,,,,,,,,,,,,,,,,,,,,,,,,,,,,,,,,,,,,,,,,,,,,,,,,,,,,,,,,,,,,,
05_03,05,03,m,16,01/06/21,05/04/22,a,n,.,.,.,.,.,.,.,.,w,533495,535670,1,r,1,r,1,r,10,bu,,,,,,,,,,,,,,,,,,,,,,,,,,,,,,,,,,,,,,,,,,,,,,,,,,,,,,,,,,,,,,,,,,,,,,,,,,,,,,,,,,,,,,,,,,,,,,,,,,,,,,,,,,
05_03,05,03,m,16,01/06/21,05/04/22,a,n,.,.,.,.,.,.,.,.,w,535670,535671,1,r,1,r,1,r,10,bu,,,,,,,,,,,,,,,,,,85,y,.,.,.,.,p,.,.,.,.,.,.,.,.,.,.,,,,,,,,,,,,,,,,,,,,,,,,,,,,,,,,,,,,,,,,,,,,,,,,,,,,,,,,,,,,,,,,,,,,,,,,
05_03,05,03,m,16,01/06/21,05/04/22,a,n,.,.,.,.,.,.,.,.,w,535671,541722,1,r,1,r,1,r,10,bu,,,,,,,,,,,,,,,,,,,,,,,,,,,,,,,,,,,,,,,,,,,,,,,,,,,,,,,,,,,,,,,,,,,,,,,,,,,,,,,,,,,,,,,,,,,,,,,,,,,,,,,,,,
05_03,05,03,m,16,01/06/21,05/04/22,a,n,.,.,.,.,.,.,.,.,w,541722,541723,1,r,1,r,1,r,10,bu,,,,,,,,,,,,,,,,,,86,y,.,.,.,.,i,.,.,.,.,y,.,.,.,.,.,,,,,,,,,,,,,,,,,,,,,,,,,,,,,,,,,,,,,,,,,,,,,,,,,,,,,,,,,,,,,,,,,,,,,,,,
05_03,05,03,m,16,01/06/21,05/04/22,a,n,.,.,.,.,.,.,.,.,w,541723,543014,1,r,1,r,1,r,10,bu,,,,,,,,,,,,,,,,,,,,,,,,,,,,,,,,,,,,,,,,,,,,,,,,,,,,,,,,,,,,,,,,,,,,,,,,,,,,,,,,,,,,,,,,,,,,,,,,,,,,,,,,,,
05_03,05,03,m,16,01/06/21,05/04/22,a,n,.,.,.,.,.,.,.,.,w,543014,543015,1,r,1,r,1,r,10,bu,,,,,,,,,,,,,,,,,,87,y,.,.,.,.,i,.,.,.,.,y,.,.,.,.,.,,,,,,,,,,,,,,,,,,,,,,,,,,,,,,,,,,,,,,,,,,,,,,,,,,,,,,,,,,,,,,,,,,,,,,,,
05_03,05,03,m,16,01/06/21,05/04/22,a,n,.,.,.,.,.,.,.,.,w,543015,550120,1,r,1,r,1,r,10,bu,,,,,,,,,,,,,,,,,,,,,,,,,,,,,,,,,,,,,,,,,,,,,,,,,,,,,,,,,,,,,,,,,,,,,,,,,,,,,,,,,,,,,,,,,,,,,,,,,,,,,,,,,,
05_03,05,03,m,16,01/06/21,05/04/22,a,n,.,.,.,.,.,.,.,.,w,550120,550121,1,r,1,r,1,r,10,bu,,,,,,,,,,,,,,,,,,88,y,.,.,.,.,o,.,.,.,y,.,.,.,.,.,.,,,,,,,,,,,,,,,,,,,,,,,,,,,,,,,,,,,,,,,,,,,,,,,,,,,,,,,,,,,,,,,,,,,,,,,,
05_03,05,03,m,16,01/06/21,05/04/22,a,n,.,.,.,.,.,.,.,.,w,550121,553962,1,r,1,r,1,r,10,bu,,,,,,,,,,,,,,,,,,,,,,,,,,,,,,,,,,,,,,,,,,,,,,,,,,,,,,,,,,,,,,,,,,,,,,,,,,,,,,,,,,,,,,,,,,,,,,,,,,,,,,,,,,
05_03,05,03,m,16,01/06/21,05/04/22,a,n,.,.,.,.,.,.,.,.,w,553962,553963,1,r,1,r,1,r,10,bu,,,,,,,,,,,,,,,,,,89,y,.,.,.,.,o,.,.,.,y,.,.,.,.,.,.,,,,,,,,,,,,,,,,,,,,,,,,,,,,,,,,,,,,,,,,,,,,,,,,,,,,,,,,,,,,,,,,,,,,,,,,
05_03,05,03,m,16,01/06/21,05/04/22,a,n,.,.,.,.,.,.,.,.,w,553963,555934,1,r,1,r,1,r,10,bu,,,,,,,,,,,,,,,,,,,,,,,,,,,,,,,,,,,,,,,,,,,,,,,,,,,,,,,,,,,,,,,,,,,,,,,,,,,,,,,,,,,,,,,,,,,,,,,,,,,,,,,,,,
05_03,05,03,m,16,01/06/21,05/04/22,a,n,.,.,.,.,.,.,.,.,w,555934,555935,1,r,1,r,1,r,10,bu,,,,,,,,,,,,,,,,,,90,y,.,.,.,.,i,.,.,.,.,y,.,.,.,.,.,,,,,,,,,,,,,,,,,,,,,,,,,,,,,,,,,,,,,,,,,,,,,,,,,,,,,,,,,,,,,,,,,,,,,,,,
05_03,05,03,m,16,01/06/21,05/04/22,a,n,.,.,.,.,.,.,.,.,w,555935,556988,1,r,1,r,1,r,10,bu,,,,,,,,,,,,,,,,,,,,,,,,,,,,,,,,,,,,,,,,,,,,,,,,,,,,,,,,,,,,,,,,,,,,,,,,,,,,,,,,,,,,,,,,,,,,,,,,,,,,,,,,,,
05_03,05,03,m,16,01/06/21,05/04/22,a,n,.,.,.,.,.,.,.,.,w,556988,556989,1,r,1,r,1,r,10,bu,,,,,,,,,,,,,,,,,,91,y,.,.,.,.,i,.,.,.,.,y,.,.,.,.,.,,,,,,,,,,,,,,,,,,,,,,,,,,,,,,,,,,,,,,,,,,,,,,,,,,,,,,,,,,,,,,,,,,,,,,,,
05_03,05,03,m,16,01/06/21,05/04/22,a,n,.,.,.,.,.,.,.,.,w,556989,560422,1,r,1,r,1,r,10,bu,,,,,,,,,,,,,,,,,,,,,,,,,,,,,,,,,,,,,,,,,,,,,,,,,,,,,,,,,,,,,,,,,,,,,,,,,,,,,,,,,,,,,,,,,,,,,,,,,,,,,,,,,,
05_03,05,03,m,16,01/06/21,05/04/22,a,n,.,.,.,.,.,.,.,.,w,560422,560423,1,r,1,r,1,r,10,bu,,,,,,,,,,,,,,,,,,92,y,.,.,.,.,o,.,.,.,y,.,.,.,.,.,.,,,,,,,,,,,,,,,,,,,,,,,,,,,,,,,,,,,,,,,,,,,,,,,,,,,,,,,,,,,,,,,,,,,,,,,,
05_03,05,03,m,16,01/06/21,05/04/22,a,n,.,.,.,.,.,.,.,.,w,560423,565964,1,r,1,r,1,r,10,bu,,,,,,,,,,,,,,,,,,,,,,,,,,,,,,,,,,,,,,,,,,,,,,,,,,,,,,,,,,,,,,,,,,,,,,,,,,,,,,,,,,,,,,,,,,,,,,,,,,,,,,,,,,
05_03,05,03,m,16,01/06/21,05/04/22,a,n,.,.,.,.,.,.,.,.,w,565964,565965,1,r,1,r,1,r,10,bu,,,,,,,,,,,,,,,,,,93,y,.,.,.,.,o,.,.,.,y,.,.,.,.,.,.,,,,,,,,,,,,,,,,,,,,,,,,,,,,,,,,,,,,,,,,,,,,,,,,,,,,,,,,,,,,,,,,,,,,,,,,
05_03,05,03,m,16,01/06/21,05/04/22,a,n,.,.,.,.,.,.,.,.,w,565965,576776,1,r,1,r,1,r,10,bu,,,,,,,,,,,,,,,,,,,,,,,,,,,,,,,,,,,,,,,,,,,,,,,,,,,,,,,,,,,,,,,,,,,,,,,,,,,,,,,,,,,,,,,,,,,,,,,,,,,,,,,,,,
05_03,05,03,m,16,01/06/21,05/04/22,a,n,.,.,.,.,.,.,.,.,w,576776,576777,1,r,1,r,1,r,10,bu,,,,,,,,,,,,,,,,,,94,y,.,.,.,.,d,.,.,.,.,.,.,.,.,.,.,,,,,,,,,,,,,,,,,,,,,,,,,,,,,,,,,,,,,,,,,,,,,,,,,,,,,,,,,,,,,,,,,,,,,,,,
05_03,05,03,m,16,01/06/21,05/04/22,a,n,.,.,.,.,.,.,.,.,w,576777,580959,1,r,1,r,1,r,10,bu,,,,,,,,,,,,,,,,,,,,,,,,,,,,,,,,,,,,,,,,,,,,,,,,,,,,,,,,,,,,,,,,,,,,,,,,,,,,,,,,,,,,,,,,,,,,,,,,,,,,,,,,,,
05_03,05,03,m,16,01/06/21,05/04/22,a,n,.,.,.,.,.,.,.,.,w,580959,585718,1,r,1,r,1,r,,,,,,,,,,,,,,,,,,,,,,,,,,,,,,,,,,,,,,,,,,,,,,,,,,,,,,,,,,,,,,,,,,,,,,,,,,,,,,,,,,,,,,,,,,,,,,,,,,,,,,,,,,,,
05_03,05,03,m,16,01/06/21,05/04/22,a,n,.,.,.,.,.,.,.,.,w,585718,628457,1,r,1,r,1,r,11,a,95,y,.,.,.,.,t,.,.,.,.,.,.,.,.,.,.,,,,,,,,,,,,,,,,,,,,,,,,,,,,,,,,,,,,,,,,,,,,,,,,,,,,,,,,,,,,,,,,,,,,,,,,,,,,,,,,,,,,,,,,,
05_03,05,03,m,16,01/06/21,05/04/22,a,n,.,.,.,.,.,.,.,.,w,628457,631516,1,r,1,r,1,r,,,,,,,,,,,,,,,,,,,,,,,,,,,,,,,,,,,,,,,,,,,,,,,,,,,,,,,,,,,,,,,,,,,,,,,,,,,,,,,,,,,,,,,,,,,,,,,,,,,,,,,,,,,,
05_03,05,03,m,16,01/06/21,05/04/22,a,n,.,.,.,.,.,.,.,.,w,631516,663205,1,r,1,r,1,r,12,a,96,y,.,.,.,.,t,.,.,.,.,.,.,.,.,.,.,,,,,,,,,,,,,,,,,,,,,,,,,,,,,,,,,,,,,,,,,,,,,,,,,,,,,,,,,,,,,,,,,,,,,,,,,,,,,,,,,,,,,,,,,
05_03,05,03,m,16,01/06/21,05/04/22,a,n,.,.,.,.,.,.,.,.,w,663205,666400,1,r,1,r,1,r,,,,,,,,,,,,,,,,,,,,,,,,,,,,,,,,,,,,,,,,,,,,,,,,,,,,,,,,,,,,,,,,,,,,,,,,,,,,,,,,,,,,,,,,,,,,,,,,,,,,,,,,,,,,
05_03,05,03,m,16,01/06/21,05/04/22,a,n,.,.,.,.,.,.,.,.,w,666400,673200,1,r,1,r,1,r,13,cu,,,,,,,,,,,,,,,,,,,,,,,,,,,,,,,,,,,,,,,,,,,,,,,,,,,,,,,,,,,,,,,,,,,,,,,,,,,,,,,,,,,,,,,,,,,,,,,,,,,,,,,,,,
05_03,05,03,m,16,01/06/21,05/04/22,a,n,.,.,.,.,.,.,.,.,w,673200,673201,1,r,1,r,1,r,13,cu,,,,,,,,,,,,,,,,,,97,y,.,.,.,.,o,.,.,.,y,.,.,.,.,.,.,,,,,,,,,,,,,,,,,,,,,,,,,,,,,,,,,,,,,,,,,,,,,,,,,,,,,,,,,,,,,,,,,,,,,,,,
05_03,05,03,m,16,01/06/21,05/04/22,a,n,.,.,.,.,.,.,.,.,w,673201,676872,1,r,1,r,1,r,13,cu,,,,,,,,,,,,,,,,,,,,,,,,,,,,,,,,,,,,,,,,,,,,,,,,,,,,,,,,,,,,,,,,,,,,,,,,,,,,,,,,,,,,,,,,,,,,,,,,,,,,,,,,,,
05_03,05,03,m,16,01/06/21,05/04/22,a,n,.,.,.,.,.,.,.,.,w,676872,676873,1,r,1,r,1,r,13,cu,,,,,,,,,,,,,,,,,,98,y,.,.,.,.,o,.,.,.,y,.,.,.,.,.,.,,,,,,,,,,,,,,,,,,,,,,,,,,,,,,,,,,,,,,,,,,,,,,,,,,,,,,,,,,,,,,,,,,,,,,,,
05_03,05,03,m,16,01/06/21,05/04/22,a,n,.,.,.,.,.,.,.,.,w,676873,680272,1,r,1,r,1,r,13,cu,,,,,,,,,,,,,,,,,,,,,,,,,,,,,,,,,,,,,,,,,,,,,,,,,,,,,,,,,,,,,,,,,,,,,,,,,,,,,,,,,,,,,,,,,,,,,,,,,,,,,,,,,,
05_03,05,03,m,16,01/06/21,05/04/22,a,n,.,.,.,.,.,.,.,.,w,680272,680273,1,r,1,r,1,r,13,cu,,,,,,,,,,,,,,,,,,99,y,.,.,.,.,o,.,.,.,y,.,.,.,.,.,.,,,,,,,,,,,,,,,,,,,,,,,,,,,,,,,,,,,,,,,,,,,,,,,,,,,,,,,,,,,,,,,,,,,,,,,,
05_03,05,03,m,16,01/06/21,05/04/22,a,n,.,.,.,.,.,.,.,.,w,680273,684590,1,r,1,r,1,r,13,cu,,,,,,,,,,,,,,,,,,,,,,,,,,,,,,,,,,,,,,,,,,,,,,,,,,,,,,,,,,,,,,,,,,,,,,,,,,,,,,,,,,,,,,,,,,,,,,,,,,,,,,,,,,
05_03,05,03,m,16,01/06/21,05/04/22,a,n,.,.,.,.,.,.,.,.,w,684590,684591,1,r,1,r,1,r,13,cu,,,,,,,,,,,,,,,,,,100,y,.,.,.,.,d,.,.,.,.,.,.,.,.,.,.,,,,,,,,,,,,,,,,,,,,,,,,,,,,,,,,,,,,,,,,,,,,,,,,,,,,,,,,,,,,,,,,,,,,,,,,
05_03,05,03,m,16,01/06/21,05/04/22,a,n,.,.,.,.,.,.,.,.,w,684591,690234,1,r,1,r,1,r,,,,,,,,,,,,,,,,,,,,,,,,,,,,,,,,,,,,,,,,,,,,,,,,,,,,,,,,,,,,,,,,,,,,,,,,,,,,,,,,,,,,,,,,,,,,,,,,,,,,,,,,,,,,
05_03,05,03,m,16,01/06/21,05/04/22,a,n,.,.,.,.,.,.,.,.,w,690234,691560,1,r,1,r,1,r,14,bu,,,,,,,,,,,,,,,,,,,,,,,,,,,,,,,,,,,,,,,,,,,,,,,,,,,,,,,,,,,,,,,,,,,,,,,,,,,,,,,,,,,,,,,,,,,,,,,,,,,,,,,,,,
05_03,05,03,m,16,01/06/21,05/04/22,a,n,.,.,.,.,.,.,.,.,w,691560,691561,1,r,1,r,1,r,14,bu,,,,,,,,,,,,,,,,,,101,y,.,.,.,.,p,.,.,.,.,.,.,.,.,.,.,,,,,,,,,,,,,,,,,,,,,,,,,,,,,,,,,,,,,,,,,,,,,,,,,,,,,,,,,,,,,,,,,,,,,,,,
05_03,05,03,m,16,01/06/21,05/04/22,a,n,.,.,.,.,.,.,.,.,w,691561,697340,1,r,1,r,1,r,14,bu,,,,,,,,,,,,,,,,,,,,,,,,,,,,,,,,,,,,,,,,,,,,,,,,,,,,,,,,,,,,,,,,,,,,,,,,,,,,,,,,,,,,,,,,,,,,,,,,,,,,,,,,,,
05_03,05,03,m,16,01/06/21,05/04/22,a,n,.,.,.,.,.,.,.,.,w,697340,697341,1,r,1,r,1,r,14,bu,,,,,,,,,,,,,,,,,,102,y,.,.,.,.,p,.,.,.,.,.,.,.,.,.,.,,,,,,,,,,,,,,,,,,,,,,,,,,,,,,,,,,,,,,,,,,,,,,,,,,,,,,,,,,,,,,,,,,,,,,,,
05_03,05,03,m,16,01/06/21,05/04/22,a,n,.,.,.,.,.,.,.,.,w,697341,705568,1,r,1,r,1,r,14,bu,,,,,,,,,,,,,,,,,,,,,,,,,,,,,,,,,,,,,,,,,,,,,,,,,,,,,,,,,,,,,,,,,,,,,,,,,,,,,,,,,,,,,,,,,,,,,,,,,,,,,,,,,,
05_03,05,03,m,16,01/06/21,05/04/22,a,n,.,.,.,.,.,.,.,.,w,705568,705569,1,r,1,r,1,r,14,bu,,,,,,,,,,,,,,,,,,103,y,.,.,.,.,i,.,.,.,.,y,.,.,.,.,.,,,,,,,,,,,,,,,,,,,,,,,,,,,,,,,,,,,,,,,,,,,,,,,,,,,,,,,,,,,,,,,,,,,,,,,,
05_03,05,03,m,16,01/06/21,05/04/22,a,n,.,.,.,.,.,.,.,.,w,705569,707030,1,r,1,r,1,r,14,bu,,,,,,,,,,,,,,,,,,,,,,,,,,,,,,,,,,,,,,,,,,,,,,,,,,,,,,,,,,,,,,,,,,,,,,,,,,,,,,,,,,,,,,,,,,,,,,,,,,,,,,,,,,
05_03,05,03,m,16,01/06/21,05/04/22,a,n,.,.,.,.,.,.,.,.,w,707030,707031,1,r,1,r,1,r,14,bu,,,,,,,,,,,,,,,,,,104,y,.,.,.,.,i,.,.,.,.,y,.,.,.,.,.,,,,,,,,,,,,,,,,,,,,,,,,,,,,,,,,,,,,,,,,,,,,,,,,,,,,,,,,,,,,,,,,,,,,,,,,
05_03,05,03,m,16,01/06/21,05/04/22,a,n,.,.,.,.,.,.,.,.,w,707031,715190,1,r,1,r,1,r,,,,,,,,,,,,,,,,,,,,,,,,,,,,,,,,,,,,,,,,,,,,,,,,,,,,,,,,,,,,,,,,,,,,,,,,,,,,,,,,,,,,,,,,,,,,,,,,,,,,,,,,,,,,
05_03,05,03,m,16,01/06/21,05/04/22,a,n,.,.,.,.,.,.,.,.,w,715190,722909,1,r,1,r,1,r,15,a,105,y,.,.,.,.,t,y,.,.,.,.,.,.,.,.,.,,,,,,,,,,,,,,,,,,,,,,,,,,,,,,,,,,,,,,,,,,,,,,,,,,,,,,,,,,,,,,,,,,,,,,,,,,,,,,,,,,,,,,,,,
05_03,05,03,m,16,01/06/21,05/04/22,a,n,.,.,.,.,.,.,.,.,w,722909,727056,1,r,1,r,1,r,,,,,,,,,,,,,,,,,,,,,,,,,,,,,,,,,,,,,,,,,,,,,,,,,,,,,,,,,,,,,,,,,,,,,,,,,,,,,,,,,,,,,,,,,,,,,,,,,,,,,,,,,,,,
05_03,05,03,m,16,01/06/21,05/04/22,a,n,.,.,.,.,.,.,.,.,w,727056,727057,1,r,1,r,1,r,16,rb,,,,,,,,,,,,,,,,,,106,y,.,.,.,.,p,.,.,.,.,.,.,.,.,.,.,,,,,,,,,,,,,,,,,,,,,,,,,,,,,,,,,,,,,,,,,,,,,,,,,,,,,,,,,,,,,,,,,,,,,,,,
05_03,05,03,m,16,01/06/21,05/04/22,a,n,.,.,.,.,.,.,.,.,w,727057,734230,1,r,1,r,1,r,16,rb,,,,,,,,,,,,,,,,,,,,,,,,,,,,,,,,,,,,,,,,,,,,,,,,,,,,,,,,,,,,,,,,,,,,,,,,,,,,,,,,,,,,,,,,,,,,,,,,,,,,,,,,,,
05_03,05,03,m,16,01/06/21,05/04/22,a,n,.,.,.,.,.,.,.,.,w,734230,734231,,,,,,,16,rb,,,,,,,,,,,,,,,,,,,,,,,,,,,,,,,,,,,,,,,,,,,,,,,,,,,,,,,,,,,,,,,,,,,,,,,,,,,,,,,,,,,,,,,,,,,,,,,,,,,,,,,,,,
05_03,05,03,m,16,01/06/21,05/04/22,a,n,.,.,.,.,.,.,.,.,w,734231,807738,,,,,,,,,,,,,,,,,,,,,,,,,,,,,,,,,,,,,,,,,,,,,,,,,,,,,,,,,,,,,,,,,,,,,,,,,,,,,,,,,,,,,,,,,,,,,,,,,,,,,,,,,,,,,,,,,,
05_03,05,03,m,16,01/06/21,05/04/22,a,n,.,.,.,.,.,.,.,.,w,807738,1430346,2,p,2,p,2,p,,,,,,,,,,,,,,,,,,,,,,,,,,,,,,,,,,,,,,,,,,,,,,,,,,,,,,,,,,,,,,,,,,,,,,,,,,,,,,,,,,,,,,,,,,,,,,,,,,,,,,,,,,,,
05_03,05,03,m,16,01/06/21,05/04/22,a,n,.,.,.,.,.,.,.,.,w,1430346,1553902,,,,,,,,,,,,,,,,,,,,,,,,,,,,,,,,,,,,,,,,,,,,,,,,,,,,,,,,,,,,,,,,,,,,,,,,,,,,,,,,,,,,,,,,,,,,,,,,,,,,,,,,,,,,,,,,,,
05_03,05,03,m,16,01/06/21,05/04/22,a,n,.,.,.,.,.,.,.,.,w,1553902,2088586,3,b,,,,,,,,,,,,,,,,,,,,,,,,,,,,,,,,,,,,,,,,,,,,,,,,,,,,,,,,,,,,,,,,,,,,,,,,,,,,,,,,,,,,,,,,,,,,,,,,,,,,,,,,,,,,,,,,
05_03,05,03,m,16,01/06/21,05/04/22,a,n,.,.,.,.,.,.,.,.,w,2088586,2688550,,,,,,,,,,,,,,,,,,,,,,,,,,,,,,,,,,,,,,,,,,,,,,,,,,,,,,,,,,,,,,,,,,,,,,,,,,,,,,,,,,,,,,,,,,,,,,,,,,,,,,,,,,,,,,,,,,
05_03,05,03,m,16,01/06/21,05/04/22,a,n,.,.,.,.,.,.,.,.,w,2688550,2848180,4,g,,,,,,,,,,,,,,,,,,,,,,,,,,,,,,,,,,,,,,,,,,,,,,,,,,,,,,,,,,,,,,,,,,,,,,,,,,,,,,,,,,,,,,,,,,,,,,,,,,,,,,,,,,,,,,,,
05_03,05,03,m,16,01/06/21,05/04/22,a,n,.,.,.,.,.,.,.,.,w,2848180,3023688,,,,,,,,,,,,,,,,,,,,,,,,,,,,,,,,,,,,,,,,,,,,,,,,,,,,,,,,,,,,,,,,,,,,,,,,,,,,,,,,,,,,,,,,,,,,,,,,,,,,,,,,,,,,,,,,,,
05_03,05,03,m,16,01/06/21,05/04/22,a,n,.,.,.,.,.,.,.,.,w,3023688,3356752,5,m,,,,,,,,,,,,,,,,,,,,,,,,,,,,,,,,,,,,,,,,,,,,,,,,,,,,,,,,,,,,,,,,,,,,,,,,,,,,,,,,,,,,,,,,,,,,,,,,,,,,,,,,,,,,,,,,
05_04,05,04,m,17,01/06/21,06/14/22,a,n,10.85,10.84,77.9,.,34,34.5,34.3,34,w,340000,346698,1,r,1,r,1,r,,,,,,,,,,,,,,,,,,,,,,,,,,,,,,,,,,,,,,,,,,,,,,,,,,,,,,,,,,,,,,,,,,,,,,,,,,,,,,,,,,,,,,,,,,,,,,,,,,,,,,,,,,,,
05_04,05,04,m,17,01/06/21,06/14/22,a,n,10.85,10.84,77.9,.,34,34.5,34.3,34,w,346698,346699,1,r,1,r,1,r,1,y,,,,,,,,,,,,,,,,,,1,y,.,.,.,.,p,.,.,.,.,.,.,.,.,.,.,,,,,,,,,,,,,,,,,,,,,,,,,,,,,,,,,,,,,,,,,,,,,,,,,,,,,,,,,,,,,,,,,,,,,,,,
05_04,05,04,m,17,01/06/21,06/14/22,a,n,10.85,10.84,77.9,.,34,34.5,34.3,34,w,346699,354824,1,r,1,r,1,r,1,y,,,,,,,,,,,,,,,,,,,,,,,,,,,,,,,,,,,,,,,,,,,,,,,,,,,,,,,,,,,,,,,,,,,,,,,,,,,,,,,,,,,,,,,,,,,,,,,,,,,,,,,,,,
05_04,05,04,m,17,01/06/21,06/14/22,a,n,10.85,10.84,77.9,.,34,34.5,34.3,34,w,354824,355640,1,r,1,r,1,r,1,y,,,,,,,,,,,,,,,,,,,,,,,,,,,,,,,,,,,1,bu,,,,,,,,,,,,,,,,,,,,,,,,,,,,,,,,,,,,,,,,,,,,,,,,,,,,,,,,,,,,,,,,,,,,,,
05_04,05,04,m,17,01/06/21,06/14/22,a,n,10.85,10.84,77.9,.,34,34.5,34.3,34,w,355640,355641,1,r,1,r,1,r,1,y,,,,,,,,,,,,,,,,,,2,y,.,.,.,.,d,.,.,.,.,.,.,.,.,.,.,1,bu,,,,,,,,,,,,,,,,,,,,,,,,,,,,,,,,,,,,,,,,,,,,,,,,,,,,,,,,,,,,,,,,,,,,,,
05_04,05,04,m,17,01/06/21,06/14/22,a,n,10.85,10.84,77.9,.,34,34.5,34.3,34,w,355641,357782,1,r,1,r,1,r,,,,,,,,,,,,,,,,,,,,,,,,,,,,,,,,,,,,,1,bu,,,,,,,,,,,,,,,,,,,,,,,,,,,,,,,,,,,,,,,,,,,,,,,,,,,,,,,,,,,,,,,,,,,,,,
05_04,05,04,m,17,01/06/21,06/14/22,a,n,10.85,10.84,77.9,.,34,34.5,34.3,34,w,357782,357783,1,r,1,r,1,r,,,,,,,,,,,,,,,,,,,,,,,,,,,,,,,,,,,,,1,bu,,,,,,,,,,,,,,,,,,72,y,.,.,.,.,o,.,.,.,y,.,.,.,.,.,.,,,,,,,,,,,,,,,,,,,,,,,,,,,,,,,,,,,,
05_04,05,04,m,17,01/06/21,06/14/22,a,n,10.85,10.84,77.9,.,34,34.5,34.3,34,w,357783,362168,1,r,1,r,1,r,,,,,,,,,,,,,,,,,,,,,,,,,,,,,,,,,,,,,1,bu,,,,,,,,,,,,,,,,,,,,,,,,,,,,,,,,,,,,,,,,,,,,,,,,,,,,,,,,,,,,,,,,,,,,,,
05_04,05,04,m,17,01/06/21,06/14/22,a,n,10.85,10.84,77.9,.,34,34.5,34.3,34,w,362168,362169,1,r,1,r,1,r,,,,,,,,,,,,,,,,,,,,,,,,,,,,,,,,,,,,,1,bu,,,,,,,,,,,,,,,,,,72,y,.,.,.,.,d,.,.,.,.,.,.,.,.,.,.,,,,,,,,,,,,,,,,,,,,,,,,,,,,,,,,,,,,
05_04,05,04,m,17,01/06/21,06/14/22,a,n,10.85,10.84,77.9,.,34,34.5,34.3,34,w,362169,363664,1,r,1,r,1,r,,,,,,,,,,,,,,,,,,,,,,,,,,,,,,,,,,,,,1,bu,,,,,,,,,,,,,,,,,,,,,,,,,,,,,,,,,,,,,,,,,,,,,,,,,,,,,,,,,,,,,,,,,,,,,,
05_04,05,04,m,17,01/06/21,06/14/22,a,n,10.85,10.84,77.9,.,34,34.5,34.3,34,w,363664,363665,1,r,1,r,1,r,,,,,,,,,,,,,,,,,,,,,,,,,,,,,,,,,,,,,1,bu,,,,,,,,,,,,,,,,,,72,y,.,.,.,.,o,.,.,.,y,.,.,.,.,.,.,,,,,,,,,,,,,,,,,,,,,,,,,,,,,,,,,,,,
05_04,05,04,m,17,01/06/21,06/14/22,a,n,10.85,10.84,77.9,.,34,34.5,34.3,34,w,363665,364684,1,r,1,r,1,r,,,,,,,,,,,,,,,,,,,,,,,,,,,,,,,,,,,,,1,bu,,,,,,,,,,,,,,,,,,,,,,,,,,,,,,,,,,,,,,,,,,,,,,,,,,,,,,,,,,,,,,,,,,,,,,
05_04,05,04,m,17,01/06/21,06/14/22,a,n,10.85,10.84,77.9,.,34,34.5,34.3,34,w,364684,364685,1,r,1,r,1,r,,,,,,,,,,,,,,,,,,,,,,,,,,,,,,,,,,,,,1,bu,,,,,,,,,,,,,,,,,,72,y,.,.,.,.,d,.,.,.,.,.,.,.,.,.,.,,,,,,,,,,,,,,,,,,,,,,,,,,,,,,,,,,,,
05_04,05,04,m,17,01/06/21,06/14/22,a,n,10.85,10.84,77.9,.,34,34.5,34.3,34,w,364685,367472,1,r,1,r,1,r,,,,,,,,,,,,,,,,,,,,,,,,,,,,,,,,,,,,,1,bu,,,,,,,,,,,,,,,,,,,,,,,,,,,,,,,,,,,,,,,,,,,,,,,,,,,,,,,,,,,,,,,,,,,,,,
05_04,05,04,m,17,01/06/21,06/14/22,a,n,10.85,10.84,77.9,.,34,34.5,34.3,34,w,367472,367473,1,r,1,r,1,r,,,,,,,,,,,,,,,,,,,,,,,,,,,,,,,,,,,,,1,bu,,,,,,,,,,,,,,,,,,72,y,.,.,.,.,o,.,.,.,y,.,.,.,.,.,.,,,,,,,,,,,,,,,,,,,,,,,,,,,,,,,,,,,,
05_04,05,04,m,17,01/06/21,06/14/22,a,n,10.85,10.84,77.9,.,34,34.5,34.3,34,w,367473,368798,1,r,1,r,1,r,,,,,,,,,,,,,,,,,,,,,,,,,,,,,,,,,,,,,1,bu,,,,,,,,,,,,,,,,,,,,,,,,,,,,,,,,,,,,,,,,,,,,,,,,,,,,,,,,,,,,,,,,,,,,,,
05_04,05,04,m,17,01/06/21,06/14/22,a,n,10.85,10.84,77.9,.,34,34.5,34.3,34,w,368798,368799,1,r,1,r,1,r,,,,,,,,,,,,,,,,,,,,,,,,,,,,,,,,,,,,,1,bu,,,,,,,,,,,,,,,,,,72,y,.,.,.,.,d,.,.,.,.,.,.,.,.,.,.,,,,,,,,,,,,,,,,,,,,,,,,,,,,,,,,,,,,
05_04,05,04,m,17,01/06/21,06/14/22,a,n,10.85,10.84,77.9,.,34,34.5,34.3,34,w,368799,370498,1,r,1,r,1,r,,,,,,,,,,,,,,,,,,,,,,,,,,,,,,,,,,,,,1,bu,,,,,,,,,,,,,,,,,,,,,,,,,,,,,,,,,,,,,,,,,,,,,,,,,,,,,,,,,,,,,,,,,,,,,,
05_04,05,04,m,17,01/06/21,06/14/22,a,n,10.85,10.84,77.9,.,34,34.5,34.3,34,w,370498,370499,1,r,1,r,1,r,,,,,,,,,,,,,,,,,,,,,,,,,,,,,,,,,,,,,1,bu,,,,,,,,,,,,,,,,,,72,y,.,.,.,.,o,.,.,.,y,.,.,.,.,.,.,,,,,,,,,,,,,,,,,,,,,,,,,,,,,,,,,,,,
05_04,05,04,m,17,01/06/21,06/14/22,a,n,10.85,10.84,77.9,.,34,34.5,34.3,34,w,370499,372130,1,r,1,r,1,r,,,,,,,,,,,,,,,,,,,,,,,,,,,,,,,,,,,,,1,bu,,,,,,,,,,,,,,,,,,,,,,,,,,,,,,,,,,,,,,,,,,,,,,,,,,,,,,,,,,,,,,,,,,,,,,
05_04,05,04,m,17,01/06/21,06/14/22,a,n,10.85,10.84,77.9,.,34,34.5,34.3,34,w,372130,372131,1,r,1,r,1,r,,,,,,,,,,,,,,,,,,,,,,,,,,,,,,,,,,,,,1,bu,,,,,,,,,,,,,,,,,,72,y,.,.,.,.,d,.,.,.,.,.,.,.,.,.,.,,,,,,,,,,,,,,,,,,,,,,,,,,,,,,,,,,,,
05_04,05,04,m,17,01/06/21,06/14/22,a,n,10.85,10.84,77.9,.,34,34.5,34.3,34,w,372131,373762,1,r,1,r,1,r,,,,,,,,,,,,,,,,,,,,,,,,,,,,,,,,,,,,,1,bu,,,,,,,,,,,,,,,,,,,,,,,,,,,,,,,,,,,,,,,,,,,,,,,,,,,,,,,,,,,,,,,,,,,,,,
05_04,05,04,m,17,01/06/21,06/14/22,a,n,10.85,10.84,77.9,.,34,34.5,34.3,34,w,373762,373763,1,r,1,r,1,r,,,,,,,,,,,,,,,,,,,,,,,,,,,,,,,,,,,,,1,bu,,,,,,,,,,,,,,,,,,72,y,.,.,.,.,o,.,.,.,y,.,.,.,.,.,.,,,,,,,,,,,,,,,,,,,,,,,,,,,,,,,,,,,,
05_04,05,04,m,17,01/06/21,06/14/22,a,n,10.85,10.84,77.9,.,34,34.5,34.3,34,w,373763,375428,1,r,1,r,1,r,,,,,,,,,,,,,,,,,,,,,,,,,,,,,,,,,,,,,1,bu,,,,,,,,,,,,,,,,,,,,,,,,,,,,,,,,,,,,,,,,,,,,,,,,,,,,,,,,,,,,,,,,,,,,,,
05_04,05,04,m,17,01/06/21,06/14/22,a,n,10.85,10.84,77.9,.,34,34.5,34.3,34,w,375428,375429,1,r,1,r,1,r,,,,,,,,,,,,,,,,,,,,,,,,,,,,,,,,,,,,,1,bu,,,,,,,,,,,,,,,,,,72,y,.,.,.,.,d,.,.,.,.,.,.,.,.,.,.,,,,,,,,,,,,,,,,,,,,,,,,,,,,,,,,,,,,
05_04,05,04,m,17,01/06/21,06/14/22,a,n,10.85,10.84,77.9,.,34,34.5,34.3,34,w,375429,379440,1,r,1,r,1,r,,,,,,,,,,,,,,,,,,,,,,,,,,,,,,,,,,,,,1,bu,,,,,,,,,,,,,,,,,,,,,,,,,,,,,,,,,,,,,,,,,,,,,,,,,,,,,,,,,,,,,,,,,,,,,,
05_04,05,04,m,17,01/06/21,06/14/22,a,n,10.85,10.84,77.9,.,34,34.5,34.3,34,w,379440,379441,1,r,1,r,1,r,,,,,,,,,,,,,,,,,,,,,,,,,,,,,,,,,,,,,1,bu,,,,,,,,,,,,,,,,,,72,y,.,.,.,.,o,.,.,.,y,.,.,.,.,.,.,,,,,,,,,,,,,,,,,,,,,,,,,,,,,,,,,,,,
05_04,05,04,m,17,01/06/21,06/14/22,a,n,10.85,10.84,77.9,.,34,34.5,34.3,34,w,379441,383078,1,r,1,r,1,r,,,,,,,,,,,,,,,,,,,,,,,,,,,,,,,,,,,,,1,bu,,,,,,,,,,,,,,,,,,,,,,,,,,,,,,,,,,,,,,,,,,,,,,,,,,,,,,,,,,,,,,,,,,,,,,
05_04,05,04,m,17,01/06/21,06/14/22,a,n,10.85,10.84,77.9,.,34,34.5,34.3,34,w,383078,383079,1,r,1,r,1,r,,,,,,,,,,,,,,,,,,,,,,,,,,,,,,,,,,,,,1,bu,,,,,,,,,,,,,,,,,,72,y,.,.,.,.,i,.,.,.,.,y,.,.,.,.,.,,,,,,,,,,,,,,,,,,,,,,,,,,,,,,,,,,,,
05_04,05,04,m,17,01/06/21,06/14/22,a,n,10.85,10.84,77.9,.,34,34.5,34.3,34,w,383079,384506,1,r,1,r,1,r,,,,,,,,,,,,,,,,,,,,,,,,,,,,,,,,,,,,,1,bu,,,,,,,,,,,,,,,,,,,,,,,,,,,,,,,,,,,,,,,,,,,,,,,,,,,,,,,,,,,,,,,,,,,,,,
05_04,05,04,m,17,01/06/21,06/14/22,a,n,10.85,10.84,77.9,.,34,34.5,34.3,34,w,384506,384507,1,r,1,r,1,r,,,,,,,,,,,,,,,,,,,,,,,,,,,,,,,,,,,,,1,bu,,,,,,,,,,,,,,,,,,72,y,.,.,.,.,p,.,.,.,.,.,.,.,.,.,.,,,,,,,,,,,,,,,,,,,,,,,,,,,,,,,,,,,,
05_04,05,04,m,17,01/06/21,06/14/22,a,n,10.85,10.84,77.9,.,34,34.5,34.3,34,w,384507,386342,1,r,1,r,1,r,,,,,,,,,,,,,,,,,,,,,,,,,,,,,,,,,,,,,1,bu,,,,,,,,,,,,,,,,,,,,,,,,,,,,,,,,,,,,,,,,,,,,,,,,,,,,,,,,,,,,,,,,,,,,,,
05_04,05,04,m,17,01/06/21,06/14/22,a,n,10.85,10.84,77.9,.,34,34.5,34.3,34,w,386342,386343,1,r,1,r,1,r,,,,,,,,,,,,,,,,,,,,,,,,,,,,,,,,,,,,,1,bu,,,,,,,,,,,,,,,,,,72,y,.,.,.,.,i,.,.,.,.,y,.,.,.,.,.,,,,,,,,,,,,,,,,,,,,,,,,,,,,,,,,,,,,
05_04,05,04,m,17,01/06/21,06/14/22,a,n,10.85,10.84,77.9,.,34,34.5,34.3,34,w,386343,387667,1,r,1,r,1,r,,,,,,,,,,,,,,,,,,,,,,,,,,,,,,,,,,,,,1,bu,,,,,,,,,,,,,,,,,,,,,,,,,,,,,,,,,,,,,,,,,,,,,,,,,,,,,,,,,,,,,,,,,,,,,,
05_04,05,04,m,17,01/06/21,06/14/22,a,n,10.85,10.84,77.9,.,34,34.5,34.3,34,w,387667,387668,1,r,1,r,1,r,,,,,,,,,,,,,,,,,,,,,,,,,,,,,,,,,,,,,1,bu,,,,,,,,,,,,,,,,,,72,y,.,.,.,.,p,.,.,.,.,.,.,.,.,.,.,,,,,,,,,,,,,,,,,,,,,,,,,,,,,,,,,,,,
05_04,05,04,m,17,01/06/21,06/14/22,a,n,10.85,10.84,77.9,.,34,34.5,34.3,34,w,387668,389402,1,r,1,r,1,r,,,,,,,,,,,,,,,,,,,,,,,,,,,,,,,,,,,,,1,bu,,,,,,,,,,,,,,,,,,,,,,,,,,,,,,,,,,,,,,,,,,,,,,,,,,,,,,,,,,,,,,,,,,,,,,
05_04,05,04,m,17,01/06/21,06/14/22,a,n,10.85,10.84,77.9,.,34,34.5,34.3,34,w,389402,389403,1,r,1,r,1,r,,,,,,,,,,,,,,,,,,,,,,,,,,,,,,,,,,,,,1,bu,,,,,,,,,,,,,,,,,,72,y,.,.,.,.,i,.,.,.,.,y,.,.,.,.,.,,,,,,,,,,,,,,,,,,,,,,,,,,,,,,,,,,,,
05_04,05,04,m,17,01/06/21,06/14/22,a,n,10.85,10.84,77.9,.,34,34.5,34.3,34,w,389403,390456,1,r,1,r,1,r,,,,,,,,,,,,,,,,,,,,,,,,,,,,,,,,,,,,,1,bu,,,,,,,,,,,,,,,,,,,,,,,,,,,,,,,,,,,,,,,,,,,,,,,,,,,,,,,,,,,,,,,,,,,,,,
05_04,05,04,m,17,01/06/21,06/14/22,a,n,10.85,10.84,77.9,.,34,34.5,34.3,34,w,390456,390457,1,r,1,r,1,r,,,,,,,,,,,,,,,,,,,,,,,,,,,,,,,,,,,,,1,bu,,,,,,,,,,,,,,,,,,72,y,.,.,.,.,p,.,.,.,.,.,.,.,.,.,.,,,,,,,,,,,,,,,,,,,,,,,,,,,,,,,,,,,,
05_04,05,04,m,17,01/06/21,06/14/22,a,n,10.85,10.84,77.9,.,34,34.5,34.3,34,w,390457,391374,1,r,1,r,1,r,,,,,,,,,,,,,,,,,,,,,,,,,,,,,,,,,,,,,1,bu,,,,,,,,,,,,,,,,,,,,,,,,,,,,,,,,,,,,,,,,,,,,,,,,,,,,,,,,,,,,,,,,,,,,,,
05_04,05,04,m,17,01/06/21,06/14/22,a,n,10.85,10.84,77.9,.,34,34.5,34.3,34,w,391374,391375,1,r,1,r,1,r,,,,,,,,,,,,,,,,,,,,,,,,,,,,,,,,,,,,,1,bu,,,,,,,,,,,,,,,,,,72,y,.,.,.,.,i,.,.,.,.,y,.,.,.,.,.,,,,,,,,,,,,,,,,,,,,,,,,,,,,,,,,,,,,
05_04,05,04,m,17,01/06/21,06/14/22,a,n,10.85,10.84,77.9,.,34,34.5,34.3,34,w,391375,391850,1,r,1,r,1,r,,,,,,,,,,,,,,,,,,,,,,,,,,,,,,,,,,,,,1,bu,,,,,,,,,,,,,,,,,,,,,,,,,,,,,,,,,,,,,,,,,,,,,,,,,,,,,,,,,,,,,,,,,,,,,,
05_04,05,04,m,17,01/06/21,06/14/22,a,n,10.85,10.84,77.9,.,34,34.5,34.3,34,w,391850,391851,1,r,1,r,1,r,,,,,,,,,,,,,,,,,,,,,,,,,,,,,,,,,,,,,1,bu,,,,,,,,,,,,,,,,,,72,y,.,.,.,.,p,.,.,.,.,.,.,.,.,.,.,,,,,,,,,,,,,,,,,,,,,,,,,,,,,,,,,,,,
05_04,05,04,m,17,01/06/21,06/14/22,a,n,10.85,10.84,77.9,.,34,34.5,34.3,34,w,391851,393448,1,r,1,r,1,r,,,,,,,,,,,,,,,,,,,,,,,,,,,,,,,,,,,,,1,bu,,,,,,,,,,,,,,,,,,,,,,,,,,,,,,,,,,,,,,,,,,,,,,,,,,,,,,,,,,,,,,,,,,,,,,
05_04,05,04,m,17,01/06/21,06/14/22,a,n,10.85,10.84,77.9,.,34,34.5,34.3,34,w,393448,393449,1,r,1,r,1,r,,,,,,,,,,,,,,,,,,,,,,,,,,,,,,,,,,,,,1,bu,,,,,,,,,,,,,,,,,,72,y,.,.,.,.,i,.,.,.,.,y,.,.,.,.,.,,,,,,,,,,,,,,,,,,,,,,,,,,,,,,,,,,,,
05_04,05,04,m,17,01/06/21,06/14/22,a,n,10.85,10.84,77.9,.,34,34.5,34.3,34,w,393449,395114,1,r,1,r,1,r,,,,,,,,,,,,,,,,,,,,,,,,,,,,,,,,,,,,,1,bu,,,,,,,,,,,,,,,,,,,,,,,,,,,,,,,,,,,,,,,,,,,,,,,,,,,,,,,,,,,,,,,,,,,,,,
05_04,05,04,m,17,01/06/21,06/14/22,a,n,10.85,10.84,77.9,.,34,34.5,34.3,34,w,395114,395115,1,r,1,r,1,r,,,,,,,,,,,,,,,,,,,,,,,,,,,,,,,,,,,,,1,bu,,,,,,,,,,,,,,,,,,72,y,.,.,.,.,p,.,.,.,.,.,.,.,.,.,.,,,,,,,,,,,,,,,,,,,,,,,,,,,,,,,,,,,,
05_04,05,04,m,17,01/06/21,06/14/22,a,n,10.85,10.84,77.9,.,34,34.5,34.3,34,w,395115,396372,1,r,1,r,1,r,,,,,,,,,,,,,,,,,,,,,,,,,,,,,,,,,,,,,1,bu,,,,,,,,,,,,,,,,,,,,,,,,,,,,,,,,,,,,,,,,,,,,,,,,,,,,,,,,,,,,,,,,,,,,,,
05_04,05,04,m,17,01/06/21,06/14/22,a,n,10.85,10.84,77.9,.,34,34.5,34.3,34,w,396372,396373,1,r,1,r,1,r,,,,,,,,,,,,,,,,,,,,,,,,,,,,,,,,,,,,,1,bu,,,,,,,,,,,,,,,,,,72,y,.,.,.,.,i,.,.,.,.,y,.,.,.,.,.,,,,,,,,,,,,,,,,,,,,,,,,,,,,,,,,,,,,
05_04,05,04,m,17,01/06/21,06/14/22,a,n,10.85,10.84,77.9,.,34,34.5,34.3,34,w,396373,396882,1,r,1,r,1,r,,,,,,,,,,,,,,,,,,,,,,,,,,,,,,,,,,,,,1,bu,,,,,,,,,,,,,,,,,,,,,,,,,,,,,,,,,,,,,,,,,,,,,,,,,,,,,,,,,,,,,,,,,,,,,,
05_04,05,04,m,17,01/06/21,06/14/22,a,n,10.85,10.84,77.9,.,34,34.5,34.3,34,w,396882,396883,1,r,1,r,1,r,,,,,,,,,,,,,,,,,,,,,,,,,,,,,,,,,,,,,1,bu,,,,,,,,,,,,,,,,,,72,y,.,.,.,.,p,.,.,.,.,.,.,.,.,.,.,,,,,,,,,,,,,,,,,,,,,,,,,,,,,,,,,,,,
05_04,05,04,m,17,01/06/21,06/14/22,a,n,10.85,10.84,77.9,.,34,34.5,34.3,34,w,396883,403478,1,r,1,r,1,r,,,,,,,,,,,,,,,,,,,,,,,,,,,,,,,,,,,,,1,bu,,,,,,,,,,,,,,,,,,,,,,,,,,,,,,,,,,,,,,,,,,,,,,,,,,,,,,,,,,,,,,,,,,,,,,
05_04,05,04,m,17,01/06/21,06/14/22,a,n,10.85,10.84,77.9,.,34,34.5,34.3,34,w,403478,403479,1,r,1,r,1,r,2,cu,,,,,,,,,,,,,,,,,,3,y,.,.,.,.,p,.,.,.,.,.,.,.,.,.,.,1,bu,,,,,,,,,,,,,,,,,,,,,,,,,,,,,,,,,,,,,,,,,,,,,,,,,,,,,,,,,,,,,,,,,,,,,,
05_04,05,04,m,17,01/06/21,06/14/22,a,n,10.85,10.84,77.9,.,34,34.5,34.3,34,w,403479,408442,1,r,1,r,1,r,2,cu,,,,,,,,,,,,,,,,,,,,,,,,,,,,,,,,,,,1,bu,,,,,,,,,,,,,,,,,,,,,,,,,,,,,,,,,,,,,,,,,,,,,,,,,,,,,,,,,,,,,,,,,,,,,,
05_04,05,04,m,17,01/06/21,06/14/22,a,n,10.85,10.84,77.9,.,34,34.5,34.3,34,w,408442,408443,1,r,1,r,1,r,2,cu,,,,,,,,,,,,,,,,,,4,y,.,.,.,.,d,.,.,.,.,.,.,.,.,.,.,1,bu,,,,,,,,,,,,,,,,,,,,,,,,,,,,,,,,,,,,,,,,,,,,,,,,,,,,,,,,,,,,,,,,,,,,,,
05_04,05,04,m,17,01/06/21,06/14/22,a,n,10.85,10.84,77.9,.,34,34.5,34.3,34,w,408443,410346,1,r,1,r,1,r,,,,,,,,,,,,,,,,,,,,,,,,,,,,,,,,,,,,,1,bu,,,,,,,,,,,,,,,,,,,,,,,,,,,,,,,,,,,,,,,,,,,,,,,,,,,,,,,,,,,,,,,,,,,,,,
05_04,05,04,m,17,01/06/21,06/14/22,a,n,10.85,10.84,77.9,.,34,34.5,34.3,34,w,410346,410347,1,r,1,r,1,r,,,,,,,,,,,,,,,,,,,,,,,,,,,,,,,,,,,,,1,bu,,,,,,,,,,,,,,,,,,72,y,.,.,.,.,o,.,.,.,y,.,.,.,.,.,.,,,,,,,,,,,,,,,,,,,,,,,,,,,,,,,,,,,,
05_04,05,04,m,17,01/06/21,06/14/22,a,n,10.85,10.84,77.9,.,34,34.5,34.3,34,w,410347,411773,1,r,1,r,1,r,,,,,,,,,,,,,,,,,,,,,,,,,,,,,,,,,,,,,1,bu,,,,,,,,,,,,,,,,,,,,,,,,,,,,,,,,,,,,,,,,,,,,,,,,,,,,,,,,,,,,,,,,,,,,,,
05_04,05,04,m,17,01/06/21,06/14/22,a,n,10.85,10.84,77.9,.,34,34.5,34.3,34,w,411773,411774,1,r,1,r,1,r,,,,,,,,,,,,,,,,,,,,,,,,,,,,,,,,,,,,,1,bu,,,,,,,,,,,,,,,,,,72,y,.,.,.,.,d,.,.,.,.,.,.,.,.,.,.,,,,,,,,,,,,,,,,,,,,,,,,,,,,,,,,,,,,
05_04,05,04,m,17,01/06/21,06/14/22,a,n,10.85,10.84,77.9,.,34,34.5,34.3,34,w,411774,413406,1,r,1,r,1,r,,,,,,,,,,,,,,,,,,,,,,,,,,,,,,,,,,,,,1,bu,,,,,,,,,,,,,,,,,,,,,,,,,,,,,,,,,,,,,,,,,,,,,,,,,,,,,,,,,,,,,,,,,,,,,,
05_04,05,04,m,17,01/06/21,06/14/22,a,n,10.85,10.84,77.9,.,34,34.5,34.3,34,w,413406,413407,1,r,1,r,1,r,,,,,,,,,,,,,,,,,,,,,,,,,,,,,,,,,,,,,1,bu,,,,,,,,,,,,,,,,,,72,y,.,.,.,.,o,.,.,.,y,.,.,.,.,.,.,,,,,,,,,,,,,,,,,,,,,,,,,,,,,,,,,,,,
05_04,05,04,m,17,01/06/21,06/14/22,a,n,10.85,10.84,77.9,.,34,34.5,34.3,34,w,413407,415310,1,r,1,r,1,r,,,,,,,,,,,,,,,,,,,,,,,,,,,,,,,,,,,,,1,bu,,,,,,,,,,,,,,,,,,,,,,,,,,,,,,,,,,,,,,,,,,,,,,,,,,,,,,,,,,,,,,,,,,,,,,
05_04,05,04,m,17,01/06/21,06/14/22,a,n,10.85,10.84,77.9,.,34,34.5,34.3,34,w,415310,415311,1,r,1,r,1,r,,,,,,,,,,,,,,,,,,,,,,,,,,,,,,,,,,,,,1,bu,,,,,,,,,,,,,,,,,,72,y,.,.,.,.,d,.,.,.,.,.,.,.,.,.,.,,,,,,,,,,,,,,,,,,,,,,,,,,,,,,,,,,,,
05_04,05,04,m,17,01/06/21,06/14/22,a,n,10.85,10.84,77.9,.,34,34.5,34.3,34,w,415311,418132,1,r,1,r,1,r,,,,,,,,,,,,,,,,,,,,,,,,,,,,,,,,,,,,,1,bu,,,,,,,,,,,,,,,,,,,,,,,,,,,,,,,,,,,,,,,,,,,,,,,,,,,,,,,,,,,,,,,,,,,,,,
05_04,05,04,m,17,01/06/21,06/14/22,a,n,10.85,10.84,77.9,.,34,34.5,34.3,34,w,418132,418133,1,r,1,r,1,r,,,,,,,,,,,,,,,,,,,,,,,,,,,,,,,,,,,,,1,bu,,,,,,,,,,,,,,,,,,72,y,.,.,.,.,o,.,.,.,y,.,.,.,.,.,.,,,,,,,,,,,,,,,,,,,,,,,,,,,,,,,,,,,,
05_04,05,04,m,17,01/06/21,06/14/22,a,n,10.85,10.84,77.9,.,34,34.5,34.3,34,w,418133,419220,1,r,1,r,1,r,,,,,,,,,,,,,,,,,,,,,,,,,,,,,,,,,,,,,1,bu,,,,,,,,,,,,,,,,,,,,,,,,,,,,,,,,,,,,,,,,,,,,,,,,,,,,,,,,,,,,,,,,,,,,,,
05_04,05,04,m,17,01/06/21,06/14/22,a,n,10.85,10.84,77.9,.,34,34.5,34.3,34,w,419220,419221,1,r,1,r,1,r,,,,,,,,,,,,,,,,,,,,,,,,,,,,,,,,,,,,,1,bu,,,,,,,,,,,,,,,,,,72,y,.,.,.,.,d,.,.,.,.,.,.,.,.,.,.,,,,,,,,,,,,,,,,,,,,,,,,,,,,,,,,,,,,
05_04,05,04,m,17,01/06/21,06/14/22,a,n,10.85,10.84,77.9,.,34,34.5,34.3,34,w,419221,420444,1,r,1,r,1,r,,,,,,,,,,,,,,,,,,,,,,,,,,,,,,,,,,,,,1,bu,,,,,,,,,,,,,,,,,,,,,,,,,,,,,,,,,,,,,,,,,,,,,,,,,,,,,,,,,,,,,,,,,,,,,,
05_04,05,04,m,17,01/06/21,06/14/22,a,n,10.85,10.84,77.9,.,34,34.5,34.3,34,w,420444,420445,1,r,1,r,1,r,,,,,,,,,,,,,,,,,,,,,,,,,,,,,,,,,,,,,1,bu,,,,,,,,,,,,,,,,,,72,y,.,.,.,.,o,.,.,.,y,.,.,.,.,.,.,,,,,,,,,,,,,,,,,,,,,,,,,,,,,,,,,,,,
05_04,05,04,m,17,01/06/21,06/14/22,a,n,10.85,10.84,77.9,.,34,34.5,34.3,34,w,420445,421532,1,r,1,r,1,r,,,,,,,,,,,,,,,,,,,,,,,,,,,,,,,,,,,,,1,bu,,,,,,,,,,,,,,,,,,,,,,,,,,,,,,,,,,,,,,,,,,,,,,,,,,,,,,,,,,,,,,,,,,,,,,
05_04,05,04,m,17,01/06/21,06/14/22,a,n,10.85,10.84,77.9,.,34,34.5,34.3,34,w,421532,421533,1,r,1,r,1,r,,,,,,,,,,,,,,,,,,,,,,,,,,,,,,,,,,,,,1,bu,,,,,,,,,,,,,,,,,,72,y,.,.,.,.,d,.,.,.,.,.,.,.,.,.,.,,,,,,,,,,,,,,,,,,,,,,,,,,,,,,,,,,,,
05_04,05,04,m,17,01/06/21,06/14/22,a,n,10.85,10.84,77.9,.,34,34.5,34.3,34,w,421533,423266,1,r,1,r,1,r,,,,,,,,,,,,,,,,,,,,,,,,,,,,,,,,,,,,,1,bu,,,,,,,,,,,,,,,,,,,,,,,,,,,,,,,,,,,,,,,,,,,,,,,,,,,,,,,,,,,,,,,,,,,,,,
05_04,05,04,m,17,01/06/21,06/14/22,a,n,10.85,10.84,77.9,.,34,34.5,34.3,34,w,423266,423267,1,r,1,r,1,r,,,,,,,,,,,,,,,,,,,,,,,,,,,,,,,,,,,,,1,bu,,,,,,,,,,,,,,,,,,72,y,.,.,.,.,o,.,.,.,y,.,.,.,.,.,.,,,,,,,,,,,,,,,,,,,,,,,,,,,,,,,,,,,,
05_04,05,04,m,17,01/06/21,06/14/22,a,n,10.85,10.84,77.9,.,34,34.5,34.3,34,w,423267,425986,1,r,1,r,1,r,,,,,,,,,,,,,,,,,,,,,,,,,,,,,,,,,,,,,1,bu,,,,,,,,,,,,,,,,,,,,,,,,,,,,,,,,,,,,,,,,,,,,,,,,,,,,,,,,,,,,,,,,,,,,,,
05_04,05,04,m,17,01/06/21,06/14/22,a,n,10.85,10.84,77.9,.,34,34.5,34.3,34,w,425986,425987,1,r,1,r,1,r,,,,,,,,,,,,,,,,,,,,,,,,,,,,,,,,,,,,,1,bu,,,,,,,,,,,,,,,,,,72,y,.,.,.,.,d,.,.,.,.,.,.,.,.,.,.,,,,,,,,,,,,,,,,,,,,,,,,,,,,,,,,,,,,
05_04,05,04,m,17,01/06/21,06/14/22,a,n,10.85,10.84,77.9,.,34,34.5,34.3,34,w,425987,428026,1,r,1,r,1,r,,,,,,,,,,,,,,,,,,,,,,,,,,,,,,,,,,,,,1,bu,,,,,,,,,,,,,,,,,,,,,,,,,,,,,,,,,,,,,,,,,,,,,,,,,,,,,,,,,,,,,,,,,,,,,,
05_04,05,04,m,17,01/06/21,06/14/22,a,n,10.85,10.84,77.9,.,34,34.5,34.3,34,w,428026,428027,1,r,1,r,1,r,,,,,,,,,,,,,,,,,,,,,,,,,,,,,,,,,,,,,1,bu,,,,,,,,,,,,,,,,,,72,y,.,.,.,.,o,.,.,.,y,.,.,.,.,.,.,,,,,,,,,,,,,,,,,,,,,,,,,,,,,,,,,,,,
05_04,05,04,m,17,01/06/21,06/14/22,a,n,10.85,10.84,77.9,.,34,34.5,34.3,34,w,428027,431936,1,r,1,r,1,r,,,,,,,,,,,,,,,,,,,,,,,,,,,,,,,,,,,,,1,bu,,,,,,,,,,,,,,,,,,,,,,,,,,,,,,,,,,,,,,,,,,,,,,,,,,,,,,,,,,,,,,,,,,,,,,
05_04,05,04,m,17,01/06/21,06/14/22,a,n,10.85,10.84,77.9,.,34,34.5,34.3,34,w,431936,431937,1,r,1,r,1,r,,,,,,,,,,,,,,,,,,,,,,,,,,,,,,,,,,,,,1,bu,,,,,,,,,,,,,,,,,,72,y,.,.,.,.,d,.,.,.,.,.,.,.,.,.,.,,,,,,,,,,,,,,,,,,,,,,,,,,,,,,,,,,,,
05_04,05,04,m,17,01/06/21,06/14/22,a,n,10.85,10.84,77.9,.,34,34.5,34.3,34,w,431937,436594,1,r,1,r,1,r,,,,,,,,,,,,,,,,,,,,,,,,,,,,,,,,,,,,,1,bu,,,,,,,,,,,,,,,,,,,,,,,,,,,,,,,,,,,,,,,,,,,,,,,,,,,,,,,,,,,,,,,,,,,,,,
05_04,05,04,m,17,01/06/21,06/14/22,a,n,10.85,10.84,77.9,.,34,34.5,34.3,34,w,436594,436595,1,r,1,r,1,r,,,,,,,,,,,,,,,,,,,,,,,,,,,,,,,,,,,,,1,bu,,,,,,,,,,,,,,,,,,72,y,.,.,.,.,p,.,.,.,.,.,.,.,.,.,.,,,,,,,,,,,,,,,,,,,,,,,,,,,,,,,,,,,,
05_04,05,04,m,17,01/06/21,06/14/22,a,n,10.85,10.84,77.9,.,34,34.5,34.3,34,w,436595,437648,1,r,1,r,1,r,,,,,,,,,,,,,,,,,,,,,,,,,,,,,,,,,,,,,1,bu,,,,,,,,,,,,,,,,,,,,,,,,,,,,,,,,,,,,,,,,,,,,,,,,,,,,,,,,,,,,,,,,,,,,,,
05_04,05,04,m,17,01/06/21,06/14/22,a,n,10.85,10.84,77.9,.,34,34.5,34.3,34,w,437648,437649,1,r,1,r,1,r,,,,,,,,,,,,,,,,,,,,,,,,,,,,,,,,,,,,,1,bu,,,,,,,,,,,,,,,,,,72,y,.,.,.,.,i,.,.,.,.,y,.,.,.,.,.,,,,,,,,,,,,,,,,,,,,,,,,,,,,,,,,,,,,
05_04,05,04,m,17,01/06/21,06/14/22,a,n,10.85,10.84,77.9,.,34,34.5,34.3,34,w,437649,439688,1,r,1,r,1,r,,,,,,,,,,,,,,,,,,,,,,,,,,,,,,,,,,,,,1,bu,,,,,,,,,,,,,,,,,,,,,,,,,,,,,,,,,,,,,,,,,,,,,,,,,,,,,,,,,,,,,,,,,,,,,,
05_04,05,04,m,17,01/06/21,06/14/22,a,n,10.85,10.84,77.9,.,34,34.5,34.3,34,w,439688,439689,1,r,1,r,1,r,,,,,,,,,,,,,,,,,,,,,,,,,,,,,,,,,,,,,1,bu,,,,,,,,,,,,,,,,,,72,y,.,.,.,.,p,.,.,.,.,.,.,.,.,.,.,,,,,,,,,,,,,,,,,,,,,,,,,,,,,,,,,,,,
05_04,05,04,m,17,01/06/21,06/14/22,a,n,10.85,10.84,77.9,.,34,34.5,34.3,34,w,439689,440130,1,r,1,r,1,r,,,,,,,,,,,,,,,,,,,,,,,,,,,,,,,,,,,,,1,bu,,,,,,,,,,,,,,,,,,,,,,,,,,,,,,,,,,,,,,,,,,,,,,,,,,,,,,,,,,,,,,,,,,,,,,
05_04,05,04,m,17,01/06/21,06/14/22,a,n,10.85,10.84,77.9,.,34,34.5,34.3,34,w,440130,440131,1,r,1,r,1,r,,,,,,,,,,,,,,,,,,,,,,,,,,,,,,,,,,,,,1,bu,,,,,,,,,,,,,,,,,,72,y,.,.,.,.,d,.,.,.,.,.,.,.,.,.,.,,,,,,,,,,,,,,,,,,,,,,,,,,,,,,,,,,,,
05_04,05,04,m,17,01/06/21,06/14/22,a,n,10.85,10.84,77.9,.,34,34.5,34.3,34,w,440131,444754,1,r,1,r,1,r,,,,,,,,,,,,,,,,,,,,,,,,,,,,,,,,,,,,,1,bu,,,,,,,,,,,,,,,,,,,,,,,,,,,,,,,,,,,,,,,,,,,,,,,,,,,,,,,,,,,,,,,,,,,,,,
05_04,05,04,m,17,01/06/21,06/14/22,a,n,10.85,10.84,77.9,.,34,34.5,34.3,34,w,444754,444755,1,r,1,r,1,r,,,,,,,,,,,,,,,,,,,,,,,,,,,,,,,,,,,,,1,bu,,,,,,,,,,,,,,,,,,72,y,.,.,.,.,p,.,.,.,.,.,.,.,.,.,.,,,,,,,,,,,,,,,,,,,,,,,,,,,,,,,,,,,,
05_04,05,04,m,17,01/06/21,06/14/22,a,n,10.85,10.84,77.9,.,34,34.5,34.3,34,w,444755,444788,1,r,1,r,1,r,,,,,,,,,,,,,,,,,,,,,,,,,,,,,,,,,,,,,1,bu,,,,,,,,,,,,,,,,,,,,,,,,,,,,,,,,,,,,,,,,,,,,,,,,,,,,,,,,,,,,,,,,,,,,,,
05_04,05,04,m,17,01/06/21,06/14/22,a,n,10.85,10.84,77.9,.,34,34.5,34.3,34,w,444788,444789,1,r,1,r,1,r,,,,,,,,,,,,,,,,,,,,,,,,,,,,,,,,,,,,,1,bu,,,,,,,,,,,,,,,,,,72,y,.,.,.,.,i,.,.,.,.,y,.,.,.,.,.,,,,,,,,,,,,,,,,,,,,,,,,,,,,,,,,,,,,
05_04,05,04,m,17,01/06/21,06/14/22,a,n,10.85,10.84,77.9,.,34,34.5,34.3,34,w,444789,448630,1,r,1,r,1,r,,,,,,,,,,,,,,,,,,,,,,,,,,,,,,,,,,,,,1,bu,,,,,,,,,,,,,,,,,,,,,,,,,,,,,,,,,,,,,,,,,,,,,,,,,,,,,,,,,,,,,,,,,,,,,,
05_04,05,04,m,17,01/06/21,06/14/22,a,n,10.85,10.84,77.9,.,34,34.5,34.3,34,w,448630,448631,1,r,1,r,1,r,,,,,,,,,,,,,,,,,,,,,,,,,,,,,,,,,,,,,1,bu,,,,,,,,,,,,,,,,,,72,y,.,.,.,.,p,.,.,.,.,.,.,.,.,.,.,,,,,,,,,,,,,,,,,,,,,,,,,,,,,,,,,,,,
05_04,05,04,m,17,01/06/21,06/14/22,a,n,10.85,10.84,77.9,.,34,34.5,34.3,34,w,448631,449888,1,r,1,r,1,r,,,,,,,,,,,,,,,,,,,,,,,,,,,,,,,,,,,,,1,bu,,,,,,,,,,,,,,,,,,,,,,,,,,,,,,,,,,,,,,,,,,,,,,,,,,,,,,,,,,,,,,,,,,,,,,
05_04,05,04,m,17,01/06/21,06/14/22,a,n,10.85,10.84,77.9,.,34,34.5,34.3,34,w,449888,449889,1,r,1,r,1,r,,,,,,,,,,,,,,,,,,,,,,,,,,,,,,,,,,,,,1,bu,,,,,,,,,,,,,,,,,,72,y,.,.,.,.,i,.,.,.,.,y,.,.,.,.,.,,,,,,,,,,,,,,,,,,,,,,,,,,,,,,,,,,,,
05_04,05,04,m,17,01/06/21,06/14/22,a,n,10.85,10.84,77.9,.,34,34.5,34.3,34,w,449889,452710,1,r,1,r,1,r,,,,,,,,,,,,,,,,,,,,,,,,,,,,,,,,,,,,,1,bu,,,,,,,,,,,,,,,,,,,,,,,,,,,,,,,,,,,,,,,,,,,,,,,,,,,,,,,,,,,,,,,,,,,,,,
05_04,05,04,m,17,01/06/21,06/14/22,a,n,10.85,10.84,77.9,.,34,34.5,34.3,34,w,452710,452711,1,r,1,r,1,r,,,,,,,,,,,,,,,,,,,,,,,,,,,,,,,,,,,,,1,bu,,,,,,,,,,,,,,,,,,72,y,.,.,.,.,p,.,.,.,.,.,.,.,.,.,.,,,,,,,,,,,,,,,,,,,,,,,,,,,,,,,,,,,,
05_04,05,04,m,17,01/06/21,06/14/22,a,n,10.85,10.84,77.9,.,34,34.5,34.3,34,w,452711,453594,1,r,1,r,1,r,,,,,,,,,,,,,,,,,,,,,,,,,,,,,,,,,,,,,1,bu,,,,,,,,,,,,,,,,,,,,,,,,,,,,,,,,,,,,,,,,,,,,,,,,,,,,,,,,,,,,,,,,,,,,,,
05_04,05,04,m,17,01/06/21,06/14/22,a,n,10.85,10.84,77.9,.,34,34.5,34.3,34,w,453594,453595,1,r,1,r,1,r,,,,,,,,,,,,,,,,,,,,,,,,,,,,,,,,,,,,,1,bu,,,,,,,,,,,,,,,,,,72,y,.,.,.,.,i,.,.,.,.,y,.,.,.,.,.,,,,,,,,,,,,,,,,,,,,,,,,,,,,,,,,,,,,
05_04,05,04,m,17,01/06/21,06/14/22,a,n,10.85,10.84,77.9,.,34,34.5,34.3,34,w,453595,457300,1,r,1,r,1,r,,,,,,,,,,,,,,,,,,,,,,,,,,,,,,,,,,,,,1,bu,,,,,,,,,,,,,,,,,,,,,,,,,,,,,,,,,,,,,,,,,,,,,,,,,,,,,,,,,,,,,,,,,,,,,,
05_04,05,04,m,17,01/06/21,06/14/22,a,n,10.85,10.84,77.9,.,34,34.5,34.3,34,w,457300,457301,1,r,1,r,1,r,,,,,,,,,,,,,,,,,,,,,,,,,,,,,,,,,,,,,1,bu,,,,,,,,,,,,,,,,,,72,y,.,.,.,.,p,.,.,.,.,.,.,.,.,.,.,,,,,,,,,,,,,,,,,,,,,,,,,,,,,,,,,,,,
05_04,05,04,m,17,01/06/21,06/14/22,a,n,10.85,10.84,77.9,.,34,34.5,34.3,34,w,457301,458354,1,r,1,r,1,r,,,,,,,,,,,,,,,,,,,,,,,,,,,,,,,,,,,,,1,bu,,,,,,,,,,,,,,,,,,,,,,,,,,,,,,,,,,,,,,,,,,,,,,,,,,,,,,,,,,,,,,,,,,,,,,
05_04,05,04,m,17,01/06/21,06/14/22,a,n,10.85,10.84,77.9,.,34,34.5,34.3,34,w,458354,458355,1,r,1,r,1,r,,,,,,,,,,,,,,,,,,,,,,,,,,,,,,,,,,,,,1,bu,,,,,,,,,,,,,,,,,,72,y,.,.,.,.,i,.,.,.,.,y,.,.,.,.,.,,,,,,,,,,,,,,,,,,,,,,,,,,,,,,,,,,,,
05_04,05,04,m,17,01/06/21,06/14/22,a,n,10.85,10.84,77.9,.,34,34.5,34.3,34,w,458355,461380,1,r,1,r,1,r,,,,,,,,,,,,,,,,,,,,,,,,,,,,,,,,,,,,,1,bu,,,,,,,,,,,,,,,,,,,,,,,,,,,,,,,,,,,,,,,,,,,,,,,,,,,,,,,,,,,,,,,,,,,,,,
05_04,05,04,m,17,01/06/21,06/14/22,a,n,10.85,10.84,77.9,.,34,34.5,34.3,34,w,461380,461381,1,r,1,r,1,r,,,,,,,,,,,,,,,,,,,,,,,,,,,,,,,,,,,,,1,bu,,,,,,,,,,,,,,,,,,72,y,.,.,.,.,p,.,.,.,.,.,.,.,.,.,.,,,,,,,,,,,,,,,,,,,,,,,,,,,,,,,,,,,,
05_04,05,04,m,17,01/06/21,06/14/22,a,n,10.85,10.84,77.9,.,34,34.5,34.3,34,w,461381,462060,1,r,1,r,1,r,,,,,,,,,,,,,,,,,,,,,,,,,,,,,,,,,,,,,1,bu,,,,,,,,,,,,,,,,,,,,,,,,,,,,,,,,,,,,,,,,,,,,,,,,,,,,,,,,,,,,,,,,,,,,,,
05_04,05,04,m,17,01/06/21,06/14/22,a,n,10.85,10.84,77.9,.,34,34.5,34.3,34,w,462060,462061,1,r,1,r,1,r,,,,,,,,,,,,,,,,,,,,,,,,,,,,,,,,,,,,,1,bu,,,,,,,,,,,,,,,,,,72,y,.,.,.,.,i,.,.,.,.,y,.,.,.,.,.,,,,,,,,,,,,,,,,,,,,,,,,,,,,,,,,,,,,
05_04,05,04,m,17,01/06/21,06/14/22,a,n,10.85,10.84,77.9,.,34,34.5,34.3,34,w,462061,466480,1,r,1,r,1,r,,,,,,,,,,,,,,,,,,,,,,,,,,,,,,,,,,,,,1,bu,,,,,,,,,,,,,,,,,,,,,,,,,,,,,,,,,,,,,,,,,,,,,,,,,,,,,,,,,,,,,,,,,,,,,,
05_04,05,04,m,17,01/06/21,06/14/22,a,n,10.85,10.84,77.9,.,34,34.5,34.3,34,w,466480,481475,1,r,1,r,1,r,3,a,5,y,.,.,.,.,t,.,.,.,.,.,.,.,.,.,.,,,,,,,,,,,,,,,,,,1,bu,,,,,,,,,,,,,,,,,,,,,,,,,,,,,,,,,,,,,,,,,,,,,,,,,,,,,,,,,,,,,,,,,,,,,,
05_04,05,04,m,17,01/06/21,06/14/22,a,n,10.85,10.84,77.9,.,34,34.5,34.3,34,w,481475,484772,1,r,1,r,1,r,,,,,,,,,,,,,,,,,,,,,,,,,,,,,,,,,,,,,1,bu,,,,,,,,,,,,,,,,,,,,,,,,,,,,,,,,,,,,,,,,,,,,,,,,,,,,,,,,,,,,,,,,,,,,,,
05_04,05,04,m,17,01/06/21,06/14/22,a,n,10.85,10.84,77.9,.,34,34.5,34.3,34,w,484772,484773,1,r,1,r,1,r,,,,,,,,,,,,,,,,,,,,,,,,,,,,,,,,,,,,,1,bu,,,,,,,,,,,,,,,,,,72,y,.,.,.,.,o,.,.,.,y,.,.,.,.,.,.,,,,,,,,,,,,,,,,,,,,,,,,,,,,,,,,,,,,
05_04,05,04,m,17,01/06/21,06/14/22,a,n,10.85,10.84,77.9,.,34,34.5,34.3,34,w,484773,486812,1,r,1,r,1,r,,,,,,,,,,,,,,,,,,,,,,,,,,,,,,,,,,,,,1,bu,,,,,,,,,,,,,,,,,,,,,,,,,,,,,,,,,,,,,,,,,,,,,,,,,,,,,,,,,,,,,,,,,,,,,,
05_04,05,04,m,17,01/06/21,06/14/22,a,n,10.85,10.84,77.9,.,34,34.5,34.3,34,w,486812,486813,1,r,1,r,1,r,,,,,,,,,,,,,,,,,,,,,,,,,,,,,,,,,,,,,1,bu,,,,,,,,,,,,,,,,,,72,y,.,.,.,.,th,.,.,.,.,.,.,.,.,.,.,,,,,,,,,,,,,,,,,,,,,,,,,,,,,,,,,,,,
05_04,05,04,m,17,01/06/21,06/14/22,a,n,10.85,10.84,77.9,.,34,34.5,34.3,34,w,486813,490178,1,r,1,r,1,r,,,,,,,,,,,,,,,,,,,,,,,,,,,,,,,,,,,,,1,bu,,,,,,,,,,,,,,,,,,,,,,,,,,,,,,,,,,,,,,,,,,,,,,,,,,,,,,,,,,,,,,,,,,,,,,
05_04,05,04,m,17,01/06/21,06/14/22,a,n,10.85,10.84,77.9,.,34,34.5,34.3,34,w,490178,490179,1,r,1,r,1,r,,,,,,,,,,,,,,,,,,,,,,,,,,,,,,,,,,,,,1,bu,,,,,,,,,,,,,,,,,,72,y,.,.,.,.,o,.,.,.,y,.,.,.,.,.,.,,,,,,,,,,,,,,,,,,,,,,,,,,,,,,,,,,,,
05_04,05,04,m,17,01/06/21,06/14/22,a,n,10.85,10.84,77.9,.,34,34.5,34.3,34,w,490179,492694,1,r,1,r,1,r,,,,,,,,,,,,,,,,,,,,,,,,,,,,,,,,,,,,,1,bu,,,,,,,,,,,,,,,,,,,,,,,,,,,,,,,,,,,,,,,,,,,,,,,,,,,,,,,,,,,,,,,,,,,,,,
05_04,05,04,m,17,01/06/21,06/14/22,a,n,10.85,10.84,77.9,.,34,34.5,34.3,34,w,492694,492695,1,r,1,r,1,r,,,,,,,,,,,,,,,,,,,,,,,,,,,,,,,,,,,,,1,bu,,,,,,,,,,,,,,,,,,72,y,.,.,.,.,th,.,.,.,.,.,.,.,.,.,.,,,,,,,,,,,,,,,,,,,,,,,,,,,,,,,,,,,,
05_04,05,04,m,17,01/06/21,06/14/22,a,n,10.85,10.84,77.9,.,34,34.5,34.3,34,w,492695,496434,1,r,1,r,1,r,,,,,,,,,,,,,,,,,,,,,,,,,,,,,,,,,,,,,1,bu,,,,,,,,,,,,,,,,,,,,,,,,,,,,,,,,,,,,,,,,,,,,,,,,,,,,,,,,,,,,,,,,,,,,,,
05_04,05,04,m,17,01/06/21,06/14/22,a,n,10.85,10.84,77.9,.,34,34.5,34.3,34,w,496434,496435,1,r,1,r,1,r,,,,,,,,,,,,,,,,,,,,,,,,,,,,,,,,,,,,,1,bu,,,,,,,,,,,,,,,,,,72,y,.,.,.,.,o,.,.,.,y,.,.,.,.,.,.,,,,,,,,,,,,,,,,,,,,,,,,,,,,,,,,,,,,
05_04,05,04,m,17,01/06/21,06/14/22,a,n,10.85,10.84,77.9,.,34,34.5,34.3,34,w,496435,496468,1,r,1,r,1,r,,,,,,,,,,,,,,,,,,,,,,,,,,,,,,,,,,,,,1,bu,,,,,,,,,,,,,,,,,,,,,,,,,,,,,,,,,,,,,,,,,,,,,,,,,,,,,,,,,,,,,,,,,,,,,,
05_04,05,04,m,17,01/06/21,06/14/22,a,n,10.85,10.84,77.9,.,34,34.5,34.3,34,w,496468,496469,1,r,1,r,1,r,,,,,,,,,,,,,,,,,,,,,,,,,,,,,,,,,,,,,1,bu,,,,,,,,,,,,,,,,,,72,y,.,.,.,.,d,.,.,.,.,.,.,.,.,.,.,,,,,,,,,,,,,,,,,,,,,,,,,,,,,,,,,,,,
05_04,05,04,m,17,01/06/21,06/14/22,a,n,10.85,10.84,77.9,.,34,34.5,34.3,34,w,496469,497794,1,r,1,r,1,r,,,,,,,,,,,,,,,,,,,,,,,,,,,,,,,,,,,,,1,bu,,,,,,,,,,,,,,,,,,,,,,,,,,,,,,,,,,,,,,,,,,,,,,,,,,,,,,,,,,,,,,,,,,,,,,
05_04,05,04,m,17,01/06/21,06/14/22,a,n,10.85,10.84,77.9,.,34,34.5,34.3,34,w,497794,497795,1,r,1,r,1,r,,,,,,,,,,,,,,,,,,,,,,,,,,,,,,,,,,,,,1,bu,,,,,,,,,,,,,,,,,,72,y,.,.,.,.,i,.,.,.,.,y,.,.,.,.,.,,,,,,,,,,,,,,,,,,,,,,,,,,,,,,,,,,,,
05_04,05,04,m,17,01/06/21,06/14/22,a,n,10.85,10.84,77.9,.,34,34.5,34.3,34,w,497795,500650,1,r,1,r,1,r,,,,,,,,,,,,,,,,,,,,,,,,,,,,,,,,,,,,,1,bu,,,,,,,,,,,,,,,,,,,,,,,,,,,,,,,,,,,,,,,,,,,,,,,,,,,,,,,,,,,,,,,,,,,,,,
05_04,05,04,m,17,01/06/21,06/14/22,a,n,10.85,10.84,77.9,.,34,34.5,34.3,34,w,500650,500651,1,r,1,r,1,r,,,,,,,,,,,,,,,,,,,,,,,,,,,,,,,,,,,,,1,bu,,,,,,,,,,,,,,,,,,72,y,.,.,.,.,pu,.,.,.,.,.,.,.,.,.,.,,,,,,,,,,,,,,,,,,,,,,,,,,,,,,,,,,,,
05_04,05,04,m,17,01/06/21,06/14/22,a,n,10.85,10.84,77.9,.,34,34.5,34.3,34,w,500651,504832,1,r,1,r,1,r,,,,,,,,,,,,,,,,,,,,,,,,,,,,,,,,,,,,,1,bu,,,,,,,,,,,,,,,,,,,,,,,,,,,,,,,,,,,,,,,,,,,,,,,,,,,,,,,,,,,,,,,,,,,,,,
05_04,05,04,m,17,01/06/21,06/14/22,a,n,10.85,10.84,77.9,.,34,34.5,34.3,34,w,504832,504833,1,r,1,r,1,r,,,,,,,,,,,,,,,,,,,,,,,,,,,,,,,,,,,,,1,bu,,,,,,,,,,,,,,,,,,72,y,.,.,.,.,p,.,.,.,.,.,.,.,.,.,.,,,,,,,,,,,,,,,,,,,,,,,,,,,,,,,,,,,,
05_04,05,04,m,17,01/06/21,06/14/22,a,n,10.85,10.84,77.9,.,34,34.5,34.3,34,w,504833,505716,1,r,1,r,1,r,,,,,,,,,,,,,,,,,,,,,,,,,,,,,,,,,,,,,1,bu,,,,,,,,,,,,,,,,,,,,,,,,,,,,,,,,,,,,,,,,,,,,,,,,,,,,,,,,,,,,,,,,,,,,,,
05_04,05,04,m,17,01/06/21,06/14/22,a,n,10.85,10.84,77.9,.,34,34.5,34.3,34,w,505716,505717,1,r,1,r,1,r,,,,,,,,,,,,,,,,,,,,,,,,,,,,,,,,,,,,,1,bu,,,,,,,,,,,,,,,,,,72,y,.,.,.,.,i,.,.,.,.,y,.,.,.,.,.,,,,,,,,,,,,,,,,,,,,,,,,,,,,,,,,,,,,
05_04,05,04,m,17,01/06/21,06/14/22,a,n,10.85,10.84,77.9,.,34,34.5,34.3,34,w,505717,510850,1,r,1,r,1,r,,,,,,,,,,,,,,,,,,,,,,,,,,,,,,,,,,,,,1,bu,,,,,,,,,,,,,,,,,,,,,,,,,,,,,,,,,,,,,,,,,,,,,,,,,,,,,,,,,,,,,,,,,,,,,,
05_04,05,04,m,17,01/06/21,06/14/22,a,n,10.85,10.84,77.9,.,34,34.5,34.3,34,w,510850,510851,1,r,1,r,1,r,,,,,,,,,,,,,,,,,,,,,,,,,,,,,,,,,,,,,1,bu,,,,,,,,,,,,,,,,,,72,y,.,.,.,.,pu,.,.,.,.,.,.,.,.,.,.,,,,,,,,,,,,,,,,,,,,,,,,,,,,,,,,,,,,
05_04,05,04,m,17,01/06/21,06/14/22,a,n,10.85,10.84,77.9,.,34,34.5,34.3,34,w,510851,512040,1,r,1,r,1,r,,,,,,,,,,,,,,,,,,,,,,,,,,,,,,,,,,,,,1,bu,,,,,,,,,,,,,,,,,,,,,,,,,,,,,,,,,,,,,,,,,,,,,,,,,,,,,,,,,,,,,,,,,,,,,,
05_04,05,04,m,17,01/06/21,06/14/22,a,n,10.85,10.84,77.9,.,34,34.5,34.3,34,w,512040,512041,1,r,1,r,1,r,,,,,,,,,,,,,,,,,,,,,,,,,,,,,,,,,,,,,1,bu,,,,,,,,,,,,,,,,,,72,y,.,.,.,.,p,.,.,.,.,.,.,.,.,.,.,,,,,,,,,,,,,,,,,,,,,,,,,,,,,,,,,,,,
05_04,05,04,m,17,01/06/21,06/14/22,a,n,10.85,10.84,77.9,.,34,34.5,34.3,34,w,512041,513230,1,r,1,r,1,r,,,,,,,,,,,,,,,,,,,,,,,,,,,,,,,,,,,,,1,bu,,,,,,,,,,,,,,,,,,,,,,,,,,,,,,,,,,,,,,,,,,,,,,,,,,,,,,,,,,,,,,,,,,,,,,
05_04,05,04,m,17,01/06/21,06/14/22,a,n,10.85,10.84,77.9,.,34,34.5,34.3,34,w,513230,513231,1,r,1,r,1,r,,,,,,,,,,,,,,,,,,,,,,,,,,,,,,,,,,,,,1,bu,,,,,,,,,,,,,,,,,,72,y,.,.,.,.,i,.,.,.,.,y,.,.,.,.,.,,,,,,,,,,,,,,,,,,,,,,,,,,,,,,,,,,,,
05_04,05,04,m,17,01/06/21,06/14/22,a,n,10.85,10.84,77.9,.,34,34.5,34.3,34,w,513231,523634,1,r,1,r,1,r,,,,,,,,,,,,,,,,,,,,,,,,,,,,,,,,,,,,,1,bu,,,,,,,,,,,,,,,,,,,,,,,,,,,,,,,,,,,,,,,,,,,,,,,,,,,,,,,,,,,,,,,,,,,,,,
05_04,05,04,m,17,01/06/21,06/14/22,a,n,10.85,10.84,77.9,.,34,34.5,34.3,34,w,523634,528361,1,r,1,r,1,r,4,a,6,y,.,.,.,.,t,y,.,.,.,.,.,.,.,.,.,,,,,,,,,,,,,,,,,,1,bu,,,,,,,,,,,,,,,,,,,,,,,,,,,,,,,,,,,,,,,,,,,,,,,,,,,,,,,,,,,,,,,,,,,,,,
05_04,05,04,m,17,01/06/21,06/14/22,a,n,10.85,10.84,77.9,.,34,34.5,34.3,34,w,528361,529414,1,r,1,r,1,r,4,a,,,,,,,,,,,,,,,,,,,,,,,,,,,,,,,,,,,1,bu,,,,,,,,,,,,,,,,,,,,,,,,,,,,,,,,,,,,,,,,,,,,,,,,,,,,,,,,,,,,,,,,,,,,,,
05_04,05,04,m,17,01/06/21,06/14/22,a,n,10.85,10.84,77.9,.,34,34.5,34.3,34,w,529414,547265,1,r,1,r,1,r,4,a,7,y,.,.,.,.,t,.,.,.,.,.,.,.,.,.,.,,,,,,,,,,,,,,,,,,1,bu,,,,,,,,,,,,,,,,,,,,,,,,,,,,,,,,,,,,,,,,,,,,,,,,,,,,,,,,,,,,,,,,,,,,,,
05_04,05,04,m,17,01/06/21,06/14/22,a,n,10.85,10.84,77.9,.,34,34.5,34.3,34,w,547265,558314,1,r,1,r,1,r,,,,,,,,,,,,,,,,,,,,,,,,,,,,,,,,,,,,,1,bu,,,,,,,,,,,,,,,,,,,,,,,,,,,,,,,,,,,,,,,,,,,,,,,,,,,,,,,,,,,,,,,,,,,,,,
05_04,05,04,m,17,01/06/21,06/14/22,a,n,10.85,10.84,77.9,.,34,34.5,34.3,34,w,558314,570045,1,r,1,r,1,r,5,f,8,y,.,.,.,.,t,.,.,.,.,.,y,.,.,.,.,,,,,,,,,,,,,,,,,,1,bu,,,,,,,,,,,,,,,,,,,,,,,,,,,,,,,,,,,,,,,,,,,,,,,,,,,,,,,,,,,,,,,,,,,,,,
05_04,05,04,m,17,01/06/21,06/14/22,a,n,10.85,10.84,77.9,.,34,34.5,34.3,34,w,570045,572288,1,r,1,r,1,r,5,f,,,,,,,,,,,,,,,,,,,,,,,,,,,,,,,,,,,1,bu,,,,,,,,,,,,,,,,,,,,,,,,,,,,,,,,,,,,,,,,,,,,,,,,,,,,,,,,,,,,,,,,,,,,,,
05_04,05,04,m,17,01/06/21,06/14/22,a,n,10.85,10.84,77.9,.,34,34.5,34.3,34,w,572288,574363,1,r,1,r,1,r,5,f,9,y,.,.,.,.,t,.,.,.,.,.,.,y,.,.,.,,,,,,,,,,,,,,,,,,1,bu,,,,,,,,,,,,,,,,,,,,,,,,,,,,,,,,,,,,,,,,,,,,,,,,,,,,,,,,,,,,,,,,,,,,,,
05_04,05,04,m,17,01/06/21,06/14/22,a,n,10.85,10.84,77.9,.,34,34.5,34.3,34,w,574363,575688,1,r,1,r,1,r,5,f,,,,,,,,,,,,,,,,,,,,,,,,,,,,,,,,,,,1,bu,,,,,,,,,,,,,,,,,,,,,,,,,,,,,,,,,,,,,,,,,,,,,,,,,,,,,,,,,,,,,,,,,,,,,,
05_04,05,04,m,17,01/06/21,06/14/22,a,n,10.85,10.84,77.9,.,34,34.5,34.3,34,w,575688,577081,1,r,1,r,1,r,5,f,10,y,.,.,.,.,t,.,.,.,.,.,.,.,.,.,.,,,,,,,,,,,,,,,,,,1,bu,,,,,,,,,,,,,,,,,,,,,,,,,,,,,,,,,,,,,,,,,,,,,,,,,,,,,,,,,,,,,,,,,,,,,,
05_04,05,04,m,17,01/06/21,06/14/22,a,n,10.85,10.84,77.9,.,34,34.5,34.3,34,w,577081,581366,1,r,1,r,1,r,5,f,,,,,,,,,,,,,,,,,,,,,,,,,,,,,,,,,,,1,bu,,,,,,,,,,,,,,,,,,,,,,,,,,,,,,,,,,,,,,,,,,,,,,,,,,,,,,,,,,,,,,,,,,,,,,
05_04,05,04,m,17,01/06/21,06/14/22,a,n,10.85,10.84,77.9,.,34,34.5,34.3,34,w,581366,583883,1,r,1,r,1,r,5,f,11,y,.,.,.,.,t,.,.,.,.,.,y,.,.,.,.,,,,,,,,,,,,,,,,,,1,bu,,,,,,,,,,,,,,,,,,,,,,,,,,,,,,,,,,,,,,,,,,,,,,,,,,,,,,,,,,,,,,,,,,,,,,
05_04,05,04,m,17,01/06/21,06/14/22,a,n,10.85,10.84,77.9,.,34,34.5,34.3,34,w,583883,588404,1,r,1,r,1,r,5,f,,,,,,,,,,,,,,,,,,,,,,,,,,,,,,,,,,,1,bu,,,,,,,,,,,,,,,,,,,,,,,,,,,,,,,,,,,,,,,,,,,,,,,,,,,,,,,,,,,,,,,,,,,,,,
05_04,05,04,m,17,01/06/21,06/14/22,a,n,10.85,10.84,77.9,.,34,34.5,34.3,34,w,588404,594525,1,r,1,r,1,r,5,f,12,y,.,.,.,.,t,y,.,.,.,.,.,.,.,.,.,,,,,,,,,,,,,,,,,,1,bu,,,,,,,,,,,,,,,,,,,,,,,,,,,,,,,,,,,,,,,,,,,,,,,,,,,,,,,,,,,,,,,,,,,,,,
05_04,05,04,m,17,01/06/21,06/14/22,a,n,10.85,10.84,77.9,.,34,34.5,34.3,34,w,594525,594626,1,r,1,r,1,r,5,f,,,,,,,,,,,,,,,,,,,,,,,,,,,,,,,,,,,1,bu,,,,,,,,,,,,,,,,,,,,,,,,,,,,,,,,,,,,,,,,,,,,,,,,,,,,,,,,,,,,,,,,,,,,,,
05_04,05,04,m,17,01/06/21,06/14/22,a,n,10.85,10.84,77.9,.,34,34.5,34.3,34,w,594626,601597,1,r,1,r,1,r,5,f,13,y,.,.,.,.,t,.,.,.,.,.,y,.,.,.,.,,,,,,,,,,,,,,,,,,1,bu,,,,,,,,,,,,,,,,,,,,,,,,,,,,,,,,,,,,,,,,,,,,,,,,,,,,,,,,,,,,,,,,,,,,,,
05_04,05,04,m,17,01/06/21,06/14/22,a,n,10.85,10.84,77.9,.,34,34.5,34.3,34,w,601597,609552,1,r,1,r,1,r,,,,,,,,,,,,,,,,,,,,,,,,,,,,,,,,,,,,,1,bu,,,,,,,,,,,,,,,,,,,,,,,,,,,,,,,,,,,,,,,,,,,,,,,,,,,,,,,,,,,,,,,,,,,,,,
05_04,05,04,m,17,01/06/21,06/14/22,a,n,10.85,10.84,77.9,.,34,34.5,34.3,34,w,609552,609553,1,r,1,r,1,r,,,,,,,,,,,,,,,,,,,,,,,,,,,,,,,,,,,,,1,bu,,,,,,,,,,,,,,,,,,72,y,.,.,.,.,o,.,.,.,y,.,.,.,.,.,.,,,,,,,,,,,,,,,,,,,,,,,,,,,,,,,,,,,,
05_04,05,04,m,17,01/06/21,06/14/22,a,n,10.85,10.84,77.9,.,34,34.5,34.3,34,w,609553,611354,1,r,1,r,1,r,,,,,,,,,,,,,,,,,,,,,,,,,,,,,,,,,,,,,1,bu,,,,,,,,,,,,,,,,,,,,,,,,,,,,,,,,,,,,,,,,,,,,,,,,,,,,,,,,,,,,,,,,,,,,,,
05_04,05,04,m,17,01/06/21,06/14/22,a,n,10.85,10.84,77.9,.,34,34.5,34.3,34,w,611354,614924,1,r,1,r,1,r,6,p,,,,,,,,,,,,,,,,,,,,,,,,,,,,,,,,,,,1,bu,,,,,,,,,,,,,,,,,,,,,,,,,,,,,,,,,,,,,,,,,,,,,,,,,,,,,,,,,,,,,,,,,,,,,,
05_04,05,04,m,17,01/06/21,06/14/22,a,n,10.85,10.84,77.9,.,34,34.5,34.3,34,w,614924,614925,1,r,1,r,1,r,6,p,,,,,,,,,,,,,,,,,,,,,,,,,,,,,,,,,,,1,bu,,,,,,,,,,,,,,,,,,72,y,.,.,.,.,d,.,.,.,.,.,.,.,.,.,.,,,,,,,,,,,,,,,,,,,,,,,,,,,,,,,,,,,,
05_04,05,04,m,17,01/06/21,06/14/22,a,n,10.85,10.84,77.9,.,34,34.5,34.3,34,w,614925,619786,1,r,1,r,1,r,6,p,,,,,,,,,,,,,,,,,,,,,,,,,,,,,,,,,,,1,bu,,,,,,,,,,,,,,,,,,,,,,,,,,,,,,,,,,,,,,,,,,,,,,,,,,,,,,,,,,,,,,,,,,,,,,
05_04,05,04,m,17,01/06/21,06/14/22,a,n,10.85,10.84,77.9,.,34,34.5,34.3,34,w,619786,619787,1,r,1,r,1,r,6,p,,,,,,,,,,,,,,,,,,14,y,.,.,.,.,f,.,.,.,.,.,.,.,.,.,y,1,bu,,,,,,,,,,,,,,,,,,,,,,,,,,,,,,,,,,,,,,,,,,,,,,,,,,,,,,,,,,,,,,,,,,,,,,
05_04,05,04,m,17,01/06/21,06/14/22,a,n,10.85,10.84,77.9,.,34,34.5,34.3,34,w,619787,622506,1,r,1,r,1,r,6,p,,,,,,,,,,,,,,,,,,,,,,,,,,,,,,,,,,,1,bu,,,,,,,,,,,,,,,,,,,,,,,,,,,,,,,,,,,,,,,,,,,,,,,,,,,,,,,,,,,,,,,,,,,,,,
05_04,05,04,m,17,01/06/21,06/14/22,a,n,10.85,10.84,77.9,.,34,34.5,34.3,34,w,622506,622507,1,r,1,r,1,r,6,p,,,,,,,,,,,,,,,,,,15,y,.,.,.,.,p,.,.,.,.,.,.,.,.,.,.,1,bu,,,,,,,,,,,,,,,,,,,,,,,,,,,,,,,,,,,,,,,,,,,,,,,,,,,,,,,,,,,,,,,,,,,,,,
05_04,05,04,m,17,01/06/21,06/14/22,a,n,10.85,10.84,77.9,.,34,34.5,34.3,34,w,622507,624920,1,r,1,r,1,r,6,p,,,,,,,,,,,,,,,,,,,,,,,,,,,,,,,,,,,1,bu,,,,,,,,,,,,,,,,,,,,,,,,,,,,,,,,,,,,,,,,,,,,,,,,,,,,,,,,,,,,,,,,,,,,,,
05_04,05,04,m,17,01/06/21,06/14/22,a,n,10.85,10.84,77.9,.,34,34.5,34.3,34,w,624920,624921,1,r,1,r,1,r,6,p,,,,,,,,,,,,,,,,,,16,y,.,.,.,.,d,.,.,.,.,.,.,.,.,.,.,1,bu,,,,,,,,,,,,,,,,,,,,,,,,,,,,,,,,,,,,,,,,,,,,,,,,,,,,,,,,,,,,,,,,,,,,,,
05_04,05,04,m,17,01/06/21,06/14/22,a,n,10.85,10.84,77.9,.,34,34.5,34.3,34,w,624921,627028,1,r,1,r,1,r,6,p,,,,,,,,,,,,,,,,,,,,,,,,,,,,,,,,,,,1,bu,,,,,,,,,,,,,,,,,,,,,,,,,,,,,,,,,,,,,,,,,,,,,,,,,,,,,,,,,,,,,,,,,,,,,,
05_04,05,04,m,17,01/06/21,06/14/22,a,n,10.85,10.84,77.9,.,34,34.5,34.3,34,w,627028,627029,1,r,1,r,1,r,6,p,,,,,,,,,,,,,,,,,,17,y,.,.,.,.,p,.,.,.,.,.,.,.,.,.,.,1,bu,,,,,,,,,,,,,,,,,,,,,,,,,,,,,,,,,,,,,,,,,,,,,,,,,,,,,,,,,,,,,,,,,,,,,,
05_04,05,04,m,17,01/06/21,06/14/22,a,n,10.85,10.84,77.9,.,34,34.5,34.3,34,w,627029,629782,1,r,1,r,1,r,6,p,,,,,,,,,,,,,,,,,,,,,,,,,,,,,,,,,,,1,bu,,,,,,,,,,,,,,,,,,,,,,,,,,,,,,,,,,,,,,,,,,,,,,,,,,,,,,,,,,,,,,,,,,,,,,
05_04,05,04,m,17,01/06/21,06/14/22,a,n,10.85,10.84,77.9,.,34,34.5,34.3,34,w,629782,629783,1,r,1,r,1,r,6,p,,,,,,,,,,,,,,,,,,18,y,.,.,.,.,d,.,.,.,.,.,.,.,.,.,.,1,bu,,,,,,,,,,,,,,,,,,,,,,,,,,,,,,,,,,,,,,,,,,,,,,,,,,,,,,,,,,,,,,,,,,,,,,
05_04,05,04,m,17,01/06/21,06/14/22,a,n,10.85,10.84,77.9,.,34,34.5,34.3,34,w,629783,631788,1,r,1,r,1,r,6,p,,,,,,,,,,,,,,,,,,,,,,,,,,,,,,,,,,,1,bu,,,,,,,,,,,,,,,,,,,,,,,,,,,,,,,,,,,,,,,,,,,,,,,,,,,,,,,,,,,,,,,,,,,,,,
05_04,05,04,m,17,01/06/21,06/14/22,a,n,10.85,10.84,77.9,.,34,34.5,34.3,34,w,631788,631789,1,r,1,r,1,r,6,p,,,,,,,,,,,,,,,,,,19,y,.,.,.,.,p,.,.,.,.,.,.,.,.,.,.,1,bu,,,,,,,,,,,,,,,,,,,,,,,,,,,,,,,,,,,,,,,,,,,,,,,,,,,,,,,,,,,,,,,,,,,,,,
05_04,05,04,m,17,01/06/21,06/14/22,a,n,10.85,10.84,77.9,.,34,34.5,34.3,34,w,631789,638316,1,r,1,r,1,r,6,p,,,,,,,,,,,,,,,,,,,,,,,,,,,,,,,,,,,1,bu,,,,,,,,,,,,,,,,,,,,,,,,,,,,,,,,,,,,,,,,,,,,,,,,,,,,,,,,,,,,,,,,,,,,,,
05_04,05,04,m,17,01/06/21,06/14/22,a,n,10.85,10.84,77.9,.,34,34.5,34.3,34,w,638316,638317,1,r,1,r,1,r,6,p,,,,,,,,,,,,,,,,,,20,y,.,.,.,.,p,.,.,.,.,.,.,.,.,.,.,1,bu,,,,,,,,,,,,,,,,,,,,,,,,,,,,,,,,,,,,,,,,,,,,,,,,,,,,,,,,,,,,,,,,,,,,,,
05_04,05,04,m,17,01/06/21,06/14/22,a,n,10.85,10.84,77.9,.,34,34.5,34.3,34,w,638317,640866,1,r,1,r,1,r,6,p,,,,,,,,,,,,,,,,,,,,,,,,,,,,,,,,,,,1,bu,,,,,,,,,,,,,,,,,,,,,,,,,,,,,,,,,,,,,,,,,,,,,,,,,,,,,,,,,,,,,,,,,,,,,,
05_04,05,04,m,17,01/06/21,06/14/22,a,n,10.85,10.84,77.9,.,34,34.5,34.3,34,w,640866,640867,1,r,1,r,1,r,6,p,,,,,,,,,,,,,,,,,,21,y,.,.,.,.,p,.,.,.,.,.,.,.,.,.,.,1,bu,,,,,,,,,,,,,,,,,,,,,,,,,,,,,,,,,,,,,,,,,,,,,,,,,,,,,,,,,,,,,,,,,,,,,,
05_04,05,04,m,17,01/06/21,06/14/22,a,n,10.85,10.84,77.9,.,34,34.5,34.3,34,w,640867,643688,1,r,1,r,1,r,6,p,,,,,,,,,,,,,,,,,,,,,,,,,,,,,,,,,,,1,bu,,,,,,,,,,,,,,,,,,,,,,,,,,,,,,,,,,,,,,,,,,,,,,,,,,,,,,,,,,,,,,,,,,,,,,
05_04,05,04,m,17,01/06/21,06/14/22,a,n,10.85,10.84,77.9,.,34,34.5,34.3,34,w,643688,643689,1,r,1,r,1,r,6,p,,,,,,,,,,,,,,,,,,22,y,.,.,.,.,d,.,.,.,.,.,.,.,.,.,.,1,bu,,,,,,,,,,,,,,,,,,,,,,,,,,,,,,,,,,,,,,,,,,,,,,,,,,,,,,,,,,,,,,,,,,,,,,
05_04,05,04,m,17,01/06/21,06/14/22,a,n,10.85,10.84,77.9,.,34,34.5,34.3,34,w,643689,648618,1,r,1,r,1,r,6,p,,,,,,,,,,,,,,,,,,,,,,,,,,,,,,,,,,,1,bu,,,,,,,,,,,,,,,,,,,,,,,,,,,,,,,,,,,,,,,,,,,,,,,,,,,,,,,,,,,,,,,,,,,,,,
05_04,05,04,m,17,01/06/21,06/14/22,a,n,10.85,10.84,77.9,.,34,34.5,34.3,34,w,648618,653379,1,r,1,r,1,r,6,p,23,y,.,.,.,.,t,.,.,.,.,.,.,.,.,y,.,,,,,,,,,,,,,,,,,,1,bu,,,,,,,,,,,,,,,,,,,,,,,,,,,,,,,,,,,,,,,,,,,,,,,,,,,,,,,,,,,,,,,,,,,,,,
05_04,05,04,m,17,01/06/21,06/14/22,a,n,10.85,10.84,77.9,.,34,34.5,34.3,34,w,653379,654092,1,r,1,r,1,r,6,p,,,,,,,,,,,,,,,,,,,,,,,,,,,,,,,,,,,1,bu,,,,,,,,,,,,,,,,,,,,,,,,,,,,,,,,,,,,,,,,,,,,,,,,,,,,,,,,,,,,,,,,,,,,,,
05_04,05,04,m,17,01/06/21,06/14/22,a,n,10.85,10.84,77.9,.,34,34.5,34.3,34,w,654092,654093,1,r,1,r,1,r,6,p,,,,,,,,,,,,,,,,,,24,y,.,.,.,.,f,.,.,.,.,.,.,.,.,.,y,1,bu,,,,,,,,,,,,,,,,,,,,,,,,,,,,,,,,,,,,,,,,,,,,,,,,,,,,,,,,,,,,,,,,,,,,,,
05_04,05,04,m,17,01/06/21,06/14/22,a,n,10.85,10.84,77.9,.,34,34.5,34.3,34,w,654093,661742,1,r,1,r,1,r,6,p,,,,,,,,,,,,,,,,,,,,,,,,,,,,,,,,,,,1,bu,,,,,,,,,,,,,,,,,,,,,,,,,,,,,,,,,,,,,,,,,,,,,,,,,,,,,,,,,,,,,,,,,,,,,,
05_04,05,04,m,17,01/06/21,06/14/22,a,n,10.85,10.84,77.9,.,34,34.5,34.3,34,w,661742,661743,1,r,1,r,1,r,6,p,,,,,,,,,,,,,,,,,,25,y,.,.,.,.,i,.,.,.,.,y,.,.,.,.,.,1,bu,,,,,,,,,,,,,,,,,,72,y,.,.,.,.,i,.,.,.,.,y,.,.,.,.,.,,,,,,,,,,,,,,,,,,,,,,,,,,,,,,,,,,,,
05_04,05,04,m,17,01/06/21,06/14/22,a,n,10.85,10.84,77.9,.,34,34.5,34.3,34,w,661743,663850,1,r,1,r,1,r,6,p,,,,,,,,,,,,,,,,,,,,,,,,,,,,,,,,,,,1,bu,,,,,,,,,,,,,,,,,,,,,,,,,,,,,,,,,,,,,,,,,,,,,,,,,,,,,,,,,,,,,,,,,,,,,,
05_04,05,04,m,17,01/06/21,06/14/22,a,n,10.85,10.84,77.9,.,34,34.5,34.3,34,w,663850,663851,1,r,1,r,1,r,6,p,,,,,,,,,,,,,,,,,,26,y,.,.,.,.,p,.,.,.,.,.,.,.,.,.,.,1,bu,,,,,,,,,,,,,,,,,,,,,,,,,,,,,,,,,,,,,,,,,,,,,,,,,,,,,,,,,,,,,,,,,,,,,,
05_04,05,04,m,17,01/06/21,06/14/22,a,n,10.85,10.84,77.9,.,34,34.5,34.3,34,w,663851,665210,1,r,1,r,1,r,6,p,,,,,,,,,,,,,,,,,,,,,,,,,,,,,,,,,,,1,bu,,,,,,,,,,,,,,,,,,,,,,,,,,,,,,,,,,,,,,,,,,,,,,,,,,,,,,,,,,,,,,,,,,,,,,
05_04,05,04,m,17,01/06/21,06/14/22,a,n,10.85,10.84,77.9,.,34,34.5,34.3,34,w,665210,665211,1,r,1,r,1,r,6,p,,,,,,,,,,,,,,,,,,27,y,.,.,.,.,i,.,.,.,y,y,.,.,.,.,.,1,bu,,,,,,,,,,,,,,,,,,72,y,.,.,.,.,i,.,.,.,.,y,.,.,.,.,.,,,,,,,,,,,,,,,,,,,,,,,,,,,,,,,,,,,,
05_04,05,04,m,17,01/06/21,06/14/22,a,n,10.85,10.84,77.9,.,34,34.5,34.3,34,w,665211,667114,1,r,1,r,1,r,6,p,,,,,,,,,,,,,,,,,,,,,,,,,,,,,,,,,,,1,bu,,,,,,,,,,,,,,,,,,,,,,,,,,,,,,,,,,,,,,,,,,,,,,,,,,,,,,,,,,,,,,,,,,,,,,
05_04,05,04,m,17,01/06/21,06/14/22,a,n,10.85,10.84,77.9,.,34,34.5,34.3,34,w,667114,667115,1,r,1,r,1,r,6,p,,,,,,,,,,,,,,,,,,28,y,.,.,.,.,p,.,.,.,.,.,.,.,.,.,.,1,bu,,,,,,,,,,,,,,,,,,,,,,,,,,,,,,,,,,,,,,,,,,,,,,,,,,,,,,,,,,,,,,,,,,,,,,
05_04,05,04,m,17,01/06/21,06/14/22,a,n,10.85,10.84,77.9,.,34,34.5,34.3,34,w,667115,667862,1,r,1,r,1,r,6,p,,,,,,,,,,,,,,,,,,,,,,,,,,,,,,,,,,,1,bu,,,,,,,,,,,,,,,,,,,,,,,,,,,,,,,,,,,,,,,,,,,,,,,,,,,,,,,,,,,,,,,,,,,,,,
05_04,05,04,m,17,01/06/21,06/14/22,a,n,10.85,10.84,77.9,.,34,34.5,34.3,34,w,667862,667863,1,r,1,r,1,r,6,p,,,,,,,,,,,,,,,,,,29,y,.,.,.,.,i,.,.,.,.,y,.,.,.,.,.,1,bu,,,,,,,,,,,,,,,,,,72,y,.,.,.,.,i,.,.,.,.,y,.,.,.,.,.,,,,,,,,,,,,,,,,,,,,,,,,,,,,,,,,,,,,
05_04,05,04,m,17,01/06/21,06/14/22,a,n,10.85,10.84,77.9,.,34,34.5,34.3,34,w,667863,670310,1,r,1,r,1,r,6,p,,,,,,,,,,,,,,,,,,,,,,,,,,,,,,,,,,,1,bu,,,,,,,,,,,,,,,,,,,,,,,,,,,,,,,,,,,,,,,,,,,,,,,,,,,,,,,,,,,,,,,,,,,,,,
05_04,05,04,m,17,01/06/21,06/14/22,a,n,10.85,10.84,77.9,.,34,34.5,34.3,34,w,670310,670311,1,r,1,r,1,r,6,p,,,,,,,,,,,,,,,,,,30,y,.,.,.,.,p,.,.,.,.,.,.,.,.,.,.,1,bu,,,,,,,,,,,,,,,,,,,,,,,,,,,,,,,,,,,,,,,,,,,,,,,,,,,,,,,,,,,,,,,,,,,,,,
05_04,05,04,m,17,01/06/21,06/14/22,a,n,10.85,10.84,77.9,.,34,34.5,34.3,34,w,670311,671262,1,r,1,r,1,r,6,p,,,,,,,,,,,,,,,,,,,,,,,,,,,,,,,,,,,1,bu,,,,,,,,,,,,,,,,,,,,,,,,,,,,,,,,,,,,,,,,,,,,,,,,,,,,,,,,,,,,,,,,,,,,,,
05_04,05,04,m,17,01/06/21,06/14/22,a,n,10.85,10.84,77.9,.,34,34.5,34.3,34,w,671262,671263,1,r,1,r,1,r,6,p,,,,,,,,,,,,,,,,,,31,y,.,.,.,.,i,.,.,.,.,y,.,.,.,.,.,1,bu,,,,,,,,,,,,,,,,,,72,y,.,.,.,.,i,.,.,.,.,y,.,.,.,.,.,,,,,,,,,,,,,,,,,,,,,,,,,,,,,,,,,,,,
05_04,05,04,m,17,01/06/21,06/14/22,a,n,10.85,10.84,77.9,.,34,34.5,34.3,34,w,671263,672554,1,r,1,r,1,r,6,p,,,,,,,,,,,,,,,,,,,,,,,,,,,,,,,,,,,1,bu,,,,,,,,,,,,,,,,,,,,,,,,,,,,,,,,,,,,,,,,,,,,,,,,,,,,,,,,,,,,,,,,,,,,,,
05_04,05,04,m,17,01/06/21,06/14/22,a,n,10.85,10.84,77.9,.,34,34.5,34.3,34,w,672554,672555,1,r,1,r,1,r,6,p,,,,,,,,,,,,,,,,,,32,y,.,.,.,.,p,.,.,.,.,.,.,.,.,.,.,1,bu,,,,,,,,,,,,,,,,,,,,,,,,,,,,,,,,,,,,,,,,,,,,,,,,,,,,,,,,,,,,,,,,,,,,,,
05_04,05,04,m,17,01/06/21,06/14/22,a,n,10.85,10.84,77.9,.,34,34.5,34.3,34,w,672555,673880,1,r,1,r,1,r,6,p,,,,,,,,,,,,,,,,,,,,,,,,,,,,,,,,,,,1,bu,,,,,,,,,,,,,,,,,,,,,,,,,,,,,,,,,,,,,,,,,,,,,,,,,,,,,,,,,,,,,,,,,,,,,,
05_04,05,04,m,17,01/06/21,06/14/22,a,n,10.85,10.84,77.9,.,34,34.5,34.3,34,w,673880,673881,1,r,1,r,1,r,6,p,,,,,,,,,,,,,,,,,,33,y,.,.,.,.,i,.,.,.,.,y,.,.,.,.,.,1,bu,,,,,,,,,,,,,,,,,,72,y,.,.,.,.,i,.,.,.,.,y,.,.,.,.,.,,,,,,,,,,,,,,,,,,,,,,,,,,,,,,,,,,,,
05_04,05,04,m,17,01/06/21,06/14/22,a,n,10.85,10.84,77.9,.,34,34.5,34.3,34,w,673881,675784,1,r,1,r,1,r,6,p,,,,,,,,,,,,,,,,,,,,,,,,,,,,,,,,,,,1,bu,,,,,,,,,,,,,,,,,,,,,,,,,,,,,,,,,,,,,,,,,,,,,,,,,,,,,,,,,,,,,,,,,,,,,,
05_04,05,04,m,17,01/06/21,06/14/22,a,n,10.85,10.84,77.9,.,34,34.5,34.3,34,w,675784,675785,1,r,1,r,1,r,6,p,,,,,,,,,,,,,,,,,,34,y,.,.,.,.,p,.,.,.,.,.,.,.,.,.,.,1,bu,,,,,,,,,,,,,,,,,,,,,,,,,,,,,,,,,,,,,,,,,,,,,,,,,,,,,,,,,,,,,,,,,,,,,,
05_04,05,04,m,17,01/06/21,06/14/22,a,n,10.85,10.84,77.9,.,34,34.5,34.3,34,w,675785,678674,1,r,1,r,1,r,6,p,,,,,,,,,,,,,,,,,,,,,,,,,,,,,,,,,,,1,bu,,,,,,,,,,,,,,,,,,,,,,,,,,,,,,,,,,,,,,,,,,,,,,,,,,,,,,,,,,,,,,,,,,,,,,
05_04,05,04,m,17,01/06/21,06/14/22,a,n,10.85,10.84,77.9,.,34,34.5,34.3,34,w,678674,678675,1,r,1,r,1,r,6,p,,,,,,,,,,,,,,,,,,35,y,.,.,.,.,d,.,.,.,.,.,.,.,.,.,.,1,bu,,,,,,,,,,,,,,,,,,,,,,,,,,,,,,,,,,,,,,,,,,,,,,,,,,,,,,,,,,,,,,,,,,,,,,
05_04,05,04,m,17,01/06/21,06/14/22,a,n,10.85,10.84,77.9,.,34,34.5,34.3,34,w,678675,680204,1,r,1,r,1,r,6,p,,,,,,,,,,,,,,,,,,,,,,,,,,,,,,,,,,,1,bu,,,,,,,,,,,,,,,,,,,,,,,,,,,,,,,,,,,,,,,,,,,,,,,,,,,,,,,,,,,,,,,,,,,,,,
05_04,05,04,m,17,01/06/21,06/14/22,a,n,10.85,10.84,77.9,.,34,34.5,34.3,34,w,680204,680205,1,r,1,r,1,r,6,p,,,,,,,,,,,,,,,,,,36,y,.,.,.,.,p,.,.,.,.,.,.,.,.,.,.,1,bu,,,,,,,,,,,,,,,,,,,,,,,,,,,,,,,,,,,,,,,,,,,,,,,,,,,,,,,,,,,,,,,,,,,,,,
05_04,05,04,m,17,01/06/21,06/14/22,a,n,10.85,10.84,77.9,.,34,34.5,34.3,34,w,680205,682856,1,r,1,r,1,r,6,p,,,,,,,,,,,,,,,,,,,,,,,,,,,,,,,,,,,1,bu,,,,,,,,,,,,,,,,,,,,,,,,,,,,,,,,,,,,,,,,,,,,,,,,,,,,,,,,,,,,,,,,,,,,,,
05_04,05,04,m,17,01/06/21,06/14/22,a,n,10.85,10.84,77.9,.,34,34.5,34.3,34,w,682856,682857,1,r,1,r,1,r,6,p,,,,,,,,,,,,,,,,,,37,y,.,.,.,.,i,.,.,.,.,y,.,.,.,.,.,1,bu,,,,,,,,,,,,,,,,,,72,y,.,.,.,.,i,.,.,.,.,y,.,.,.,.,.,,,,,,,,,,,,,,,,,,,,,,,,,,,,,,,,,,,,
05_04,05,04,m,17,01/06/21,06/14/22,a,n,10.85,10.84,77.9,.,34,34.5,34.3,34,w,682857,682891,1,r,1,r,1,r,6,p,,,,,,,,,,,,,,,,,,,,,,,,,,,,,,,,,,,1,bu,,,,,,,,,,,,,,,,,,,,,,,,,,,,,,,,,,,,,,,,,,,,,,,,,,,,,,,,,,,,,,,,,,,,,,
05_04,05,04,m,17,01/06/21,06/14/22,a,n,10.85,10.84,77.9,.,34,34.5,34.3,34,w,682891,689588,1,r,1,r,1,r,,,,,,,,,,,,,,,,,,,,,,,,,,,,,,,,,,,,,1,bu,,,,,,,,,,,,,,,,,,,,,,,,,,,,,,,,,,,,,,,,,,,,,,,,,,,,,,,,,,,,,,,,,,,,,,
05_04,05,04,m,17,01/06/21,06/14/22,a,n,10.85,10.84,77.9,.,34,34.5,34.3,34,w,689588,693634,1,r,1,r,1,r,7,p,,,,,,,,,,,,,,,,,,,,,,,,,,,,,,,,,,,1,bu,,,,,,,,,,,,,,,,,,,,,,,,,,,,,,,,,,,,,,,,,,,,,,,,,,,,,,,,,,,,,,,,,,,,,,
05_04,05,04,m,17,01/06/21,06/14/22,a,n,10.85,10.84,77.9,.,34,34.5,34.3,34,w,693634,693635,1,r,1,r,1,r,7,p,,,,,,,,,,,,,,,,,,38,y,.,.,.,.,p,.,.,.,.,.,.,.,.,.,.,1,bu,,,,,,,,,,,,,,,,,,,,,,,,,,,,,,,,,,,,,,,,,,,,,,,,,,,,,,,,,,,,,,,,,,,,,,
05_04,05,04,m,17,01/06/21,06/14/22,a,n,10.85,10.84,77.9,.,34,34.5,34.3,34,w,693635,695402,1,r,1,r,1,r,7,p,,,,,,,,,,,,,,,,,,,,,,,,,,,,,,,,,,,1,bu,,,,,,,,,,,,,,,,,,,,,,,,,,,,,,,,,,,,,,,,,,,,,,,,,,,,,,,,,,,,,,,,,,,,,,
05_04,05,04,m,17,01/06/21,06/14/22,a,n,10.85,10.84,77.9,.,34,34.5,34.3,34,w,695402,695403,1,r,1,r,1,r,7,p,,,,,,,,,,,,,,,,,,,,,,,,,,,,,,,,,,,1,bu,,,,,,,,,,,,,,,,,,72,y,.,.,.,.,p,.,.,.,.,.,.,.,.,.,.,,,,,,,,,,,,,,,,,,,,,,,,,,,,,,,,,,,,
05_04,05,04,m,17,01/06/21,06/14/22,a,n,10.85,10.84,77.9,.,34,34.5,34.3,34,w,695403,703290,1,r,1,r,1,r,7,p,,,,,,,,,,,,,,,,,,,,,,,,,,,,,,,,,,,1,bu,,,,,,,,,,,,,,,,,,,,,,,,,,,,,,,,,,,,,,,,,,,,,,,,,,,,,,,,,,,,,,,,,,,,,,
05_04,05,04,m,17,01/06/21,06/14/22,a,n,10.85,10.84,77.9,.,34,34.5,34.3,34,w,703290,703291,1,r,1,r,1,r,7,p,,,,,,,,,,,,,,,,,,39,y,.,.,.,.,p,.,.,.,.,.,.,.,.,.,.,1,bu,,,,,,,,,,,,,,,,,,,,,,,,,,,,,,,,,,,,,,,,,,,,,,,,,,,,,,,,,,,,,,,,,,,,,,
05_04,05,04,m,17,01/06/21,06/14/22,a,n,10.85,10.84,77.9,.,34,34.5,34.3,34,w,703291,714272,1,r,1,r,1,r,7,p,,,,,,,,,,,,,,,,,,,,,,,,,,,,,,,,,,,1,bu,,,,,,,,,,,,,,,,,,,,,,,,,,,,,,,,,,,,,,,,,,,,,,,,,,,,,,,,,,,,,,,,,,,,,,
05_04,05,04,m,17,01/06/21,06/14/22,a,n,10.85,10.84,77.9,.,34,34.5,34.3,34,w,714272,714273,1,r,1,r,1,r,7,p,,,,,,,,,,,,,,,,,,40,y,.,.,.,.,d,.,.,.,.,.,.,.,.,.,.,1,bu,,,,,,,,,,,,,,,,,,,,,,,,,,,,,,,,,,,,,,,,,,,,,,,,,,,,,,,,,,,,,,,,,,,,,,
05_04,05,04,m,17,01/06/21,06/14/22,a,n,10.85,10.84,77.9,.,34,34.5,34.3,34,w,714273,718726,1,r,1,r,1,r,,,,,,,,,,,,,,,,,,,,,,,,,,,,,,,,,,,,,1,bu,,,,,,,,,,,,,,,,,,,,,,,,,,,,,,,,,,,,,,,,,,,,,,,,,,,,,,,,,,,,,,,,,,,,,,
05_04,05,04,m,17,01/06/21,06/14/22,a,n,10.85,10.84,77.9,.,34,34.5,34.3,34,w,718726,721921,1,r,1,r,1,r,,,,,,,,,,,,,,,,,,,,,,,,,,,,,,,,,,,,,1,bu,72,y,.,.,.,.,s,.,.,.,.,.,.,.,.,.,.,,,,,,,,,,,,,,,,,,,,,,,,,,,,,,,,,,,,,,,,,,,,,,,,,,,,,
05_04,05,04,m,17,01/06/21,06/14/22,a,n,10.85,10.84,77.9,.,34,34.5,34.3,34,w,721921,723010,1,r,1,r,1,r,,,,,,,,,,,,,,,,,,,,,,,,,,,,,,,,,,,,,1,bu,,,,,,,,,,,,,,,,,,,,,,,,,,,,,,,,,,,,,,,,,,,,,,,,,,,,,,,,,,,,,,,,,,,,,,
05_04,05,04,m,17,01/06/21,06/14/22,a,n,10.85,10.84,77.9,.,34,34.5,34.3,34,w,723010,725663,1,r,1,r,1,r,8,p,,,,,,,,,,,,,,,,,,,,,,,,,,,,,,,,,,,1,bu,,,,,,,,,,,,,,,,,,,,,,,,,,,,,,,,,,,,,,,,,,,,,,,,,,,,,,,,,,,,,,,,,,,,,,
05_04,05,04,m,17,01/06/21,06/14/22,a,n,10.85,10.84,77.9,.,34,34.5,34.3,34,w,725663,729334,1,r,1,r,1,r,,,,,,,,,,,,,,,,,,,,,,,,,,,,,,,,,,,,,1,bu,,,,,,,,,,,,,,,,,,,,,,,,,,,,,,,,,,,,,,,,,,,,,,,,,,,,,,,,,,,,,,,,,,,,,,
05_04,05,04,m,17,01/06/21,06/14/22,a,n,10.85,10.84,77.9,.,34,34.5,34.3,34,w,729334,730932,1,r,1,r,1,r,9,s,,,,,,,,,,,,,,,,,,,,,,,,,,,,,,,,,,,1,bu,,,,,,,,,,,,,,,,,,,,,,,,,,,,,,,,,,,,,,,,,,,,,,,,,,,,,,,,,,,,,,,,,,,,,,
05_04,05,04,m,17,01/06/21,06/14/22,a,n,10.85,10.84,77.9,.,34,34.5,34.3,34,w,730932,730933,1,r,1,r,1,r,9,s,,,,,,,,,,,,,,,,,,41,.,.,.,y,.,si,.,.,.,.,.,.,.,.,.,.,1,bu,,,,,,,,,,,,,,,,,,,,,,,,,,,,,,,,,,,,,,,,,,,,,,,,,,,,,,,,,,,,,,,,,,,,,,
05_04,05,04,m,17,01/06/21,06/14/22,a,n,10.85,10.84,77.9,.,34,34.5,34.3,34,w,730933,735795,1,r,1,r,1,r,9,s,,,,,,,,,,,,,,,,,,,,,,,,,,,,,,,,,,,1,bu,,,,,,,,,,,,,,,,,,,,,,,,,,,,,,,,,,,,,,,,,,,,,,,,,,,,,,,,,,,,,,,,,,,,,,
05_04,05,04,m,17,01/06/21,06/14/22,a,n,10.85,10.84,77.9,.,34,34.5,34.3,34,w,735795,743954,1,r,1,r,1,r,,,,,,,,,,,,,,,,,,,,,,,,,,,,,,,,,,,,,1,bu,,,,,,,,,,,,,,,,,,,,,,,,,,,,,,,,,,,,,,,,,,,,,,,,,,,,,,,,,,,,,,,,,,,,,,
05_04,05,04,m,17,01/06/21,06/14/22,a,n,10.85,10.84,77.9,.,34,34.5,34.3,34,w,743954,748136,1,r,1,r,1,r,10,p,,,,,,,,,,,,,,,,,,,,,,,,,,,,,,,,,,,1,bu,,,,,,,,,,,,,,,,,,,,,,,,,,,,,,,,,,,,,,,,,,,,,,,,,,,,,,,,,,,,,,,,,,,,,,
05_04,05,04,m,17,01/06/21,06/14/22,a,n,10.85,10.84,77.9,.,34,34.5,34.3,34,w,748136,748137,1,r,1,r,1,r,10,p,,,,,,,,,,,,,,,,,,42,y,.,.,.,.,o,.,.,.,y,.,.,.,.,.,.,1,bu,,,,,,,,,,,,,,,,,,72,y,.,.,.,.,o,.,.,.,y,.,.,.,.,.,.,,,,,,,,,,,,,,,,,,,,,,,,,,,,,,,,,,,,
05_04,05,04,m,17,01/06/21,06/14/22,a,n,10.85,10.84,77.9,.,34,34.5,34.3,34,w,748137,749462,1,r,1,r,1,r,10,p,,,,,,,,,,,,,,,,,,,,,,,,,,,,,,,,,,,1,bu,,,,,,,,,,,,,,,,,,,,,,,,,,,,,,,,,,,,,,,,,,,,,,,,,,,,,,,,,,,,,,,,,,,,,,
05_04,05,04,m,17,01/06/21,06/14/22,a,n,10.85,10.84,77.9,.,34,34.5,34.3,34,w,749462,749463,1,r,1,r,1,r,10,p,,,,,,,,,,,,,,,,,,43,y,.,.,.,.,i,.,.,.,.,y,.,.,.,.,.,1,bu,,,,,,,,,,,,,,,,,,,,,,,,,,,,,,,,,,,,,,,,,,,,,,,,,,,,,,,,,,,,,,,,,,,,,,
05_04,05,04,m,17,01/06/21,06/14/22,a,n,10.85,10.84,77.9,.,34,34.5,34.3,34,w,749463,754664,1,r,1,r,1,r,10,p,,,,,,,,,,,,,,,,,,,,,,,,,,,,,,,,,,,1,bu,,,,,,,,,,,,,,,,,,,,,,,,,,,,,,,,,,,,,,,,,,,,,,,,,,,,,,,,,,,,,,,,,,,,,,
05_04,05,04,m,17,01/06/21,06/14/22,a,n,10.85,10.84,77.9,.,34,34.5,34.3,34,w,754664,754665,1,r,1,r,1,r,10,p,,,,,,,,,,,,,,,,,,44,y,.,.,.,.,o,.,.,.,y,.,.,.,.,.,.,1,bu,,,,,,,,,,,,,,,,,,72,y,.,.,.,.,o,.,.,.,y,.,.,.,.,.,.,,,,,,,,,,,,,,,,,,,,,,,,,,,,,,,,,,,,
05_04,05,04,m,17,01/06/21,06/14/22,a,n,10.85,10.84,77.9,.,34,34.5,34.3,34,w,754665,755888,1,r,1,r,1,r,10,p,,,,,,,,,,,,,,,,,,,,,,,,,,,,,,,,,,,1,bu,,,,,,,,,,,,,,,,,,,,,,,,,,,,,,,,,,,,,,,,,,,,,,,,,,,,,,,,,,,,,,,,,,,,,,
05_04,05,04,m,17,01/06/21,06/14/22,a,n,10.85,10.84,77.9,.,34,34.5,34.3,34,w,755888,755889,1,r,1,r,1,r,10,p,,,,,,,,,,,,,,,,,,45,y,.,.,.,.,i,.,.,.,.,y,.,.,.,.,.,1,bu,,,,,,,,,,,,,,,,,,,,,,,,,,,,,,,,,,,,,,,,,,,,,,,,,,,,,,,,,,,,,,,,,,,,,,
05_04,05,04,m,17,01/06/21,06/14/22,a,n,10.85,10.84,77.9,.,34,34.5,34.3,34,w,755889,757725,1,r,1,r,1,r,10,p,,,,,,,,,,,,,,,,,,,,,,,,,,,,,,,,,,,1,bu,,,,,,,,,,,,,,,,,,,,,,,,,,,,,,,,,,,,,,,,,,,,,,,,,,,,,,,,,,,,,,,,,,,,,,
05_04,05,04,m,17,01/06/21,06/14/22,a,n,10.85,10.84,77.9,.,34,34.5,34.3,34,w,757725,759016,1,r,1,r,1,r,,,,,,,,,,,,,,,,,,,,,,,,,,,,,,,,,,,,,1,bu,,,,,,,,,,,,,,,,,,,,,,,,,,,,,,,,,,,,,,,,,,,,,,,,,,,,,,,,,,,,,,,,,,,,,,
05_04,05,04,m,17,01/06/21,06/14/22,a,n,10.85,10.84,77.9,.,34,34.5,34.3,34,w,759016,759017,1,r,1,r,1,r,,,,,,,,,,,,,,,,,,,,,,,,,,,,,,,,,,,,,1,bu,,,,,,,,,,,,,,,,,,72,y,.,.,.,.,o,.,.,.,y,.,.,.,.,.,.,,,,,,,,,,,,,,,,,,,,,,,,,,,,,,,,,,,,
05_04,05,04,m,17,01/06/21,06/14/22,a,n,10.85,10.84,77.9,.,34,34.5,34.3,34,w,759017,761396,1,r,1,r,1,r,,,,,,,,,,,,,,,,,,,,,,,,,,,,,,,,,,,,,1,bu,,,,,,,,,,,,,,,,,,,,,,,,,,,,,,,,,,,,,,,,,,,,,,,,,,,,,,,,,,,,,,,,,,,,,,
05_04,05,04,m,17,01/06/21,06/14/22,a,n,10.85,10.84,77.9,.,34,34.5,34.3,34,w,761396,761397,1,r,1,r,1,r,,,,,,,,,,,,,,,,,,,,,,,,,,,,,,,,,,,,,1,bu,,,,,,,,,,,,,,,,,,72,y,.,.,.,.,th,.,.,.,.,.,.,.,.,.,.,,,,,,,,,,,,,,,,,,,,,,,,,,,,,,,,,,,,
05_04,05,04,m,17,01/06/21,06/14/22,a,n,10.85,10.84,77.9,.,34,34.5,34.3,34,w,761397,769386,1,r,1,r,1,r,,,,,,,,,,,,,,,,,,,,,,,,,,,,,,,,,,,,,1,bu,,,,,,,,,,,,,,,,,,,,,,,,,,,,,,,,,,,,,,,,,,,,,,,,,,,,,,,,,,,,,,,,,,,,,,
05_04,05,04,m,17,01/06/21,06/14/22,a,n,10.85,10.84,77.9,.,34,34.5,34.3,34,w,769386,769590,1,r,1,r,1,r,11,p,,,,,,,,,,,,,,,,,,,,,,,,,,,,,,,,,,,1,bu,,,,,,,,,,,,,,,,,,,,,,,,,,,,,,,,,,,,,,,,,,,,,,,,,,,,,,,,,,,,,,,,,,,,,,
05_04,05,04,m,17,01/06/21,06/14/22,a,n,10.85,10.84,77.9,.,34,34.5,34.3,34,w,769590,769591,1,r,1,r,1,r,11,p,,,,,,,,,,,,,,,,,,46,y,.,.,.,.,o,.,.,.,y,.,.,.,.,.,.,1,bu,,,,,,,,,,,,,,,,,,72,y,.,.,.,.,o,.,.,.,y,.,.,.,.,.,.,,,,,,,,,,,,,,,,,,,,,,,,,,,,,,,,,,,,
05_04,05,04,m,17,01/06/21,06/14/22,a,n,10.85,10.84,77.9,.,34,34.5,34.3,34,w,769591,774214,1,r,1,r,1,r,11,p,,,,,,,,,,,,,,,,,,,,,,,,,,,,,,,,,,,1,bu,,,,,,,,,,,,,,,,,,,,,,,,,,,,,,,,,,,,,,,,,,,,,,,,,,,,,,,,,,,,,,,,,,,,,,
05_04,05,04,m,17,01/06/21,06/14/22,a,n,10.85,10.84,77.9,.,34,34.5,34.3,34,w,774214,774215,1,r,1,r,1,r,11,p,,,,,,,,,,,,,,,,,,47,y,.,.,.,.,i,.,.,.,.,y,.,.,.,.,.,1,bu,,,,,,,,,,,,,,,,,,,,,,,,,,,,,,,,,,,,,,,,,,,,,,,,,,,,,,,,,,,,,,,,,,,,,,
05_04,05,04,m,17,01/06/21,06/14/22,a,n,10.85,10.84,77.9,.,34,34.5,34.3,34,w,774215,778430,1,r,1,r,1,r,11,p,,,,,,,,,,,,,,,,,,,,,,,,,,,,,,,,,,,1,bu,,,,,,,,,,,,,,,,,,,,,,,,,,,,,,,,,,,,,,,,,,,,,,,,,,,,,,,,,,,,,,,,,,,,,,
05_04,05,04,m,17,01/06/21,06/14/22,a,n,10.85,10.84,77.9,.,34,34.5,34.3,34,w,778430,778431,1,r,1,r,1,r,11,p,,,,,,,,,,,,,,,,,,48,y,.,.,.,.,o,.,.,.,y,.,.,.,.,.,.,1,bu,,,,,,,,,,,,,,,,,,72,y,.,.,.,.,o,.,.,.,y,.,.,.,.,.,.,,,,,,,,,,,,,,,,,,,,,,,,,,,,,,,,,,,,
05_04,05,04,m,17,01/06/21,06/14/22,a,n,10.85,10.84,77.9,.,34,34.5,34.3,34,w,778431,779518,1,r,1,r,1,r,11,p,,,,,,,,,,,,,,,,,,,,,,,,,,,,,,,,,,,1,bu,,,,,,,,,,,,,,,,,,,,,,,,,,,,,,,,,,,,,,,,,,,,,,,,,,,,,,,,,,,,,,,,,,,,,,
05_04,05,04,m,17,01/06/21,06/14/22,a,n,10.85,10.84,77.9,.,34,34.5,34.3,34,w,779518,779519,1,r,1,r,1,r,11,p,,,,,,,,,,,,,,,,,,49,y,.,.,.,.,d,.,.,.,.,.,.,.,.,.,.,1,bu,,,,,,,,,,,,,,,,,,,,,,,,,,,,,,,,,,,,,,,,,,,,,,,,,,,,,,,,,,,,,,,,,,,,,,
05_04,05,04,m,17,01/06/21,06/14/22,a,n,10.85,10.84,77.9,.,34,34.5,34.3,34,w,779519,781252,1,r,1,r,1,r,11,p,,,,,,,,,,,,,,,,,,,,,,,,,,,,,,,,,,,1,bu,,,,,,,,,,,,,,,,,,,,,,,,,,,,,,,,,,,,,,,,,,,,,,,,,,,,,,,,,,,,,,,,,,,,,,
05_04,05,04,m,17,01/06/21,06/14/22,a,n,10.85,10.84,77.9,.,34,34.5,34.3,34,w,781252,781253,1,r,1,r,1,r,11,p,,,,,,,,,,,,,,,,,,50,y,.,.,.,.,i,.,.,.,.,y,.,.,.,.,.,1,bu,,,,,,,,,,,,,,,,,,,,,,,,,,,,,,,,,,,,,,,,,,,,,,,,,,,,,,,,,,,,,,,,,,,,,,
05_04,05,04,m,17,01/06/21,06/14/22,a,n,10.85,10.84,77.9,.,34,34.5,34.3,34,w,781253,782884,1,r,1,r,1,r,11,p,,,,,,,,,,,,,,,,,,,,,,,,,,,,,,,,,,,1,bu,,,,,,,,,,,,,,,,,,,,,,,,,,,,,,,,,,,,,,,,,,,,,,,,,,,,,,,,,,,,,,,,,,,,,,
05_04,05,04,m,17,01/06/21,06/14/22,a,n,10.85,10.84,77.9,.,34,34.5,34.3,34,w,782884,782885,1,r,1,r,1,r,11,p,,,,,,,,,,,,,,,,,,51,y,.,.,.,.,p,.,.,.,.,.,.,.,.,.,.,1,bu,,,,,,,,,,,,,,,,,,,,,,,,,,,,,,,,,,,,,,,,,,,,,,,,,,,,,,,,,,,,,,,,,,,,,,
05_04,05,04,m,17,01/06/21,06/14/22,a,n,10.85,10.84,77.9,.,34,34.5,34.3,34,w,782885,784584,1,r,1,r,1,r,11,p,,,,,,,,,,,,,,,,,,,,,,,,,,,,,,,,,,,1,bu,,,,,,,,,,,,,,,,,,,,,,,,,,,,,,,,,,,,,,,,,,,,,,,,,,,,,,,,,,,,,,,,,,,,,,
05_04,05,04,m,17,01/06/21,06/14/22,a,n,10.85,10.84,77.9,.,34,34.5,34.3,34,w,784584,784585,1,r,1,r,1,r,11,p,,,,,,,,,,,,,,,,,,52,y,.,.,.,.,i,.,.,.,.,y,.,.,.,.,.,1,bu,,,,,,,,,,,,,,,,,,,,,,,,,,,,,,,,,,,,,,,,,,,,,,,,,,,,,,,,,,,,,,,,,,,,,,
05_04,05,04,m,17,01/06/21,06/14/22,a,n,10.85,10.84,77.9,.,34,34.5,34.3,34,w,784585,796246,1,r,1,r,1,r,11,p,,,,,,,,,,,,,,,,,,,,,,,,,,,,,,,,,,,1,bu,,,,,,,,,,,,,,,,,,,,,,,,,,,,,,,,,,,,,,,,,,,,,,,,,,,,,,,,,,,,,,,,,,,,,,
05_04,05,04,m,17,01/06/21,06/14/22,a,n,10.85,10.84,77.9,.,34,34.5,34.3,34,w,796246,796247,1,r,1,r,1,r,11,p,,,,,,,,,,,,,,,,,,53,y,.,.,.,.,o,.,.,.,y,.,.,.,.,.,.,1,bu,,,,,,,,,,,,,,,,,,72,y,.,.,.,.,o,.,.,.,y,.,.,.,.,.,.,,,,,,,,,,,,,,,,,,,,,,,,,,,,,,,,,,,,
05_04,05,04,m,17,01/06/21,06/14/22,a,n,10.85,10.84,77.9,.,34,34.5,34.3,34,w,796247,797300,1,r,1,r,1,r,11,p,,,,,,,,,,,,,,,,,,,,,,,,,,,,,,,,,,,1,bu,,,,,,,,,,,,,,,,,,,,,,,,,,,,,,,,,,,,,,,,,,,,,,,,,,,,,,,,,,,,,,,,,,,,,,
05_04,05,04,m,17,01/06/21,06/14/22,a,n,10.85,10.84,77.9,.,34,34.5,34.3,34,w,797300,797301,1,r,1,r,1,r,11,p,,,,,,,,,,,,,,,,,,54,y,.,.,.,.,i,.,.,.,.,y,.,.,.,.,.,1,bu,,,,,,,,,,,,,,,,,,,,,,,,,,,,,,,,,,,,,,,,,,,,,,,,,,,,,,,,,,,,,,,,,,,,,,
05_04,05,04,m,17,01/06/21,06/14/22,a,n,10.85,10.84,77.9,.,34,34.5,34.3,34,w,797301,798355,1,r,1,r,1,r,11,p,,,,,,,,,,,,,,,,,,,,,,,,,,,,,,,,,,,1,bu,,,,,,,,,,,,,,,,,,,,,,,,,,,,,,,,,,,,,,,,,,,,,,,,,,,,,,,,,,,,,,,,,,,,,,
05_04,05,04,m,17,01/06/21,06/14/22,a,n,10.85,10.84,77.9,.,34,34.5,34.3,34,w,798355,805800,1,r,1,r,1,r,,,,,,,,,,,,,,,,,,,,,,,,,,,,,,,,,,,,,1,bu,,,,,,,,,,,,,,,,,,,,,,,,,,,,,,,,,,,,,,,,,,,,,,,,,,,,,,,,,,,,,,,,,,,,,,
05_04,05,04,m,17,01/06/21,06/14/22,a,n,10.85,10.84,77.9,.,34,34.5,34.3,34,w,805800,805801,1,r,1,r,1,r,,,,,,,,,,,,,,,,,,,,,,,,,,,,,,,,,,,,,1,bu,,,,,,,,,,,,,,,,,,72,y,.,.,.,.,i,.,.,.,.,y,.,.,.,.,.,,,,,,,,,,,,,,,,,,,,,,,,,,,,,,,,,,,,
05_04,05,04,m,17,01/06/21,06/14/22,a,n,10.85,10.84,77.9,.,34,34.5,34.3,34,w,805801,808520,1,r,1,r,1,r,,,,,,,,,,,,,,,,,,,,,,,,,,,,,,,,,,,,,1,bu,,,,,,,,,,,,,,,,,,,,,,,,,,,,,,,,,,,,,,,,,,,,,,,,,,,,,,,,,,,,,,,,,,,,,,
05_04,05,04,m,17,01/06/21,06/14/22,a,n,10.85,10.84,77.9,.,34,34.5,34.3,34,w,808520,814980,1,r,1,r,1,r,12,p,,,,,,,,,,,,,,,,,,,,,,,,,,,,,,,,,,,1,bu,,,,,,,,,,,,,,,,,,,,,,,,,,,,,,,,,,,,,,,,,,,,,,,,,,,,,,,,,,,,,,,,,,,,,,
05_04,05,04,m,17,01/06/21,06/14/22,a,n,10.85,10.84,77.9,.,34,34.5,34.3,34,w,814980,814981,1,r,1,r,1,r,12,p,,,,,,,,,,,,,,,,,,,,,,,,,,,,,,,,,,,1,bu,,,,,,,,,,,,,,,,,,72,y,.,.,.,.,p,.,.,.,.,.,.,.,.,.,.,,,,,,,,,,,,,,,,,,,,,,,,,,,,,,,,,,,,
05_04,05,04,m,17,01/06/21,06/14/22,a,n,10.85,10.84,77.9,.,34,34.5,34.3,34,w,814981,815049,1,r,1,r,1,r,12,p,,,,,,,,,,,,,,,,,,,,,,,,,,,,,,,,,,,1,bu,,,,,,,,,,,,,,,,,,,,,,,,,,,,,,,,,,,,,,,,,,,,,,,,,,,,,,,,,,,,,,,,,,,,,,
05_04,05,04,m,17,01/06/21,06/14/22,a,n,10.85,10.84,77.9,.,34,34.5,34.3,34,w,815049,817496,1,r,1,r,1,r,,,,,,,,,,,,,,,,,,,,,,,,,,,,,,,,,,,,,1,bu,,,,,,,,,,,,,,,,,,,,,,,,,,,,,,,,,,,,,,,,,,,,,,,,,,,,,,,,,,,,,,,,,,,,,,
05_04,05,04,m,17,01/06/21,06/14/22,a,n,10.85,10.84,77.9,.,34,34.5,34.3,34,w,817496,825181,1,r,1,r,1,r,,,,,,,,,,,,,,,,,,,,,,,,,,,,,,,,,,,,,1,bu,72,y,.,.,.,.,s,y,.,.,.,.,.,.,.,.,.,,,,,,,,,,,,,,,,,,,,,,,,,,,,,,,,,,,,,,,,,,,,,,,,,,,,,
05_04,05,04,m,17,01/06/21,06/14/22,a,n,10.85,10.84,77.9,.,34,34.5,34.3,34,w,825181,834360,1,r,1,r,1,r,,,,,,,,,,,,,,,,,,,,,,,,,,,,,,,,,,,,,1,bu,,,,,,,,,,,,,,,,,,,,,,,,,,,,,,,,,,,,,,,,,,,,,,,,,,,,,,,,,,,,,,,,,,,,,,
05_04,05,04,m,17,01/06/21,06/14/22,a,n,10.85,10.84,77.9,.,34,34.5,34.3,34,w,834360,834361,1,r,1,r,1,r,,,,,,,,,,,,,,,,,,,,,,,,,,,,,,,,,,,,,1,bu,,,,,,,,,,,,,,,,,,72,y,.,.,.,.,o,.,.,.,y,.,.,.,.,.,.,,,,,,,,,,,,,,,,,,,,,,,,,,,,,,,,,,,,
05_04,05,04,m,17,01/06/21,06/14/22,a,n,10.85,10.84,77.9,.,34,34.5,34.3,34,w,834361,835346,1,r,1,r,1,r,,,,,,,,,,,,,,,,,,,,,,,,,,,,,,,,,,,,,1,bu,,,,,,,,,,,,,,,,,,,,,,,,,,,,,,,,,,,,,,,,,,,,,,,,,,,,,,,,,,,,,,,,,,,,,,
05_04,05,04,m,17,01/06/21,06/14/22,a,n,10.85,10.84,77.9,.,34,34.5,34.3,34,w,835346,835347,1,r,1,r,1,r,,,,,,,,,,,,,,,,,,,,,,,,,,,,,,,,,,,,,1,bu,,,,,,,,,,,,,,,,,,72,y,.,.,.,.,d,.,.,.,.,.,.,.,.,.,.,,,,,,,,,,,,,,,,,,,,,,,,,,,,,,,,,,,,
05_04,05,04,m,17,01/06/21,06/14/22,a,n,10.85,10.84,77.9,.,34,34.5,34.3,34,w,835347,836536,1,r,1,r,1,r,,,,,,,,,,,,,,,,,,,,,,,,,,,,,,,,,,,,,1,bu,,,,,,,,,,,,,,,,,,,,,,,,,,,,,,,,,,,,,,,,,,,,,,,,,,,,,,,,,,,,,,,,,,,,,,
05_04,05,04,m,17,01/06/21,06/14/22,a,n,10.85,10.84,77.9,.,34,34.5,34.3,34,w,836536,836537,1,r,1,r,1,r,,,,,,,,,,,,,,,,,,,,,,,,,,,,,,,,,,,,,1,bu,,,,,,,,,,,,,,,,,,72,y,.,.,.,.,o,.,.,.,y,.,.,.,.,.,.,,,,,,,,,,,,,,,,,,,,,,,,,,,,,,,,,,,,
05_04,05,04,m,17,01/06/21,06/14/22,a,n,10.85,10.84,77.9,.,34,34.5,34.3,34,w,836537,837284,1,r,1,r,1,r,,,,,,,,,,,,,,,,,,,,,,,,,,,,,,,,,,,,,1,bu,,,,,,,,,,,,,,,,,,,,,,,,,,,,,,,,,,,,,,,,,,,,,,,,,,,,,,,,,,,,,,,,,,,,,,
05_04,05,04,m,17,01/06/21,06/14/22,a,n,10.85,10.84,77.9,.,34,34.5,34.3,34,w,837284,837285,1,r,1,r,1,r,,,,,,,,,,,,,,,,,,,,,,,,,,,,,,,,,,,,,1,bu,,,,,,,,,,,,,,,,,,72,y,.,.,.,.,d,.,.,.,.,.,.,.,.,.,.,,,,,,,,,,,,,,,,,,,,,,,,,,,,,,,,,,,,
05_04,05,04,m,17,01/06/21,06/14/22,a,n,10.85,10.84,77.9,.,34,34.5,34.3,34,w,837285,838780,1,r,1,r,1,r,,,,,,,,,,,,,,,,,,,,,,,,,,,,,,,,,,,,,1,bu,,,,,,,,,,,,,,,,,,,,,,,,,,,,,,,,,,,,,,,,,,,,,,,,,,,,,,,,,,,,,,,,,,,,,,
05_04,05,04,m,17,01/06/21,06/14/22,a,n,10.85,10.84,77.9,.,34,34.5,34.3,34,w,838780,838781,1,r,1,r,1,r,,,,,,,,,,,,,,,,,,,,,,,,,,,,,,,,,,,,,1,bu,,,,,,,,,,,,,,,,,,72,y,.,.,.,.,o,.,.,.,y,.,.,.,.,.,.,,,,,,,,,,,,,,,,,,,,,,,,,,,,,,,,,,,,
05_04,05,04,m,17,01/06/21,06/14/22,a,n,10.85,10.84,77.9,.,34,34.5,34.3,34,w,838781,839460,1,r,1,r,1,r,,,,,,,,,,,,,,,,,,,,,,,,,,,,,,,,,,,,,1,bu,,,,,,,,,,,,,,,,,,,,,,,,,,,,,,,,,,,,,,,,,,,,,,,,,,,,,,,,,,,,,,,,,,,,,,
05_04,05,04,m,17,01/06/21,06/14/22,a,n,10.85,10.84,77.9,.,34,34.5,34.3,34,w,839460,839461,1,r,1,r,1,r,,,,,,,,,,,,,,,,,,,,,,,,,,,,,,,,,,,,,1,bu,,,,,,,,,,,,,,,,,,72,y,.,.,.,.,d,.,.,.,.,.,.,.,.,.,.,,,,,,,,,,,,,,,,,,,,,,,,,,,,,,,,,,,,
05_04,05,04,m,17,01/06/21,06/14/22,a,n,10.85,10.84,77.9,.,34,34.5,34.3,34,w,839461,846600,1,r,1,r,1,r,,,,,,,,,,,,,,,,,,,,,,,,,,,,,,,,,,,,,1,bu,,,,,,,,,,,,,,,,,,,,,,,,,,,,,,,,,,,,,,,,,,,,,,,,,,,,,,,,,,,,,,,,,,,,,,
05_04,05,04,m,17,01/06/21,06/14/22,a,n,10.85,10.84,77.9,.,34,34.5,34.3,34,w,846600,846601,1,r,1,r,1,r,,,,,,,,,,,,,,,,,,,,,,,,,,,,,,,,,,,,,1,bu,,,,,,,,,,,,,,,,,,72,y,.,.,.,.,p,.,.,.,.,.,.,.,.,.,.,,,,,,,,,,,,,,,,,,,,,,,,,,,,,,,,,,,,
05_04,05,04,m,17,01/06/21,06/14/22,a,n,10.85,10.84,77.9,.,34,34.5,34.3,34,w,846601,848708,1,r,1,r,1,r,,,,,,,,,,,,,,,,,,,,,,,,,,,,,,,,,,,,,1,bu,,,,,,,,,,,,,,,,,,,,,,,,,,,,,,,,,,,,,,,,,,,,,,,,,,,,,,,,,,,,,,,,,,,,,,
05_04,05,04,m,17,01/06/21,06/14/22,a,n,10.85,10.84,77.9,.,34,34.5,34.3,34,w,848708,848709,1,r,1,r,1,r,,,,,,,,,,,,,,,,,,,,,,,,,,,,,,,,,,,,,1,bu,,,,,,,,,,,,,,,,,,72,y,.,.,.,.,d,.,.,.,.,.,.,.,.,.,.,,,,,,,,,,,,,,,,,,,,,,,,,,,,,,,,,,,,
05_04,05,04,m,17,01/06/21,06/14/22,a,n,10.85,10.84,77.9,.,34,34.5,34.3,34,w,848709,848845,1,r,1,r,1,r,,,,,,,,,,,,,,,,,,,,,,,,,,,,,,,,,,,,,1,bu,,,,,,,,,,,,,,,,,,,,,,,,,,,,,,,,,,,,,,,,,,,,,,,,,,,,,,,,,,,,,,,,,,,,,,
05_04,05,04,m,17,01/06/21,06/14/22,a,n,10.85,10.84,77.9,.,34,34.5,34.3,34,w,848845,850136,1,r,1,r,1,r,,,,,,,,,,,,,,,,,,,,,,,,,,,,,,,,,,,,,,,,,,,,,,,,,,,,,,,,,,,,,,,,,,,,,,,,,,,,,,,,,,,,,,,,,,,,,,,,,,,,,,,,,,,,
05_04,05,04,m,17,01/06/21,06/14/22,a,n,10.85,10.84,77.9,.,34,34.5,34.3,34,w,850136,851259,1,r,1,r,1,r,13,y,55,.,.,y,.,.,k,.,.,.,.,.,.,.,.,.,.,,,,,,,,,,,,,,,,,,,,,,,,,,,,,,,,,,,,,,,,,,,,,,,,,,,,,,,,,,,,,,,,,,,,,,,,,,,,,,,,,,,,,,,,,
05_04,05,04,m,17,01/06/21,06/14/22,a,n,10.85,10.84,77.9,.,34,34.5,34.3,34,w,851259,853026,1,r,1,r,1,r,,,,,,,,,,,,,,,,,,,,,,,,,,,,,,,,,,,,,,,,,,,,,,,,,,,,,,,,,,,,,,,,,,,,,,,,,,,,,,,,,,,,,,,,,,,,,,,,,,,,,,,,,,,,
05_04,05,04,m,17,01/06/21,06/14/22,a,n,10.85,10.84,77.9,.,34,34.5,34.3,34,w,853026,853027,1,r,1,r,1,r,14,bu,,,,,,,,,,,,,,,,,,56,y,.,.,.,.,f,.,.,.,.,.,.,.,.,.,y,,,,,,,,,,,,,,,,,,,,,,,,,,,,,,,,,,,,,,,,,,,,,,,,,,,,,,,,,,,,,,,,,,,,,,,,
05_04,05,04,m,17,01/06/21,06/14/22,a,n,10.85,10.84,77.9,.,34,34.5,34.3,34,w,853027,853231,1,r,1,r,1,r,14,bu,,,,,,,,,,,,,,,,,,,,,,,,,,,,,,,,,,,,,,,,,,,,,,,,,,,,,,,,,,,,,,,,,,,,,,,,,,,,,,,,,,,,,,,,,,,,,,,,,,,,,,,,,,
05_04,05,04,m,17,01/06/21,06/14/22,a,n,10.85,10.84,77.9,.,34,34.5,34.3,34,w,853231,857854,1,r,1,r,1,r,,,,,,,,,,,,,,,,,,,,,,,,,,,,,,,,,,,,,,,,,,,,,,,,,,,,,,,,,,,,,,,,,,,,,,,,,,,,,,,,,,,,,,,,,,,,,,,,,,,,,,,,,,,,
05_04,05,04,m,17,01/06/21,06/14/22,a,n,10.85,10.84,77.9,.,34,34.5,34.3,34,w,857854,857855,1,r,1,r,1,r,15,bu,,,,,,,,,,,,,,,,,,57,y,.,.,.,.,p,.,.,.,.,.,.,.,.,.,.,,,,,,,,,,,,,,,,,,,,,,,,,,,,,,,,,,,,,,,,,,,,,,,,,,,,,,,,,,,,,,,,,,,,,,,,
05_04,05,04,m,17,01/06/21,06/14/22,a,n,10.85,10.84,77.9,.,34,34.5,34.3,34,w,857855,859146,1,r,1,r,1,r,15,bu,,,,,,,,,,,,,,,,,,,,,,,,,,,,,,,,,,,,,,,,,,,,,,,,,,,,,,,,,,,,,,,,,,,,,,,,,,,,,,,,,,,,,,,,,,,,,,,,,,,,,,,,,,
05_04,05,04,m,17,01/06/21,06/14/22,a,n,10.85,10.84,77.9,.,34,34.5,34.3,34,w,859146,859147,1,r,1,r,1,r,15,bu,,,,,,,,,,,,,,,,,,58,y,.,.,.,.,th,.,.,.,.,.,.,.,.,.,.,,,,,,,,,,,,,,,,,,,,,,,,,,,,,,,,,,,,,,,,,,,,,,,,,,,,,,,,,,,,,,,,,,,,,,,,
05_04,05,04,m,17,01/06/21,06/14/22,a,n,10.85,10.84,77.9,.,34,34.5,34.3,34,w,859147,865300,1,r,1,r,1,r,,,,,,,,,,,,,,,,,,,,,,,,,,,,,,,,,,,,,,,,,,,,,,,,,,,,,,,,,,,,,,,,,,,,,,,,,,,,,,,,,,,,,,,,,,,,,,,,,,,,,,,,,,,,
05_04,05,04,m,17,01/06/21,06/14/22,a,n,10.85,10.84,77.9,.,34,34.5,34.3,34,w,865300,865301,1,r,1,r,1,r,16,p,,,,,,,,,,,,,,,,,,59,y,.,.,.,.,p,.,.,.,.,.,.,.,.,.,.,,,,,,,,,,,,,,,,,,,,,,,,,,,,,,,,,,,,,,,,,,,,,,,,,,,,,,,,,,,,,,,,,,,,,,,,
05_04,05,04,m,17,01/06/21,06/14/22,a,n,10.85,10.84,77.9,.,34,34.5,34.3,34,w,865301,868530,1,r,1,r,1,r,16,p,,,,,,,,,,,,,,,,,,,,,,,,,,,,,,,,,,,,,,,,,,,,,,,,,,,,,,,,,,,,,,,,,,,,,,,,,,,,,,,,,,,,,,,,,,,,,,,,,,,,,,,,,,
05_04,05,04,m,17,01/06/21,06/14/22,a,n,10.85,10.84,77.9,.,34,34.5,34.3,34,w,868530,870401,1,r,1,r,1,r,16,p,60,y,.,.,.,.,s,y,.,.,.,.,.,.,.,.,.,,,,,,,,,,,,,,,,,,,,,,,,,,,,,,,,,,,,,,,,,,,,,,,,,,,,,,,,,,,,,,,,,,,,,,,,,,,,,,,,,,,,,,,,,
05_04,05,04,m,17,01/06/21,06/14/22,a,n,10.85,10.84,77.9,.,34,34.5,34.3,34,w,870401,870945,1,r,1,r,1,r,16,p,,,,,,,,,,,,,,,,,,,,,,,,,,,,,,,,,,,,,,,,,,,,,,,,,,,,,,,,,,,,,,,,,,,,,,,,,,,,,,,,,,,,,,,,,,,,,,,,,,,,,,,,,,
05_04,05,04,m,17,01/06/21,06/14/22,a,n,10.85,10.84,77.9,.,34,34.5,34.3,34,w,870945,878084,1,r,1,r,1,r,,,,,,,,,,,,,,,,,,,,,,,,,,,,,,,,,,,,,,,,,,,,,,,,,,,,,,,,,,,,,,,,,,,,,,,,,,,,,,,,,,,,,,,,,,,,,,,,,,,,,,,,,,,,
05_04,05,04,m,17,01/06/21,06/14/22,a,n,10.85,10.84,77.9,.,34,34.5,34.3,34,w,878084,885462,1,r,1,r,1,r,17,p,,,,,,,,,,,,,,,,,,,,,,,,,,,,,,,,,,,,,,,,,,,,,,,,,,,,,,,,,,,,,,,,,,,,,,,,,,,,,,,,,,,,,,,,,,,,,,,,,,,,,,,,,,
05_04,05,04,m,17,01/06/21,06/14/22,a,n,10.85,10.84,77.9,.,34,34.5,34.3,34,w,885462,893317,1,r,1,r,1,r,17,p,61,y,.,.,.,.,t,.,.,.,.,.,.,.,y,.,.,,,,,,,,,,,,,,,,,,,,,,,,,,,,,,,,,,,,,,,,,,,,,,,,,,,,,,,,,,,,,,,,,,,,,,,,,,,,,,,,,,,,,,,,,
05_04,05,04,m,17,01/06/21,06/14/22,a,n,10.85,10.84,77.9,.,34,34.5,34.3,34,w,893317,893486,1,r,1,r,1,r,17,p,,,,,,,,,,,,,,,,,,,,,,,,,,,,,,,,,,,,,,,,,,,,,,,,,,,,,,,,,,,,,,,,,,,,,,,,,,,,,,,,,,,,,,,,,,,,,,,,,,,,,,,,,,
05_04,05,04,m,17,01/06/21,06/14/22,a,n,10.85,10.84,77.9,.,34,34.5,34.3,34,w,893486,893487,1,r,1,r,1,r,17,p,,,,,,,,,,,,,,,,,,62,y,.,.,.,.,o,.,.,.,y,.,.,.,.,.,.,,,,,,,,,,,,,,,,,,,,,,,,,,,,,,,,,,,,,,,,,,,,,,,,,,,,,,,,,,,,,,,,,,,,,,,,
05_04,05,04,m,17,01/06/21,06/14/22,a,n,10.85,10.84,77.9,.,34,34.5,34.3,34,w,893487,902870,1,r,1,r,1,r,17,p,,,,,,,,,,,,,,,,,,,,,,,,,,,,,,,,,,,,,,,,,,,,,,,,,,,,,,,,,,,,,,,,,,,,,,,,,,,,,,,,,,,,,,,,,,,,,,,,,,,,,,,,,,
05_04,05,04,m,17,01/06/21,06/14/22,a,n,10.85,10.84,77.9,.,34,34.5,34.3,34,w,902870,902871,1,r,1,r,1,r,17,p,,,,,,,,,,,,,,,,,,63,y,.,.,.,.,i,.,.,.,.,y,.,.,.,.,.,,,,,,,,,,,,,,,,,,,,,,,,,,,,,,,,,,,,,,,,,,,,,,,,,,,,,,,,,,,,,,,,,,,,,,,,
05_04,05,04,m,17,01/06/21,06/14/22,a,n,10.85,10.84,77.9,.,34,34.5,34.3,34,w,902871,908854,1,r,1,r,1,r,17,p,,,,,,,,,,,,,,,,,,,,,,,,,,,,,,,,,,,,,,,,,,,,,,,,,,,,,,,,,,,,,,,,,,,,,,,,,,,,,,,,,,,,,,,,,,,,,,,,,,,,,,,,,,
05_04,05,04,m,17,01/06/21,06/14/22,a,n,10.85,10.84,77.9,.,34,34.5,34.3,34,w,908854,908855,1,r,1,r,1,r,17,p,,,,,,,,,,,,,,,,,,64,y,.,.,.,.,f,.,.,.,.,.,.,.,.,.,y,,,,,,,,,,,,,,,,,,,,,,,,,,,,,,,,,,,,,,,,,,,,,,,,,,,,,,,,,,,,,,,,,,,,,,,,
05_04,05,04,m,17,01/06/21,06/14/22,a,n,10.85,10.84,77.9,.,34,34.5,34.3,34,w,908855,927486,1,r,1,r,1,r,17,p,,,,,,,,,,,,,,,,,,,,,,,,,,,,,,,,,,,,,,,,,,,,,,,,,,,,,,,,,,,,,,,,,,,,,,,,,,,,,,,,,,,,,,,,,,,,,,,,,,,,,,,,,,
05_04,05,04,m,17,01/06/21,06/14/22,a,n,10.85,10.84,77.9,.,34,34.5,34.3,34,w,927486,927487,1,r,1,r,1,r,17,p,,,,,,,,,,,,,,,,,,65,y,.,.,.,.,f,.,.,.,.,.,.,.,.,.,y,,,,,,,,,,,,,,,,,,,,,,,,,,,,,,,,,,,,,,,,,,,,,,,,,,,,,,,,,,,,,,,,,,,,,,,,
05_04,05,04,m,17,01/06/21,06/14/22,a,n,10.85,10.84,77.9,.,34,34.5,34.3,34,w,927487,933940,1,r,1,r,1,r,17,p,,,,,,,,,,,,,,,,,,,,,,,,,,,,,,,,,,,,,,,,,,,,,,,,,,,,,,,,,,,,,,,,,,,,,,,,,,,,,,,,,,,,,,,,,,,,,,,,,,,,,,,,,,
05_04,05,04,m,17,01/06/21,06/14/22,a,n,10.85,10.84,77.9,.,34,34.5,34.3,34,w,933940,933941,1,r,1,r,1,r,17,p,,,,,,,,,,,,,,,,,,66,y,.,.,.,.,f,.,.,.,.,.,.,.,.,.,y,,,,,,,,,,,,,,,,,,,,,,,,,,,,,,,,,,,,,,,,,,,,,,,,,,,,,,,,,,,,,,,,,,,,,,,,
05_04,05,04,m,17,01/06/21,06/14/22,a,n,10.85,10.84,77.9,.,34,34.5,34.3,34,w,933941,938639,1,r,1,r,1,r,17,p,,,,,,,,,,,,,,,,,,,,,,,,,,,,,,,,,,,,,,,,,,,,,,,,,,,,,,,,,,,,,,,,,,,,,,,,,,,,,,,,,,,,,,,,,,,,,,,,,,,,,,,,,,
05_04,05,04,m,17,01/06/21,06/14/22,a,n,10.85,10.84,77.9,.,34,34.5,34.3,34,w,938639,939284,1,r,1,r,1,r,,,,,,,,,,,,,,,,,,,,,,,,,,,,,,,,,,,,,,,,,,,,,,,,,,,,,,,,,,,,,,,,,,,,,,,,,,,,,,,,,,,,,,,,,,,,,,,,,,,,,,,,,,,,
05_04,05,04,m,17,01/06/21,06/14/22,a,n,10.85,10.84,77.9,.,34,34.5,34.3,34,w,939284,939285,1,r,1,r,1,r,18,bu,,,,,,,,,,,,,,,,,,67,y,.,.,.,.,p,.,.,.,.,.,.,.,.,.,.,,,,,,,,,,,,,,,,,,,,,,,,,,,,,,,,,,,,,,,,,,,,,,,,,,,,,,,,,,,,,,,,,,,,,,,,
05_04,05,04,m,17,01/06/21,06/14/22,a,n,10.85,10.84,77.9,.,34,34.5,34.3,34,w,939285,942684,1,r,1,r,1,r,18,bu,,,,,,,,,,,,,,,,,,,,,,,,,,,,,,,,,,,,,,,,,,,,,,,,,,,,,,,,,,,,,,,,,,,,,,,,,,,,,,,,,,,,,,,,,,,,,,,,,,,,,,,,,,
05_04,05,04,m,17,01/06/21,06/14/22,a,n,10.85,10.84,77.9,.,34,34.5,34.3,34,w,942684,942685,1,r,1,r,1,r,18,bu,,,,,,,,,,,,,,,,,,68,y,.,.,.,.,i,.,.,.,.,.,.,.,.,.,.,2,p,,,,,,,,,,,,,,,,,,72,.,.,.,.,y,i,.,.,.,.,.,.,.,.,.,.,,,,,,,,,,,,,,,,,,,,,,,,,,,,,,,,,,,,
05_04,05,04,m,17,01/06/21,06/14/22,a,n,10.85,10.84,77.9,.,34,34.5,34.3,34,w,942685,947105,1,r,1,r,1,r,18,bu,,,,,,,,,,,,,,,,,,,,,,,,,,,,,,,,,,,2,p,,,,,,,,,,,,,,,,,,,,,,,,,,,,,,,,,,,,,,,,,,,,,,,,,,,,,,,,,,,,,,,,,,,,,,
05_04,05,04,m,17,01/06/21,06/14/22,a,n,10.85,10.84,77.9,.,34,34.5,34.3,34,w,947105,948328,1,r,1,r,1,r,18,bu,,,,,,,,,,,,,,,,,,,,,,,,,,,,,,,,,,,,,,,,,,,,,,,,,,,,,,,,,,,,,,,,,,,,,,,,,,,,,,,,,,,,,,,,,,,,,,,,,,,,,,,,,,
05_04,05,04,m,17,01/06/21,06/14/22,a,n,10.85,10.84,77.9,.,34,34.5,34.3,34,w,948328,948329,1,r,1,r,1,r,18,bu,,,,,,,,,,,,,,,,,,69,y,.,.,.,.,d,.,.,.,.,.,.,.,.,.,.,,,,,,,,,,,,,,,,,,,,,,,,,,,,,,,,,,,,,,,,,,,,,,,,,,,,,,,,,,,,,,,,,,,,,,,,
05_04,05,04,m,17,01/06/21,06/14/22,a,n,10.85,10.84,77.9,.,34,34.5,34.3,34,w,948329,949926,1,r,1,r,1,r,,,,,,,,,,,,,,,,,,,,,,,,,,,,,,,,,,,,,,,,,,,,,,,,,,,,,,,,,,,,,,,,,,,,,,,,,,,,,,,,,,,,,,,,,,,,,,,,,,,,,,,,,,,,
05_04,05,04,m,17,01/06/21,06/14/22,a,n,10.85,10.84,77.9,.,34,34.5,34.3,34,w,949926,949927,1,r,1,r,1,r,19,p,,,,,,,,,,,,,,,,,,70,y,.,.,.,.,p,.,.,.,.,.,.,.,.,.,.,,,,,,,,,,,,,,,,,,,,,,,,,,,,,,,,,,,,,,,,,,,,,,,,,,,,,,,,,,,,,,,,,,,,,,,,
05_04,05,04,m,17,01/06/21,06/14/22,a,n,10.85,10.84,77.9,.,34,34.5,34.3,34,w,949927,953326,1,r,1,r,1,r,19,p,,,,,,,,,,,,,,,,,,,,,,,,,,,,,,,,,,,,,,,,,,,,,,,,,,,,,,,,,,,,,,,,,,,,,,,,,,,,,,,,,,,,,,,,,,,,,,,,,,,,,,,,,,
05_04,05,04,m,17,01/06/21,06/14/22,a,n,10.85,10.84,77.9,.,34,34.5,34.3,34,w,953326,953327,1,r,1,r,1,r,19,p,,,,,,,,,,,,,,,,,,71,y,.,.,.,.,i,.,.,.,.,y,.,.,.,.,.,,,,,,,,,,,,,,,,,,,,,,,,,,,,,,,,,,,,,,,,,,,,,,,,,,,,,,,,,,,,,,,,,,,,,,,,
05_04,05,04,m,17,01/06/21,06/14/22,a,n,10.85,10.84,77.9,.,34,34.5,34.3,34,w,953327,967233,1,r,1,r,1,r,19,p,,,,,,,,,,,,,,,,,,,,,,,,,,,,,,,,,,,,,,,,,,,,,,,,,,,,,,,,,,,,,,,,,,,,,,,,,,,,,,,,,,,,,,,,,,,,,,,,,,,,,,,,,,
05_04,05,04,m,17,01/06/21,06/14/22,a,n,10.85,10.84,77.9,.,34,34.5,34.3,34,w,967233,981580,1,r,1,r,1,r,,,,,,,,,,,,,,,,,,,,,,,,,,,,,,,,,,,,,,,,,,,,,,,,,,,,,,,,,,,,,,,,,,,,,,,,,,,,,,,,,,,,,,,,,,,,,,,,,,,,,,,,,,,,
05_04,05,04,m,17,01/06/21,06/14/22,a,n,10.85,10.84,77.9,.,34,34.5,34.3,34,w,981580,981581,1,r,1,r,1,r,20,g,,,,,,,,,,,,,,,,,,72,y,.,.,.,.,p,.,y,.,.,.,.,.,.,.,.,,,,,,,,,,,,,,,,,,,,,,,,,,,,,,,,,,,,,,,,,,,,,,,,,,,,,,,,,,,,,,,,,,,,,,,,
05_04,05,04,m,17,01/06/21,06/14/22,a,n,10.85,10.84,77.9,.,34,34.5,34.3,34,w,981581,991134,1,r,1,r,1,r,20,g,,,,,,,,,,,,,,,,,,,,,,,,,,,,,,,,,,,,,,,,,,,,,,,,,,,,,,,,,,,,,,,,,,,,,,,,,,,,,,,,,,,,,,,,,,,,,,,,,,,,,,,,,,
05_04,05,04,m,17,01/06/21,06/14/22,a,n,10.85,10.84,77.9,.,34,34.5,34.3,34,w,991134,991135,,,,,,,20,g,,,,,,,,,,,,,,,,,,,,,,,,,,,,,,,,,,,,,,,,,,,,,,,,,,,,,,,,,,,,,,,,,,,,,,,,,,,,,,,,,,,,,,,,,,,,,,,,,,,,,,,,,,
05_04,05,04,m,17,01/06/21,06/14/22,a,n,10.85,10.84,77.9,.,34,34.5,34.3,34,w,991135,1059270,,,,,,,,,,,,,,,,,,,,,,,,,,,,,,,,,,,,,,,,,,,,,,,,,,,,,,,,,,,,,,,,,,,,,,,,,,,,,,,,,,,,,,,,,,,,,,,,,,,,,,,,,,,,,,,,,,
05_04,05,04,m,17,01/06/21,06/14/22,a,n,10.85,10.84,77.9,.,34,34.5,34.3,34,w,1059270,1660832,2,p,2,p,2,p,,,,,,,,,,,,,,,,,,,,,,,,,,,,,,,,,,,,,,,,,,,,,,,,,,,,,,,,,,,,,,,,,,,,,,,,,,,,,,,,,,,,,,,,,,,,,,,,,,,,,,,,,,,,
05_04,05,04,m,17,01/06/21,06/14/22,a,n,10.85,10.84,77.9,.,34,34.5,34.3,34,w,1660832,1797410,,,,,,,,,,,,,,,,,,,,,,,,,,,,,,,,,,,,,,,,,,,,,,,,,,,,,,,,,,,,,,,,,,,,,,,,,,,,,,,,,,,,,,,,,,,,,,,,,,,,,,,,,,,,,,,,,,
05_04,05,04,m,17,01/06/21,06/14/22,a,n,10.85,10.84,77.9,.,34,34.5,34.3,34,w,1797410,2231243,3,b,,,,,,,,,,,,,,,,,,,,,,,,,,,,,,,,,,,,,,,,,,,,,,,,,,,,,,,,,,,,,,,,,,,,,,,,,,,,,,,,,,,,,,,,,,,,,,,,,,,,,,,,,,,,,,,,
05_04,05,04,m,17,01/06/21,06/14/22,a,n,10.85,10.84,77.9,.,34,34.5,34.3,34,w,2231243,2246584,,,,,,,,,,,,,,,,,,,,,,,,,,,,,,,,,,,,,,,,,,,,,,,,,,,,,,,,,,,,,,,,,,,,,,,,,,,,,,,,,,,,,,,,,,,,,,,,,,,,,,,,,,,,,,,,,,
05_04,05,04,m,17,01/06/21,06/14/22,a,n,10.85,10.84,77.9,.,34,34.5,34.3,34,w,2246584,2366020,4,g,,,,,,,,,,,,,,,,,,,,,,,,,,,,,,,,,,,,,,,,,,,,,,,,,,,,,,,,,,,,,,,,,,,,,,,,,,,,,,,,,,,,,,,,,,,,,,,,,,,,,,,,,,,,,,,,
05_04,05,04,m,17,01/06/21,06/14/22,a,n,10.85,10.84,77.9,.,34,34.5,34.3,34,w,2366020,2522868,,,,,,,,,,,,,,,,,,,,,,,,,,,,,,,,,,,,,,,,,,,,,,,,,,,,,,,,,,,,,,,,,,,,,,,,,,,,,,,,,,,,,,,,,,,,,,,,,,,,,,,,,,,,,,,,,,
05_04,05,04,m,17,01/06/21,06/14/22,a,n,10.85,10.84,77.9,.,34,34.5,34.3,34,w,2522868,2861743,5,m,,,,,,,,,,,,,,,,,,,,,,,,,,,,,,,,,,,,,,,,,,,,,,,,,,,,,,,,,,,,,,,,,,,,,,,,,,,,,,,,,,,,,,,,,,,,,,,,,,,,,,,,,,,,,,,,
07_02,07,02,f,11,04/08/21,03/21/22,a,n,9.33,9.33,73.9,74.0,31.0,31.0,.,.,w,42534,45424,1,r,1,r,1,r,,,,,,,,,,,,,,,,,,,,,,,,,,,,,,,,,,,,,,,,,,,,,,,,,,,,,,,,,,,,,,,,,,,,,,,,,,,,,,,,,,,,,,,,,,,,,,,,,,,,,,,,,,,,
07_02,07,02,f,11,04/08/21,03/21/22,a,n,9.33,9.33,73.9,74.0,31.0,31.0,.,.,w,45424,45934,1,r,1,r,1,r,1,y,,,,,,,,,,,,,,,,,,,,,,,,,,,,,,,,,,,,,,,,,,,,,,,,,,,,,,,,,,,,,,,,,,,,,,,,,,,,,,,,,,,,,,,,,,,,,,,,,,,,,,,,,,
07_02,07,02,f,11,04/08/21,03/21/22,a,n,9.33,9.33,73.9,74.0,31.0,31.0,.,.,w,45934,45935,1,r,1,r,1,r,1,y,,,,,,,,,,,,,,,,,,1,y,.,.,.,.,p,.,.,.,.,.,.,.,.,.,.,,,,,,,,,,,,,,,,,,,,,,,,,,,,,,,,,,,,,,,,,,,,,,,,,,,,,,,,,,,,,,,,,,,,,,,,
07_02,07,02,f,11,04/08/21,03/21/22,a,n,9.33,9.33,73.9,74.0,31.0,31.0,.,.,w,45935,46886,1,r,1,r,1,r,1,y,,,,,,,,,,,,,,,,,,,,,,,,,,,,,,,,,,,,,,,,,,,,,,,,,,,,,,,,,,,,,,,,,,,,,,,,,,,,,,,,,,,,,,,,,,,,,,,,,,,,,,,,,,
07_02,07,02,f,11,04/08/21,03/21/22,a,n,9.33,9.33,73.9,74.0,31.0,31.0,.,.,w,46886,48213,1,r,1,r,1,r,1,y,2,y,.,.,.,.,s,.,.,.,.,.,.,.,.,.,.,,,,,,,,,,,,,,,,,,,,,,,,,,,,,,,,,,,,,,,,,,,,,,,,,,,,,,,,,,,,,,,,,,,,,,,,,,,,,,,,,,,,,,,,,
07_02,07,02,f,11,04/08/21,03/21/22,a,n,9.33,9.33,73.9,74.0,31.0,31.0,.,.,w,48213,54366,1,r,1,r,1,r,1,y,,,,,,,,,,,,,,,,,,,,,,,,,,,,,,,,,,,,,,,,,,,,,,,,,,,,,,,,,,,,,,,,,,,,,,,,,,,,,,,,,,,,,,,,,,,,,,,,,,,,,,,,,,
07_02,07,02,f,11,04/08/21,03/21/22,a,n,9.33,9.33,73.9,74.0,31.0,31.0,.,.,w,54366,55284,1,r,1,r,1,r,1,y,,,,,,,,,,,,,,,,,,,,,,,,,,,,,,,,,,,1,rb,,,,,,,,,,,,,,,,,,,,,,,,,,,,,,,,,,,,,,,,,,,,,,,,,,,,,,,,,,,,,,,,,,,,,,
07_02,07,02,f,11,04/08/21,03/21/22,a,n,9.33,9.33,73.9,74.0,31.0,31.0,.,.,w,55284,55285,1,r,1,r,1,r,1,y,,,,,,,,,,,,,,,,,,,,,,,,,,,,,,,,,,,1,rb,,,,,,,,,,,,,,,,,,56,y,.,.,.,.,p,.,.,.,.,.,.,.,.,.,.,,,,,,,,,,,,,,,,,,,,,,,,,,,,,,,,,,,,
07_02,07,02,f,11,04/08/21,03/21/22,a,n,9.33,9.33,73.9,74.0,31.0,31.0,.,.,w,55285,61030,1,r,1,r,1,r,1,y,,,,,,,,,,,,,,,,,,,,,,,,,,,,,,,,,,,1,rb,,,,,,,,,,,,,,,,,,,,,,,,,,,,,,,,,,,,,,,,,,,,,,,,,,,,,,,,,,,,,,,,,,,,,,
07_02,07,02,f,11,04/08/21,03/21/22,a,n,9.33,9.33,73.9,74.0,31.0,31.0,.,.,w,61030,61031,1,r,1,r,1,r,1,y,,,,,,,,,,,,,,,,,,,,,,,,,,,,,,,,,,,1,rb,,,,,,,,,,,,,,,,,,56,y,.,.,.,.,d,.,.,.,.,.,.,.,.,.,.,,,,,,,,,,,,,,,,,,,,,,,,,,,,,,,,,,,,
07_02,07,02,f,11,04/08/21,03/21/22,a,n,9.33,9.33,73.9,74.0,31.0,31.0,.,.,w,61031,61099,1,r,1,r,1,r,1,y,,,,,,,,,,,,,,,,,,,,,,,,,,,,,,,,,,,1,rb,,,,,,,,,,,,,,,,,,,,,,,,,,,,,,,,,,,,,,,,,,,,,,,,,,,,,,,,,,,,,,,,,,,,,,
07_02,07,02,f,11,04/08/21,03/21/22,a,n,9.33,9.33,73.9,74.0,31.0,31.0,.,.,w,61099,65892,1,r,1,r,1,r,1,y,,,,,,,,,,,,,,,,,,,,,,,,,,,,,,,,,,,,,,,,,,,,,,,,,,,,,,,,,,,,,,,,,,,,,,,,,,,,,,,,,,,,,,,,,,,,,,,,,,,,,,,,,,
07_02,07,02,f,11,04/08/21,03/21/22,a,n,9.33,9.33,73.9,74.0,31.0,31.0,.,.,w,65892,66368,1,r,1,r,1,r,1,y,,,,,,,,,,,,,,,,,,,,,,,,,,,,,,,,,,,2,bs,,,,,,,,,,,,,,,,,,,,,,,,,,,,,,,,,,,,,,,,,,,,,,,,,,,,,,,,,,,,,,,,,,,,,,
07_02,07,02,f,11,04/08/21,03/21/22,a,n,9.33,9.33,73.9,74.0,31.0,31.0,.,.,w,66368,66369,1,r,1,r,1,r,1,y,,,,,,,,,,,,,,,,,,,,,,,,,,,,,,,,,,,2,bs,,,,,,,,,,,,,,,,,,56,y,.,.,.,.,p,.,.,.,.,.,.,.,.,.,.,,,,,,,,,,,,,,,,,,,,,,,,,,,,,,,,,,,,
07_02,07,02,f,11,04/08/21,03/21/22,a,n,9.33,9.33,73.9,74.0,31.0,31.0,.,.,w,66369,68578,1,r,1,r,1,r,1,y,,,,,,,,,,,,,,,,,,,,,,,,,,,,,,,,,,,2,bs,,,,,,,,,,,,,,,,,,,,,,,,,,,,,,,,,,,,,,,,,,,,,,,,,,,,,,,,,,,,,,,,,,,,,,
07_02,07,02,f,11,04/08/21,03/21/22,a,n,9.33,9.33,73.9,74.0,31.0,31.0,.,.,w,68578,68579,1,r,1,r,1,r,1,y,,,,,,,,,,,,,,,,,,3,y,.,.,.,.,d,.,.,.,.,.,.,.,.,.,.,2,bs,,,,,,,,,,,,,,,,,,,,,,,,,,,,,,,,,,,,,,,,,,,,,,,,,,,,,,,,,,,,,,,,,,,,,,
07_02,07,02,f,11,04/08/21,03/21/22,a,n,9.33,9.33,73.9,74.0,31.0,31.0,.,.,w,68579,84456,1,r,1,r,1,r,,,,,,,,,,,,,,,,,,,,,,,,,,,,,,,,,,,,,2,bs,,,,,,,,,,,,,,,,,,,,,,,,,,,,,,,,,,,,,,,,,,,,,,,,,,,,,,,,,,,,,,,,,,,,,,
07_02,07,02,f,11,04/08/21,03/21/22,a,n,9.33,9.33,73.9,74.0,31.0,31.0,.,.,w,84456,85103,1,r,1,r,1,r,2,pb,4,y,.,.,.,.,pu,.,.,.,.,.,.,.,.,.,.,,,,,,,,,,,,,,,,,,2,bs,,,,,,,,,,,,,,,,,,,,,,,,,,,,,,,,,,,,,,,,,,,,,,,,,,,,,,,,,,,,,,,,,,,,,,
07_02,07,02,f,11,04/08/21,03/21/22,a,n,9.33,9.33,73.9,74.0,31.0,31.0,.,.,w,85103,85238,1,r,1,r,1,r,2,pb,,,,,,,,,,,,,,,,,,,,,,,,,,,,,,,,,,,2,bs,,,,,,,,,,,,,,,,,,,,,,,,,,,,,,,,,,,,,,,,,,,,,,,,,,,,,,,,,,,,,,,,,,,,,,
07_02,07,02,f,11,04/08/21,03/21/22,a,n,9.33,9.33,73.9,74.0,31.0,31.0,.,.,w,85238,85239,1,r,1,r,1,r,2,pb,,,,,,,,,,,,,,,,,,5,y,.,.,.,.,p,.,.,.,.,.,.,.,.,.,.,2,bs,,,,,,,,,,,,,,,,,,,,,,,,,,,,,,,,,,,,,,,,,,,,,,,,,,,,,,,,,,,,,,,,,,,,,,
07_02,07,02,f,11,04/08/21,03/21/22,a,n,9.33,9.33,73.9,74.0,31.0,31.0,.,.,w,85239,85272,1,r,1,r,1,r,2,pb,,,,,,,,,,,,,,,,,,,,,,,,,,,,,,,,,,,2,bs,,,,,,,,,,,,,,,,,,,,,,,,,,,,,,,,,,,,,,,,,,,,,,,,,,,,,,,,,,,,,,,,,,,,,,
07_02,07,02,f,11,04/08/21,03/21/22,a,n,9.33,9.33,73.9,74.0,31.0,31.0,.,.,w,85272,85273,1,r,1,r,1,r,2,pb,,,,,,,,,,,,,,,,,,6,y,.,.,.,.,d,.,.,.,.,.,.,.,.,.,.,2,bs,,,,,,,,,,,,,,,,,,,,,,,,,,,,,,,,,,,,,,,,,,,,,,,,,,,,,,,,,,,,,,,,,,,,,,
07_02,07,02,f,11,04/08/21,03/21/22,a,n,9.33,9.33,73.9,74.0,31.0,31.0,.,.,w,85273,86360,1,r,1,r,1,r,2,pb,,,,,,,,,,,,,,,,,,,,,,,,,,,,,,,,,,,2,bs,,,,,,,,,,,,,,,,,,,,,,,,,,,,,,,,,,,,,,,,,,,,,,,,,,,,,,,,,,,,,,,,,,,,,,
07_02,07,02,f,11,04/08/21,03/21/22,a,n,9.33,9.33,73.9,74.0,31.0,31.0,.,.,w,86360,86361,1,r,1,r,1,r,2,pb,,,,,,,,,,,,,,,,,,7,y,.,.,.,.,p,.,.,.,.,.,.,.,.,.,.,2,bs,,,,,,,,,,,,,,,,,,,,,,,,,,,,,,,,,,,,,,,,,,,,,,,,,,,,,,,,,,,,,,,,,,,,,,
07_02,07,02,f,11,04/08/21,03/21/22,a,n,9.33,9.33,73.9,74.0,31.0,31.0,.,.,w,86361,87006,1,r,1,r,1,r,2,pb,,,,,,,,,,,,,,,,,,,,,,,,,,,,,,,,,,,2,bs,,,,,,,,,,,,,,,,,,,,,,,,,,,,,,,,,,,,,,,,,,,,,,,,,,,,,,,,,,,,,,,,,,,,,,
07_02,07,02,f,11,04/08/21,03/21/22,a,n,9.33,9.33,73.9,74.0,31.0,31.0,.,.,w,87006,87007,1,r,1,r,1,r,2,pb,,,,,,,,,,,,,,,,,,8,y,.,.,.,.,th,.,.,.,.,.,.,.,.,.,.,2,bs,,,,,,,,,,,,,,,,,,,,,,,,,,,,,,,,,,,,,,,,,,,,,,,,,,,,,,,,,,,,,,,,,,,,,,
07_02,07,02,f,11,04/08/21,03/21/22,a,n,9.33,9.33,73.9,74.0,31.0,31.0,.,.,w,87007,87313,1,r,1,r,1,r,2,pb,,,,,,,,,,,,,,,,,,,,,,,,,,,,,,,,,,,2,bs,,,,,,,,,,,,,,,,,,,,,,,,,,,,,,,,,,,,,,,,,,,,,,,,,,,,,,,,,,,,,,,,,,,,,,
07_02,07,02,f,11,04/08/21,03/21/22,a,n,9.33,9.33,73.9,74.0,31.0,31.0,.,.,w,87313,90576,1,r,1,r,1,r,,,,,,,,,,,,,,,,,,,,,,,,,,,,,,,,,,,,,2,bs,,,,,,,,,,,,,,,,,,,,,,,,,,,,,,,,,,,,,,,,,,,,,,,,,,,,,,,,,,,,,,,,,,,,,,
07_02,07,02,f,11,04/08/21,03/21/22,a,n,9.33,9.33,73.9,74.0,31.0,31.0,.,.,w,90576,90610,1,r,1,r,1,r,3,pb,,,,,,,,,,,,,,,,,,,,,,,,,,,,,,,,,,,2,bs,,,,,,,,,,,,,,,,,,,,,,,,,,,,,,,,,,,,,,,,,,,,,,,,,,,,,,,,,,,,,,,,,,,,,,
07_02,07,02,f,11,04/08/21,03/21/22,a,n,9.33,9.33,73.9,74.0,31.0,31.0,.,.,w,90610,93637,1,r,1,r,1,r,3,pb,9,y,.,.,.,.,pu,.,.,.,.,.,.,.,.,.,.,,,,,,,,,,,,,,,,,,2,bs,,,,,,,,,,,,,,,,,,,,,,,,,,,,,,,,,,,,,,,,,,,,,,,,,,,,,,,,,,,,,,,,,,,,,,
07_02,07,02,f,11,04/08/21,03/21/22,a,n,9.33,9.33,73.9,74.0,31.0,31.0,.,.,w,93637,115974,1,r,1,r,1,r,,,,,,,,,,,,,,,,,,,,,,,,,,,,,,,,,,,,,2,bs,,,,,,,,,,,,,,,,,,,,,,,,,,,,,,,,,,,,,,,,,,,,,,,,,,,,,,,,,,,,,,,,,,,,,,
07_02,07,02,f,11,04/08/21,03/21/22,a,n,9.33,9.33,73.9,74.0,31.0,31.0,.,.,w,115974,115975,1,r,1,r,1,r,,,,,,,,,,,,,,,,,,,,,,,,,,,,,,,,,,,,,2,bs,,,,,,,,,,,,,,,,,,56,y,.,.,.,.,d,.,.,.,.,.,.,.,.,.,.,,,,,,,,,,,,,,,,,,,,,,,,,,,,,,,,,,,,
07_02,07,02,f,11,04/08/21,03/21/22,a,n,9.33,9.33,73.9,74.0,31.0,31.0,.,.,w,115975,118048,1,r,1,r,1,r,,,,,,,,,,,,,,,,,,,,,,,,,,,,,,,,,,,,,2,bs,,,,,,,,,,,,,,,,,,,,,,,,,,,,,,,,,,,,,,,,,,,,,,,,,,,,,,,,,,,,,,,,,,,,,,
07_02,07,02,f,11,04/08/21,03/21/22,a,n,9.33,9.33,73.9,74.0,31.0,31.0,.,.,w,118048,118049,1,r,1,r,1,r,,,,,,,,,,,,,,,,,,,,,,,,,,,,,,,,,,,,,2,bs,,,,,,,,,,,,,,,,,,56,y,.,.,.,.,p,.,.,.,.,.,.,.,.,.,.,,,,,,,,,,,,,,,,,,,,,,,,,,,,,,,,,,,,
07_02,07,02,f,11,04/08/21,03/21/22,a,n,9.33,9.33,73.9,74.0,31.0,31.0,.,.,w,118049,119986,1,r,1,r,1,r,,,,,,,,,,,,,,,,,,,,,,,,,,,,,,,,,,,,,2,bs,,,,,,,,,,,,,,,,,,,,,,,,,,,,,,,,,,,,,,,,,,,,,,,,,,,,,,,,,,,,,,,,,,,,,,
07_02,07,02,f,11,04/08/21,03/21/22,a,n,9.33,9.33,73.9,74.0,31.0,31.0,.,.,w,119986,119987,1,r,1,r,1,r,,,,,,,,,,,,,,,,,,,,,,,,,,,,,,,,,,,,,2,bs,,,,,,,,,,,,,,,,,,56,y,.,.,.,.,p,.,.,.,.,.,.,.,.,.,.,,,,,,,,,,,,,,,,,,,,,,,,,,,,,,,,,,,,
07_02,07,02,f,11,04/08/21,03/21/22,a,n,9.33,9.33,73.9,74.0,31.0,31.0,.,.,w,119987,133552,1,r,1,r,1,r,,,,,,,,,,,,,,,,,,,,,,,,,,,,,,,,,,,,,2,bs,,,,,,,,,,,,,,,,,,,,,,,,,,,,,,,,,,,,,,,,,,,,,,,,,,,,,,,,,,,,,,,,,,,,,,
07_02,07,02,f,11,04/08/21,03/21/22,a,n,9.33,9.33,73.9,74.0,31.0,31.0,.,.,w,133552,134063,1,r,1,r,1,r,4,p,10,y,.,.,.,.,pu,.,.,.,.,.,.,.,.,.,.,,,,,,,,,,,,,,,,,,2,bs,,,,,,,,,,,,,,,,,,,,,,,,,,,,,,,,,,,,,,,,,,,,,,,,,,,,,,,,,,,,,,,,,,,,,,
07_02,07,02,f,11,04/08/21,03/21/22,a,n,9.33,9.33,73.9,74.0,31.0,31.0,.,.,w,134063,144194,1,r,1,r,1,r,,,,,,,,,,,,,,,,,,,,,,,,,,,,,,,,,,,,,2,bs,,,,,,,,,,,,,,,,,,,,,,,,,,,,,,,,,,,,,,,,,,,,,,,,,,,,,,,,,,,,,,,,,,,,,,
07_02,07,02,f,11,04/08/21,03/21/22,a,n,9.33,9.33,73.9,74.0,31.0,31.0,.,.,w,144194,145045,1,r,1,r,1,r,5,p,11,y,.,.,.,.,pu,.,.,.,.,.,.,.,.,.,.,,,,,,,,,,,,,,,,,,2,bs,,,,,,,,,,,,,,,,,,,,,,,,,,,,,,,,,,,,,,,,,,,,,,,,,,,,,,,,,,,,,,,,,,,,,,
07_02,07,02,f,11,04/08/21,03/21/22,a,n,9.33,9.33,73.9,74.0,31.0,31.0,.,.,w,145045,146234,1,r,1,r,1,r,5,p,,,,,,,,,,,,,,,,,,,,,,,,,,,,,,,,,,,2,bs,,,,,,,,,,,,,,,,,,,,,,,,,,,,,,,,,,,,,,,,,,,,,,,,,,,,,,,,,,,,,,,,,,,,,,
07_02,07,02,f,11,04/08/21,03/21/22,a,n,9.33,9.33,73.9,74.0,31.0,31.0,.,.,w,146234,146235,1,r,1,r,1,r,5,p,,,,,,,,,,,,,,,,,,12,y,.,.,.,.,f,.,.,.,.,.,.,.,.,.,y,2,bs,,,,,,,,,,,,,,,,,,,,,,,,,,,,,,,,,,,,,,,,,,,,,,,,,,,,,,,,,,,,,,,,,,,,,,
07_02,07,02,f,11,04/08/21,03/21/22,a,n,9.33,9.33,73.9,74.0,31.0,31.0,.,.,w,146235,152287,1,r,1,r,1,r,5,p,,,,,,,,,,,,,,,,,,,,,,,,,,,,,,,,,,,2,bs,,,,,,,,,,,,,,,,,,,,,,,,,,,,,,,,,,,,,,,,,,,,,,,,,,,,,,,,,,,,,,,,,,,,,,
07_02,07,02,f,11,04/08/21,03/21/22,a,n,9.33,9.33,73.9,74.0,31.0,31.0,.,.,w,152287,158950,1,r,1,r,1,r,,,,,,,,,,,,,,,,,,,,,,,,,,,,,,,,,,,,,2,bs,,,,,,,,,,,,,,,,,,,,,,,,,,,,,,,,,,,,,,,,,,,,,,,,,,,,,,,,,,,,,,,,,,,,,,
07_02,07,02,f,11,04/08/21,03/21/22,a,n,9.33,9.33,73.9,74.0,31.0,31.0,.,.,w,158950,158951,1,r,1,r,1,r,,,,,,,,,,,,,,,,,,,,,,,,,,,,,,,,,,,,,2,bs,,,,,,,,,,,,,,,,,,56,y,.,.,.,.,d,.,.,.,.,.,.,.,.,.,.,,,,,,,,,,,,,,,,,,,,,,,,,,,,,,,,,,,,
07_02,07,02,f,11,04/08/21,03/21/22,a,n,9.33,9.33,73.9,74.0,31.0,31.0,.,.,w,158951,159664,1,r,1,r,1,r,,,,,,,,,,,,,,,,,,,,,,,,,,,,,,,,,,,,,2,bs,,,,,,,,,,,,,,,,,,,,,,,,,,,,,,,,,,,,,,,,,,,,,,,,,,,,,,,,,,,,,,,,,,,,,,
07_02,07,02,f,11,04/08/21,03/21/22,a,n,9.33,9.33,73.9,74.0,31.0,31.0,.,.,w,159664,159665,1,r,1,r,1,r,,,,,,,,,,,,,,,,,,,,,,,,,,,,,,,,,,,,,2,bs,,,,,,,,,,,,,,,,,,56,y,.,.,.,.,p,.,.,.,.,.,.,.,.,.,.,,,,,,,,,,,,,,,,,,,,,,,,,,,,,,,,,,,,
07_02,07,02,f,11,04/08/21,03/21/22,a,n,9.33,9.33,73.9,74.0,31.0,31.0,.,.,w,159665,167586,1,r,1,r,1,r,,,,,,,,,,,,,,,,,,,,,,,,,,,,,,,,,,,,,2,bs,,,,,,,,,,,,,,,,,,,,,,,,,,,,,,,,,,,,,,,,,,,,,,,,,,,,,,,,,,,,,,,,,,,,,,
07_02,07,02,f,11,04/08/21,03/21/22,a,n,9.33,9.33,73.9,74.0,31.0,31.0,.,.,w,167586,167587,1,r,1,r,1,r,,,,,,,,,,,,,,,,,,,,,,,,,,,,,,,,,,,,,2,bs,,,,,,,,,,,,,,,,,,56,y,.,.,.,.,d,.,.,.,.,.,.,.,.,.,.,,,,,,,,,,,,,,,,,,,,,,,,,,,,,,,,,,,,
07_02,07,02,f,11,04/08/21,03/21/22,a,n,9.33,9.33,73.9,74.0,31.0,31.0,.,.,w,167587,168335,1,r,1,r,1,r,,,,,,,,,,,,,,,,,,,,,,,,,,,,,,,,,,,,,2,bs,,,,,,,,,,,,,,,,,,,,,,,,,,,,,,,,,,,,,,,,,,,,,,,,,,,,,,,,,,,,,,,,,,,,,,
07_02,07,02,f,11,04/08/21,03/21/22,a,n,9.33,9.33,73.9,74.0,31.0,31.0,.,.,w,168335,175712,1,r,1,r,1,r,,,,,,,,,,,,,,,,,,,,,,,,,,,,,,,,,,,,,,,,,,,,,,,,,,,,,,,,,,,,,,,,,,,,,,,,,,,,,,,,,,,,,,,,,,,,,,,,,,,,,,,,,,,,
07_02,07,02,f,11,04/08/21,03/21/22,a,n,9.33,9.33,73.9,74.0,31.0,31.0,.,.,w,175712,176562,1,r,1,r,1,r,6,sh,,,,,,,,,,,,,,,,,,,,,,,,,,,,,,,,,,,,,,,,,,,,,,,,,,,,,,,,,,,,,,,,,,,,,,,,,,,,,,,,,,,,,,,,,,,,,,,,,,,,,,,,,,
07_02,07,02,f,11,04/08/21,03/21/22,a,n,9.33,9.33,73.9,74.0,31.0,31.0,.,.,w,176562,176563,1,r,1,r,1,r,6,sh,,,,,,,,,,,,,,,,,,13,y,.,.,.,.,p,.,.,.,.,.,.,.,.,.,.,,,,,,,,,,,,,,,,,,,,,,,,,,,,,,,,,,,,,,,,,,,,,,,,,,,,,,,,,,,,,,,,,,,,,,,,
07_02,07,02,f,11,04/08/21,03/21/22,a,n,9.33,9.33,73.9,74.0,31.0,31.0,.,.,w,176563,181016,1,r,1,r,1,r,6,sh,,,,,,,,,,,,,,,,,,,,,,,,,,,,,,,,,,,,,,,,,,,,,,,,,,,,,,,,,,,,,,,,,,,,,,,,,,,,,,,,,,,,,,,,,,,,,,,,,,,,,,,,,,
07_02,07,02,f,11,04/08/21,03/21/22,a,n,9.33,9.33,73.9,74.0,31.0,31.0,.,.,w,181016,181017,1,r,1,r,1,r,6,sh,,,,,,,,,,,,,,,,,,14,y,.,.,.,.,p,.,.,.,.,.,.,.,.,.,.,,,,,,,,,,,,,,,,,,,,,,,,,,,,,,,,,,,,,,,,,,,,,,,,,,,,,,,,,,,,,,,,,,,,,,,,
07_02,07,02,f,11,04/08/21,03/21/22,a,n,9.33,9.33,73.9,74.0,31.0,31.0,.,.,w,181017,184450,1,r,1,r,1,r,6,sh,,,,,,,,,,,,,,,,,,,,,,,,,,,,,,,,,,,,,,,,,,,,,,,,,,,,,,,,,,,,,,,,,,,,,,,,,,,,,,,,,,,,,,,,,,,,,,,,,,,,,,,,,,
07_02,07,02,f,11,04/08/21,03/21/22,a,n,9.33,9.33,73.9,74.0,31.0,31.0,.,.,w,184450,184451,1,r,1,r,1,r,6,sh,,,,,,,,,,,,,,,,,,15,y,.,.,.,.,d,.,.,.,.,.,.,.,.,.,.,,,,,,,,,,,,,,,,,,,,,,,,,,,,,,,,,,,,,,,,,,,,,,,,,,,,,,,,,,,,,,,,,,,,,,,,
07_02,07,02,f,11,04/08/21,03/21/22,a,n,9.33,9.33,73.9,74.0,31.0,31.0,.,.,w,184451,190774,1,r,1,r,1,r,6,sh,,,,,,,,,,,,,,,,,,,,,,,,,,,,,,,,,,,,,,,,,,,,,,,,,,,,,,,,,,,,,,,,,,,,,,,,,,,,,,,,,,,,,,,,,,,,,,,,,,,,,,,,,,
07_02,07,02,f,11,04/08/21,03/21/22,a,n,9.33,9.33,73.9,74.0,31.0,31.0,.,.,w,190774,192509,1,r,1,r,1,r,6,sh,16,y,.,.,.,.,pu,.,.,.,.,.,.,.,.,.,.,,,,,,,,,,,,,,,,,,,,,,,,,,,,,,,,,,,,,,,,,,,,,,,,,,,,,,,,,,,,,,,,,,,,,,,,,,,,,,,,,,,,,,,,,
07_02,07,02,f,11,04/08/21,03/21/22,a,n,9.33,9.33,73.9,74.0,31.0,31.0,.,.,w,192509,194616,1,r,1,r,1,r,6,sh,,,,,,,,,,,,,,,,,,,,,,,,,,,,,,,,,,,,,,,,,,,,,,,,,,,,,,,,,,,,,,,,,,,,,,,,,,,,,,,,,,,,,,,,,,,,,,,,,,,,,,,,,,
07_02,07,02,f,11,04/08/21,03/21/22,a,n,9.33,9.33,73.9,74.0,31.0,31.0,.,.,w,194616,194617,1,r,1,r,1,r,6,sh,,,,,,,,,,,,,,,,,,17,y,.,.,.,.,p,.,.,.,.,.,.,.,.,.,.,,,,,,,,,,,,,,,,,,,,,,,,,,,,,,,,,,,,,,,,,,,,,,,,,,,,,,,,,,,,,,,,,,,,,,,,
07_02,07,02,f,11,04/08/21,03/21/22,a,n,9.33,9.33,73.9,74.0,31.0,31.0,.,.,w,194617,195228,1,r,1,r,1,r,6,sh,,,,,,,,,,,,,,,,,,,,,,,,,,,,,,,,,,,,,,,,,,,,,,,,,,,,,,,,,,,,,,,,,,,,,,,,,,,,,,,,,,,,,,,,,,,,,,,,,,,,,,,,,,
07_02,07,02,f,11,04/08/21,03/21/22,a,n,9.33,9.33,73.9,74.0,31.0,31.0,.,.,w,195228,195943,1,r,1,r,1,r,6,sh,18,y,.,.,.,.,hi,.,.,.,.,.,.,.,.,.,.,,,,,,,,,,,,,,,,,,,,,,,,,,,,,,,,,,,,,,,,,,,,,,,,,,,,,,,,,,,,,,,,,,,,,,,,,,,,,,,,,,,,,,,,,
07_02,07,02,f,11,04/08/21,03/21/22,a,n,9.33,9.33,73.9,74.0,31.0,31.0,.,.,w,195943,195976,1,r,1,r,1,r,6,sh,,,,,,,,,,,,,,,,,,,,,,,,,,,,,,,,,,,,,,,,,,,,,,,,,,,,,,,,,,,,,,,,,,,,,,,,,,,,,,,,,,,,,,,,,,,,,,,,,,,,,,,,,,
07_02,07,02,f,11,04/08/21,03/21/22,a,n,9.33,9.33,73.9,74.0,31.0,31.0,.,.,w,195976,195977,1,r,1,r,1,r,6,sh,,,,,,,,,,,,,,,,,,19,y,.,.,.,.,d,.,.,.,.,.,.,.,.,.,.,,,,,,,,,,,,,,,,,,,,,,,,,,,,,,,,,,,,,,,,,,,,,,,,,,,,,,,,,,,,,,,,,,,,,,,,
07_02,07,02,f,11,04/08/21,03/21/22,a,n,9.33,9.33,73.9,74.0,31.0,31.0,.,.,w,195977,197370,1,r,1,r,1,r,6,sh,,,,,,,,,,,,,,,,,,,,,,,,,,,,,,,,,,,,,,,,,,,,,,,,,,,,,,,,,,,,,,,,,,,,,,,,,,,,,,,,,,,,,,,,,,,,,,,,,,,,,,,,,,
07_02,07,02,f,11,04/08/21,03/21/22,a,n,9.33,9.33,73.9,74.0,31.0,31.0,.,.,w,197370,197371,1,r,1,r,1,r,6,sh,,,,,,,,,,,,,,,,,,20,y,.,.,.,.,p,.,.,.,.,.,.,.,.,.,.,,,,,,,,,,,,,,,,,,,,,,,,,,,,,,,,,,,,,,,,,,,,,,,,,,,,,,,,,,,,,,,,,,,,,,,,
07_02,07,02,f,11,04/08/21,03/21/22,a,n,9.33,9.33,73.9,74.0,31.0,31.0,.,.,w,197371,200328,1,r,1,r,1,r,6,sh,,,,,,,,,,,,,,,,,,,,,,,,,,,,,,,,,,,,,,,,,,,,,,,,,,,,,,,,,,,,,,,,,,,,,,,,,,,,,,,,,,,,,,,,,,,,,,,,,,,,,,,,,,
07_02,07,02,f,11,04/08/21,03/21/22,a,n,9.33,9.33,73.9,74.0,31.0,31.0,.,.,w,200328,200329,1,r,1,r,1,r,6,sh,,,,,,,,,,,,,,,,,,21,y,.,.,.,.,d,.,.,.,.,.,.,.,.,.,.,,,,,,,,,,,,,,,,,,,,,,,,,,,,,,,,,,,,,,,,,,,,,,,,,,,,,,,,,,,,,,,,,,,,,,,,
07_02,07,02,f,11,04/08/21,03/21/22,a,n,9.33,9.33,73.9,74.0,31.0,31.0,.,.,w,200329,225930,1,r,1,r,1,r,6,sh,,,,,,,,,,,,,,,,,,,,,,,,,,,,,,,,,,,,,,,,,,,,,,,,,,,,,,,,,,,,,,,,,,,,,,,,,,,,,,,,,,,,,,,,,,,,,,,,,,,,,,,,,,
07_02,07,02,f,11,04/08/21,03/21/22,a,n,9.33,9.33,73.9,74.0,31.0,31.0,.,.,w,225930,225931,1,r,1,r,1,r,6,sh,,,,,,,,,,,,,,,,,,22,y,.,.,.,.,p,.,.,.,.,.,.,.,.,.,.,,,,,,,,,,,,,,,,,,,,,,,,,,,,,,,,,,,,,,,,,,,,,,,,,,,,,,,,,,,,,,,,,,,,,,,,
07_02,07,02,f,11,04/08/21,03/21/22,a,n,9.33,9.33,73.9,74.0,31.0,31.0,.,.,w,225931,235688,1,r,1,r,1,r,6,sh,,,,,,,,,,,,,,,,,,,,,,,,,,,,,,,,,,,,,,,,,,,,,,,,,,,,,,,,,,,,,,,,,,,,,,,,,,,,,,,,,,,,,,,,,,,,,,,,,,,,,,,,,,
07_02,07,02,f,11,04/08/21,03/21/22,a,n,9.33,9.33,73.9,74.0,31.0,31.0,.,.,w,235688,237490,1,r,1,r,1,r,6,sh,,,,,,,,,,,,,,,,,,,,,,,,,,,,,,,,,,,3,b,,,,,,,,,,,,,,,,,,,,,,,,,,,,,,,,,,,,,,,,,,,,,,,,,,,,,,,,,,,,,,,,,,,,,,
07_02,07,02,f,11,04/08/21,03/21/22,a,n,9.33,9.33,73.9,74.0,31.0,31.0,.,.,w,237490,237491,1,r,1,r,1,r,6,sh,,,,,,,,,,,,,,,,,,,,,,,,,,,,,,,,,,,3,b,,,,,,,,,,,,,,,,,,56,y,.,.,.,.,p,.,.,.,.,.,.,.,.,.,.,,,,,,,,,,,,,,,,,,,,,,,,,,,,,,,,,,,,
07_02,07,02,f,11,04/08/21,03/21/22,a,n,9.33,9.33,73.9,74.0,31.0,31.0,.,.,w,237491,240958,1,r,1,r,1,r,6,sh,,,,,,,,,,,,,,,,,,,,,,,,,,,,,,,,,,,3,b,,,,,,,,,,,,,,,,,,,,,,,,,,,,,,,,,,,,,,,,,,,,,,,,,,,,,,,,,,,,,,,,,,,,,,
07_02,07,02,f,11,04/08/21,03/21/22,a,n,9.33,9.33,73.9,74.0,31.0,31.0,.,.,w,240958,240959,1,r,1,r,1,r,6,sh,,,,,,,,,,,,,,,,,,23,y,.,.,.,.,d,.,.,.,.,.,.,.,.,.,.,3,b,,,,,,,,,,,,,,,,,,,,,,,,,,,,,,,,,,,,,,,,,,,,,,,,,,,,,,,,,,,,,,,,,,,,,,
07_02,07,02,f,11,04/08/21,03/21/22,a,n,9.33,9.33,73.9,74.0,31.0,31.0,.,.,w,240959,243067,1,r,1,r,1,r,6,sh,,,,,,,,,,,,,,,,,,,,,,,,,,,,,,,,,,,3,b,,,,,,,,,,,,,,,,,,,,,,,,,,,,,,,,,,,,,,,,,,,,,,,,,,,,,,,,,,,,,,,,,,,,,,
07_02,07,02,f,11,04/08/21,03/21/22,a,n,9.33,9.33,73.9,74.0,31.0,31.0,.,.,w,243067,245548,1,r,1,r,1,r,,,,,,,,,,,,,,,,,,,,,,,,,,,,,,,,,,,,,3,b,,,,,,,,,,,,,,,,,,,,,,,,,,,,,,,,,,,,,,,,,,,,,,,,,,,,,,,,,,,,,,,,,,,,,,
07_02,07,02,f,11,04/08/21,03/21/22,a,n,9.33,9.33,73.9,74.0,31.0,31.0,.,.,w,245548,245549,1,r,1,r,1,r,,,,,,,,,,,,,,,,,,,,,,,,,,,,,,,,,,,,,3,b,,,,,,,,,,,,,,,,,,56,y,.,.,.,.,p,.,.,.,.,.,.,.,.,.,.,,,,,,,,,,,,,,,,,,,,,,,,,,,,,,,,,,,,
07_02,07,02,f,11,04/08/21,03/21/22,a,n,9.33,9.33,73.9,74.0,31.0,31.0,.,.,w,245549,251396,1,r,1,r,1,r,,,,,,,,,,,,,,,,,,,,,,,,,,,,,,,,,,,,,3,b,,,,,,,,,,,,,,,,,,,,,,,,,,,,,,,,,,,,,,,,,,,,,,,,,,,,,,,,,,,,,,,,,,,,,,
07_02,07,02,f,11,04/08/21,03/21/22,a,n,9.33,9.33,73.9,74.0,31.0,31.0,.,.,w,251396,251397,1,r,1,r,1,r,,,,,,,,,,,,,,,,,,,,,,,,,,,,,,,,,,,,,3,b,,,,,,,,,,,,,,,,,,56,y,.,.,.,.,p,.,.,.,.,.,.,.,.,.,.,,,,,,,,,,,,,,,,,,,,,,,,,,,,,,,,,,,,
07_02,07,02,f,11,04/08/21,03/21/22,a,n,9.33,9.33,73.9,74.0,31.0,31.0,.,.,w,251397,253368,1,r,1,r,1,r,,,,,,,,,,,,,,,,,,,,,,,,,,,,,,,,,,,,,3,b,,,,,,,,,,,,,,,,,,,,,,,,,,,,,,,,,,,,,,,,,,,,,,,,,,,,,,,,,,,,,,,,,,,,,,
07_02,07,02,f,11,04/08/21,03/21/22,a,n,9.33,9.33,73.9,74.0,31.0,31.0,.,.,w,253368,255375,1,r,1,r,1,r,7,m,24,y,.,.,.,.,hi,.,.,.,.,.,.,.,.,.,.,,,,,,,,,,,,,,,,,,3,b,,,,,,,,,,,,,,,,,,,,,,,,,,,,,,,,,,,,,,,,,,,,,,,,,,,,,,,,,,,,,,,,,,,,,,
07_02,07,02,f,11,04/08/21,03/21/22,a,n,9.33,9.33,73.9,74.0,31.0,31.0,.,.,w,255375,256768,1,r,1,r,1,r,7,m,,,,,,,,,,,,,,,,,,,,,,,,,,,,,,,,,,,3,b,,,,,,,,,,,,,,,,,,,,,,,,,,,,,,,,,,,,,,,,,,,,,,,,,,,,,,,,,,,,,,,,,,,,,,
07_02,07,02,f,11,04/08/21,03/21/22,a,n,9.33,9.33,73.9,74.0,31.0,31.0,.,.,w,256768,256769,1,r,1,r,1,r,7,m,,,,,,,,,,,,,,,,,,,,,,,,,,,,,,,,,,,3,b,,,,,,,,,,,,,,,,,,56,y,.,.,.,.,p,.,.,.,.,.,.,.,.,.,.,,,,,,,,,,,,,,,,,,,,,,,,,,,,,,,,,,,,
07_02,07,02,f,11,04/08/21,03/21/22,a,n,9.33,9.33,73.9,74.0,31.0,31.0,.,.,w,256769,258876,1,r,1,r,1,r,7,m,,,,,,,,,,,,,,,,,,,,,,,,,,,,,,,,,,,3,b,,,,,,,,,,,,,,,,,,,,,,,,,,,,,,,,,,,,,,,,,,,,,,,,,,,,,,,,,,,,,,,,,,,,,,
07_02,07,02,f,11,04/08/21,03/21/22,a,n,9.33,9.33,73.9,74.0,31.0,31.0,.,.,w,258876,260848,1,r,1,r,1,r,7,m,25,y,.,.,.,y,t,y,.,.,.,.,.,.,.,.,.,,,,,,,,,,,,,,,,,,3,b,,,,,,,,,,,,,,,,,,,,,,,,,,,,,,,,,,,,,,,,,,,,,,,,,,,,,,,,,,,,,,,,,,,,,,
07_02,07,02,f,11,04/08/21,03/21/22,a,n,9.33,9.33,73.9,74.0,31.0,31.0,.,.,w,260848,263025,1,r,1,r,1,r,7,m,25,y,.,.,.,y,t,y,.,.,.,.,.,.,.,.,.,,,,,,,,,,,,,,,,,,3,b,56,y,.,.,.,.,b,.,.,.,.,.,.,.,.,.,.,,,,,,,,,,,,,,,,,,,,,,,,,,,,,,,,,,,,,,,,,,,,,,,,,,,,,
07_02,07,02,f,11,04/08/21,03/21/22,a,n,9.33,9.33,73.9,74.0,31.0,31.0,.,.,w,263025,263059,1,r,1,r,1,r,,,,,,,,,,,,,,,,,,,,,,,,,,,,,,,,,,,,,3,b,56,y,.,.,.,.,b,.,.,.,.,.,.,.,.,.,.,,,,,,,,,,,,,,,,,,,,,,,,,,,,,,,,,,,,,,,,,,,,,,,,,,,,,
07_02,07,02,f,11,04/08/21,03/21/22,a,n,9.33,9.33,73.9,74.0,31.0,31.0,.,.,w,263059,263296,1,r,1,r,1,r,,,,,,,,,,,,,,,,,,,,,,,,,,,,,,,,,,,,,3,b,,,,,,,,,,,,,,,,,,,,,,,,,,,,,,,,,,,,,,,,,,,,,,,,,,,,,,,,,,,,,,,,,,,,,,
07_02,07,02,f,11,04/08/21,03/21/22,a,n,9.33,9.33,73.9,74.0,31.0,31.0,.,.,w,263296,263297,1,r,1,r,1,r,,,,,,,,,,,,,,,,,,,,,,,,,,,,,,,,,,,,,3,b,,,,,,,,,,,,,,,,,,56,y,.,.,.,.,p,.,.,.,.,.,.,.,.,.,.,,,,,,,,,,,,,,,,,,,,,,,,,,,,,,,,,,,,
07_02,07,02,f,11,04/08/21,03/21/22,a,n,9.33,9.33,73.9,74.0,31.0,31.0,.,.,w,263297,269416,1,r,1,r,1,r,,,,,,,,,,,,,,,,,,,,,,,,,,,,,,,,,,,,,3,b,,,,,,,,,,,,,,,,,,,,,,,,,,,,,,,,,,,,,,,,,,,,,,,,,,,,,,,,,,,,,,,,,,,,,,
07_02,07,02,f,11,04/08/21,03/21/22,a,n,9.33,9.33,73.9,74.0,31.0,31.0,.,.,w,269416,269417,1,r,1,r,1,r,,,,,,,,,,,,,,,,,,,,,,,,,,,,,,,,,,,,,3,b,,,,,,,,,,,,,,,,,,56,y,.,.,.,.,p,.,.,.,.,.,.,.,.,.,.,,,,,,,,,,,,,,,,,,,,,,,,,,,,,,,,,,,,
07_02,07,02,f,11,04/08/21,03/21/22,a,n,9.33,9.33,73.9,74.0,31.0,31.0,.,.,w,269417,283492,1,r,1,r,1,r,,,,,,,,,,,,,,,,,,,,,,,,,,,,,,,,,,,,,3,b,,,,,,,,,,,,,,,,,,,,,,,,,,,,,,,,,,,,,,,,,,,,,,,,,,,,,,,,,,,,,,,,,,,,,,
07_02,07,02,f,11,04/08/21,03/21/22,a,n,9.33,9.33,73.9,74.0,31.0,31.0,.,.,w,283492,283526,1,r,1,r,1,r,8,a,,,,,,,,,,,,,,,,,,,,,,,,,,,,,,,,,,,3,b,,,,,,,,,,,,,,,,,,,,,,,,,,,,,,,,,,,,,,,,,,,,,,,,,,,,,,,,,,,,,,,,,,,,,,
07_02,07,02,f,11,04/08/21,03/21/22,a,n,9.33,9.33,73.9,74.0,31.0,31.0,.,.,w,283526,293285,1,r,1,r,1,r,8,a,26,y,.,.,.,.,t,.,.,.,.,.,.,.,.,.,.,,,,,,,,,,,,,,,,,,3,b,,,,,,,,,,,,,,,,,,,,,,,,,,,,,,,,,,,,,,,,,,,,,,,,,,,,,,,,,,,,,,,,,,,,,,
07_02,07,02,f,11,04/08/21,03/21/22,a,n,9.33,9.33,73.9,74.0,31.0,31.0,.,.,w,293285,297364,1,r,1,r,1,r,,,,,,,,,,,,,,,,,,,,,,,,,,,,,,,,,,,,,3,b,,,,,,,,,,,,,,,,,,,,,,,,,,,,,,,,,,,,,,,,,,,,,,,,,,,,,,,,,,,,,,,,,,,,,,
07_02,07,02,f,11,04/08/21,03/21/22,a,n,9.33,9.33,73.9,74.0,31.0,31.0,.,.,w,297364,301411,1,r,1,r,1,r,,,,,,,,,,,,,,,,,,,,,,,,,,,,,,,,,,,,,3,b,56,y,.,.,.,.,b,.,.,.,.,.,.,.,.,.,.,,,,,,,,,,,,,,,,,,,,,,,,,,,,,,,,,,,,,,,,,,,,,,,,,,,,,
07_02,07,02,f,11,04/08/21,03/21/22,a,n,9.33,9.33,73.9,74.0,31.0,31.0,.,.,w,301411,304368,1,r,1,r,1,r,,,,,,,,,,,,,,,,,,,,,,,,,,,,,,,,,,,,,3,b,,,,,,,,,,,,,,,,,,,,,,,,,,,,,,,,,,,,,,,,,,,,,,,,,,,,,,,,,,,,,,,,,,,,,,
07_02,07,02,f,11,04/08/21,03/21/22,a,n,9.33,9.33,73.9,74.0,31.0,31.0,.,.,w,304368,306374,1,r,1,r,1,r,9,pb,27,y,.,.,.,.,pu,.,.,.,.,.,.,.,.,.,.,,,,,,,,,,,,,,,,,,3,b,,,,,,,,,,,,,,,,,,,,,,,,,,,,,,,,,,,,,,,,,,,,,,,,,,,,,,,,,,,,,,,,,,,,,,
07_02,07,02,f,11,04/08/21,03/21/22,a,n,9.33,9.33,73.9,74.0,31.0,31.0,.,.,w,306374,307633,1,r,1,r,1,r,9,pb,27,y,.,.,.,.,pu,.,.,.,.,.,.,.,.,.,.,,,,,,,,,,,,,,,,,,3,b,56,y,.,.,.,.,b,.,.,.,.,.,.,.,.,.,.,,,,,,,,,,,,,,,,,,,,,,,,,,,,,,,,,,,,,,,,,,,,,,,,,,,,,
07_02,07,02,f,11,04/08/21,03/21/22,a,n,9.33,9.33,73.9,74.0,31.0,31.0,.,.,w,307633,308142,1,r,1,r,1,r,9,pb,27,y,.,.,.,.,pu,.,.,.,.,.,.,.,.,.,.,,,,,,,,,,,,,,,,,,3,b,,,,,,,,,,,,,,,,,,,,,,,,,,,,,,,,,,,,,,,,,,,,,,,,,,,,,,,,,,,,,,,,,,,,,,
07_02,07,02,f,11,04/08/21,03/21/22,a,n,9.33,9.33,73.9,74.0,31.0,31.0,.,.,w,308142,308143,1,r,1,r,1,r,9,pb,27,y,.,.,.,.,pu,.,.,.,.,.,.,.,.,.,.,,,,,,,,,,,,,,,,,,3,b,,,,,,,,,,,,,,,,,,56,y,.,.,.,.,d,.,.,.,.,.,.,.,.,.,.,,,,,,,,,,,,,,,,,,,,,,,,,,,,,,,,,,,,
07_02,07,02,f,11,04/08/21,03/21/22,a,n,9.33,9.33,73.9,74.0,31.0,31.0,.,.,w,308143,309536,1,r,1,r,1,r,9,pb,27,y,.,.,.,.,pu,.,.,.,.,.,.,.,.,.,.,,,,,,,,,,,,,,,,,,3,b,,,,,,,,,,,,,,,,,,,,,,,,,,,,,,,,,,,,,,,,,,,,,,,,,,,,,,,,,,,,,,,,,,,,,,
07_02,07,02,f,11,04/08/21,03/21/22,a,n,9.33,9.33,73.9,74.0,31.0,31.0,.,.,w,309536,309537,1,r,1,r,1,r,9,pb,27,y,.,.,.,.,pu,.,.,.,.,.,.,.,.,.,.,,,,,,,,,,,,,,,,,,3,b,,,,,,,,,,,,,,,,,,56,y,.,.,.,.,p,.,.,.,.,.,.,.,.,.,.,,,,,,,,,,,,,,,,,,,,,,,,,,,,,,,,,,,,
07_02,07,02,f,11,04/08/21,03/21/22,a,n,9.33,9.33,73.9,74.0,31.0,31.0,.,.,w,309537,310353,1,r,1,r,1,r,9,pb,27,y,.,.,.,.,pu,.,.,.,.,.,.,.,.,.,.,,,,,,,,,,,,,,,,,,3,b,,,,,,,,,,,,,,,,,,,,,,,,,,,,,,,,,,,,,,,,,,,,,,,,,,,,,,,,,,,,,,,,,,,,,,
07_02,07,02,f,11,04/08/21,03/21/22,a,n,9.33,9.33,73.9,74.0,31.0,31.0,.,.,w,310353,315452,1,r,1,r,1,r,,,,,,,,,,,,,,,,,,,,,,,,,,,,,,,,,,,,,3,b,,,,,,,,,,,,,,,,,,,,,,,,,,,,,,,,,,,,,,,,,,,,,,,,,,,,,,,,,,,,,,,,,,,,,,
07_02,07,02,f,11,04/08/21,03/21/22,a,n,9.33,9.33,73.9,74.0,31.0,31.0,.,.,w,315452,315453,1,r,1,r,1,r,,,,,,,,,,,,,,,,,,,,,,,,,,,,,,,,,,,,,3,b,,,,,,,,,,,,,,,,,,56,y,.,.,.,.,d,.,.,.,.,.,.,.,.,.,.,,,,,,,,,,,,,,,,,,,,,,,,,,,,,,,,,,,,
07_02,07,02,f,11,04/08/21,03/21/22,a,n,9.33,9.33,73.9,74.0,31.0,31.0,.,.,w,315453,317220,1,r,1,r,1,r,,,,,,,,,,,,,,,,,,,,,,,,,,,,,,,,,,,,,3,b,,,,,,,,,,,,,,,,,,,,,,,,,,,,,,,,,,,,,,,,,,,,,,,,,,,,,,,,,,,,,,,,,,,,,,
07_02,07,02,f,11,04/08/21,03/21/22,a,n,9.33,9.33,73.9,74.0,31.0,31.0,.,.,w,317220,317221,1,r,1,r,1,r,,,,,,,,,,,,,,,,,,,,,,,,,,,,,,,,,,,,,3,b,,,,,,,,,,,,,,,,,,56,y,.,.,.,.,p,.,.,.,.,.,.,.,.,.,.,,,,,,,,,,,,,,,,,,,,,,,,,,,,,,,,,,,,
07_02,07,02,f,11,04/08/21,03/21/22,a,n,9.33,9.33,73.9,74.0,31.0,31.0,.,.,w,317221,348704,1,r,1,r,1,r,,,,,,,,,,,,,,,,,,,,,,,,,,,,,,,,,,,,,3,b,,,,,,,,,,,,,,,,,,,,,,,,,,,,,,,,,,,,,,,,,,,,,,,,,,,,,,,,,,,,,,,,,,,,,,
07_02,07,02,f,11,04/08/21,03/21/22,a,n,9.33,9.33,73.9,74.0,31.0,31.0,.,.,w,348704,356423,1,r,1,r,1,r,10,a,28,y,.,.,.,.,t,.,.,.,.,.,.,.,.,.,.,,,,,,,,,,,,,,,,,,3,b,,,,,,,,,,,,,,,,,,,,,,,,,,,,,,,,,,,,,,,,,,,,,,,,,,,,,,,,,,,,,,,,,,,,,,
07_02,07,02,f,11,04/08/21,03/21/22,a,n,9.33,9.33,73.9,74.0,31.0,31.0,.,.,w,356423,357952,1,r,1,r,1,r,,,,,,,,,,,,,,,,,,,,,,,,,,,,,,,,,,,,,3,b,,,,,,,,,,,,,,,,,,,,,,,,,,,,,,,,,,,,,,,,,,,,,,,,,,,,,,,,,,,,,,,,,,,,,,
07_02,07,02,f,11,04/08/21,03/21/22,a,n,9.33,9.33,73.9,74.0,31.0,31.0,.,.,w,357952,363529,1,r,1,r,1,r,,,,,,,,,,,,,,,,,,,,,,,,,,,,,,,,,,,,,3,b,56,y,.,.,.,.,b,.,.,.,.,.,.,.,.,.,.,,,,,,,,,,,,,,,,,,,,,,,,,,,,,,,,,,,,,,,,,,,,,,,,,,,,,
07_02,07,02,f,11,04/08/21,03/21/22,a,n,9.33,9.33,73.9,74.0,31.0,31.0,.,.,w,363529,371178,1,r,1,r,1,r,,,,,,,,,,,,,,,,,,,,,,,,,,,,,,,,,,,,,3,b,,,,,,,,,,,,,,,,,,,,,,,,,,,,,,,,,,,,,,,,,,,,,,,,,,,,,,,,,,,,,,,,,,,,,,
07_02,07,02,f,11,04/08/21,03/21/22,a,n,9.33,9.33,73.9,74.0,31.0,31.0,.,.,w,371178,371179,1,r,1,r,1,r,,,,,,,,,,,,,,,,,,,,,,,,,,,,,,,,,,,,,3,b,,,,,,,,,,,,,,,,,,56,y,.,.,.,.,p,.,.,.,.,.,.,.,.,.,.,,,,,,,,,,,,,,,,,,,,,,,,,,,,,,,,,,,,
07_02,07,02,f,11,04/08/21,03/21/22,a,n,9.33,9.33,73.9,74.0,31.0,31.0,.,.,w,371179,377502,1,r,1,r,1,r,,,,,,,,,,,,,,,,,,,,,,,,,,,,,,,,,,,,,3,b,,,,,,,,,,,,,,,,,,,,,,,,,,,,,,,,,,,,,,,,,,,,,,,,,,,,,,,,,,,,,,,,,,,,,,
07_02,07,02,f,11,04/08/21,03/21/22,a,n,9.33,9.33,73.9,74.0,31.0,31.0,.,.,w,377502,379101,1,r,1,r,1,r,,,,,,,,,,,,,,,,,,,,,,,,,,,,,,,,,,,,,3,b,56,y,.,.,.,.,b,.,.,.,.,.,.,.,.,.,.,,,,,,,,,,,,,,,,,,,,,,,,,,,,,,,,,,,,,,,,,,,,,,,,,,,,,
07_02,07,02,f,11,04/08/21,03/21/22,a,n,9.33,9.33,73.9,74.0,31.0,31.0,.,.,w,379101,381140,1,r,1,r,1,r,,,,,,,,,,,,,,,,,,,,,,,,,,,,,,,,,,,,,3,b,,,,,,,,,,,,,,,,,,,,,,,,,,,,,,,,,,,,,,,,,,,,,,,,,,,,,,,,,,,,,,,,,,,,,,
07_02,07,02,f,11,04/08/21,03/21/22,a,n,9.33,9.33,73.9,74.0,31.0,31.0,.,.,w,381140,381413,1,r,1,r,1,r,11,pb,29,.,.,.,.,y,hi,.,.,.,.,.,.,.,.,.,.,,,,,,,,,,,,,,,,,,3,b,,,,,,,,,,,,,,,,,,,,,,,,,,,,,,,,,,,,,,,,,,,,,,,,,,,,,,,,,,,,,,,,,,,,,,
07_02,07,02,f,11,04/08/21,03/21/22,a,n,9.33,9.33,73.9,74.0,31.0,31.0,.,.,w,381413,386308,1,r,1,r,1,r,11,pb,,,,,,,,,,,,,,,,,,,,,,,,,,,,,,,,,,,3,b,,,,,,,,,,,,,,,,,,,,,,,,,,,,,,,,,,,,,,,,,,,,,,,,,,,,,,,,,,,,,,,,,,,,,,
07_02,07,02,f,11,04/08/21,03/21/22,a,n,9.33,9.33,73.9,74.0,31.0,31.0,.,.,w,386308,387125,1,r,1,r,1,r,11,pb,30,y,.,.,.,.,pu,.,.,.,.,.,.,.,.,.,.,,,,,,,,,,,,,,,,,,3,b,,,,,,,,,,,,,,,,,,,,,,,,,,,,,,,,,,,,,,,,,,,,,,,,,,,,,,,,,,,,,,,,,,,,,,
07_02,07,02,f,11,04/08/21,03/21/22,a,n,9.33,9.33,73.9,74.0,31.0,31.0,.,.,w,387125,411706,1,r,1,r,1,r,,,,,,,,,,,,,,,,,,,,,,,,,,,,,,,,,,,,,3,b,,,,,,,,,,,,,,,,,,,,,,,,,,,,,,,,,,,,,,,,,,,,,,,,,,,,,,,,,,,,,,,,,,,,,,
07_02,07,02,f,11,04/08/21,03/21/22,a,n,9.33,9.33,73.9,74.0,31.0,31.0,.,.,w,411706,413848,1,r,1,r,1,r,12,bu,,,,,,,,,,,,,,,,,,,,,,,,,,,,,,,,,,,3,b,,,,,,,,,,,,,,,,,,,,,,,,,,,,,,,,,,,,,,,,,,,,,,,,,,,,,,,,,,,,,,,,,,,,,,
07_02,07,02,f,11,04/08/21,03/21/22,a,n,9.33,9.33,73.9,74.0,31.0,31.0,.,.,w,413848,413849,1,r,1,r,1,r,12,bu,,,,,,,,,,,,,,,,,,31,y,.,.,.,.,o,.,.,.,y,.,.,.,.,.,.,3,b,,,,,,,,,,,,,,,,,,,,,,,,,,,,,,,,,,,,,,,,,,,,,,,,,,,,,,,,,,,,,,,,,,,,,,
07_02,07,02,f,11,04/08/21,03/21/22,a,n,9.33,9.33,73.9,74.0,31.0,31.0,.,.,w,413849,416942,1,r,1,r,1,r,12,bu,,,,,,,,,,,,,,,,,,,,,,,,,,,,,,,,,,,3,b,,,,,,,,,,,,,,,,,,,,,,,,,,,,,,,,,,,,,,,,,,,,,,,,,,,,,,,,,,,,,,,,,,,,,,
07_02,07,02,f,11,04/08/21,03/21/22,a,n,9.33,9.33,73.9,74.0,31.0,31.0,.,.,w,416942,416943,1,r,1,r,1,r,12,bu,,,,,,,,,,,,,,,,,,,,,,,,,,,,,,,,,,,3,b,,,,,,,,,,,,,,,,,,56,y,.,.,.,.,d,.,.,.,.,.,.,.,.,.,.,,,,,,,,,,,,,,,,,,,,,,,,,,,,,,,,,,,,
07_02,07,02,f,11,04/08/21,03/21/22,a,n,9.33,9.33,73.9,74.0,31.0,31.0,.,.,w,416943,421055,1,r,1,r,1,r,12,bu,,,,,,,,,,,,,,,,,,,,,,,,,,,,,,,,,,,,,,,,,,,,,,,,,,,,,,,,,,,,,,,,,,,,,,,,,,,,,,,,,,,,,,,,,,,,,,,,,,,,,,,,,,
07_02,07,02,f,11,04/08/21,03/21/22,a,n,9.33,9.33,73.9,74.0,31.0,31.0,.,.,w,421055,421056,1,r,1,r,1,r,12,bu,,,,,,,,,,,,,,,,,,32,y,.,.,.,.,p,.,.,.,.,.,.,.,.,.,.,,,,,,,,,,,,,,,,,,,,,,,,,,,,,,,,,,,,,,,,,,,,,,,,,,,,,,,,,,,,,,,,,,,,,,,,
07_02,07,02,f,11,04/08/21,03/21/22,a,n,9.33,9.33,73.9,74.0,31.0,31.0,.,.,w,421056,421090,1,r,1,r,1,r,12,bu,,,,,,,,,,,,,,,,,,,,,,,,,,,,,,,,,,,,,,,,,,,,,,,,,,,,,,,,,,,,,,,,,,,,,,,,,,,,,,,,,,,,,,,,,,,,,,,,,,,,,,,,,,
07_02,07,02,f,11,04/08/21,03/21/22,a,n,9.33,9.33,73.9,74.0,31.0,31.0,.,.,w,421090,422043,1,r,1,r,1,r,12,bu,33,y,.,.,.,.,s,.,.,.,.,.,.,.,.,.,.,,,,,,,,,,,,,,,,,,,,,,,,,,,,,,,,,,,,,,,,,,,,,,,,,,,,,,,,,,,,,,,,,,,,,,,,,,,,,,,,,,,,,,,,,
07_02,07,02,f,11,04/08/21,03/21/22,a,n,9.33,9.33,73.9,74.0,31.0,31.0,.,.,w,422043,423742,1,r,1,r,1,r,12,bu,,,,,,,,,,,,,,,,,,,,,,,,,,,,,,,,,,,,,,,,,,,,,,,,,,,,,,,,,,,,,,,,,,,,,,,,,,,,,,,,,,,,,,,,,,,,,,,,,,,,,,,,,,
07_02,07,02,f,11,04/08/21,03/21/22,a,n,9.33,9.33,73.9,74.0,31.0,31.0,.,.,w,423742,423743,1,r,1,r,1,r,12,bu,,,,,,,,,,,,,,,,,,34,y,.,.,.,.,i,.,.,.,.,y,.,.,.,.,.,,,,,,,,,,,,,,,,,,,,,,,,,,,,,,,,,,,,,,,,,,,,,,,,,,,,,,,,,,,,,,,,,,,,,,,,
07_02,07,02,f,11,04/08/21,03/21/22,a,n,9.33,9.33,73.9,74.0,31.0,31.0,.,.,w,423743,426088,1,r,1,r,1,r,12,bu,,,,,,,,,,,,,,,,,,,,,,,,,,,,,,,,,,,,,,,,,,,,,,,,,,,,,,,,,,,,,,,,,,,,,,,,,,,,,,,,,,,,,,,,,,,,,,,,,,,,,,,,,,
07_02,07,02,f,11,04/08/21,03/21/22,a,n,9.33,9.33,73.9,74.0,31.0,31.0,.,.,w,426088,426089,1,r,1,r,1,r,12,bu,,,,,,,,,,,,,,,,,,35,y,.,.,.,.,o,.,.,.,y,.,.,.,.,.,.,,,,,,,,,,,,,,,,,,,,,,,,,,,,,,,,,,,,,,,,,,,,,,,,,,,,,,,,,,,,,,,,,,,,,,,,
07_02,07,02,f,11,04/08/21,03/21/22,a,n,9.33,9.33,73.9,74.0,31.0,31.0,.,.,w,426089,432786,1,r,1,r,1,r,12,bu,,,,,,,,,,,,,,,,,,,,,,,,,,,,,,,,,,,,,,,,,,,,,,,,,,,,,,,,,,,,,,,,,,,,,,,,,,,,,,,,,,,,,,,,,,,,,,,,,,,,,,,,,,
07_02,07,02,f,11,04/08/21,03/21/22,a,n,9.33,9.33,73.9,74.0,31.0,31.0,.,.,w,432786,432787,1,r,1,r,1,r,12,bu,,,,,,,,,,,,,,,,,,36,y,.,.,.,.,o,.,.,.,y,.,.,.,.,.,.,,,,,,,,,,,,,,,,,,,,,,,,,,,,,,,,,,,,,,,,,,,,,,,,,,,,,,,,,,,,,,,,,,,,,,,,
07_02,07,02,f,11,04/08/21,03/21/22,a,n,9.33,9.33,73.9,74.0,31.0,31.0,.,.,w,432787,434180,1,r,1,r,1,r,12,bu,,,,,,,,,,,,,,,,,,,,,,,,,,,,,,,,,,,,,,,,,,,,,,,,,,,,,,,,,,,,,,,,,,,,,,,,,,,,,,,,,,,,,,,,,,,,,,,,,,,,,,,,,,
07_02,07,02,f,11,04/08/21,03/21/22,a,n,9.33,9.33,73.9,74.0,31.0,31.0,.,.,w,434180,434181,1,r,1,r,1,r,12,bu,,,,,,,,,,,,,,,,,,37,y,.,.,.,.,d,.,.,.,.,.,.,.,.,.,.,,,,,,,,,,,,,,,,,,,,,,,,,,,,,,,,,,,,,,,,,,,,,,,,,,,,,,,,,,,,,,,,,,,,,,,,
07_02,07,02,f,11,04/08/21,03/21/22,a,n,9.33,9.33,73.9,74.0,31.0,31.0,.,.,w,434181,438940,1,r,1,r,1,r,12,bu,,,,,,,,,,,,,,,,,,,,,,,,,,,,,,,,,,,,,,,,,,,,,,,,,,,,,,,,,,,,,,,,,,,,,,,,,,,,,,,,,,,,,,,,,,,,,,,,,,,,,,,,,,
07_02,07,02,f,11,04/08/21,03/21/22,a,n,9.33,9.33,73.9,74.0,31.0,31.0,.,.,w,438940,438941,1,r,1,r,1,r,12,bu,,,,,,,,,,,,,,,,,,38,y,.,.,.,.,o,.,.,.,y,.,.,.,.,.,.,,,,,,,,,,,,,,,,,,,,,,,,,,,,,,,,,,,,,,,,,,,,,,,,,,,,,,,,,,,,,,,,,,,,,,,,
07_02,07,02,f,11,04/08/21,03/21/22,a,n,9.33,9.33,73.9,74.0,31.0,31.0,.,.,w,438941,439654,1,r,1,r,1,r,12,bu,,,,,,,,,,,,,,,,,,,,,,,,,,,,,,,,,,,,,,,,,,,,,,,,,,,,,,,,,,,,,,,,,,,,,,,,,,,,,,,,,,,,,,,,,,,,,,,,,,,,,,,,,,
07_02,07,02,f,11,04/08/21,03/21/22,a,n,9.33,9.33,73.9,74.0,31.0,31.0,.,.,w,439654,439655,1,r,1,r,1,r,12,bu,,,,,,,,,,,,,,,,,,39,y,.,.,.,.,d,.,.,.,.,.,.,.,.,.,.,,,,,,,,,,,,,,,,,,,,,,,,,,,,,,,,,,,,,,,,,,,,,,,,,,,,,,,,,,,,,,,,,,,,,,,,
07_02,07,02,f,11,04/08/21,03/21/22,a,n,9.33,9.33,73.9,74.0,31.0,31.0,.,.,w,439655,444176,1,r,1,r,1,r,12,bu,,,,,,,,,,,,,,,,,,,,,,,,,,,,,,,,,,,,,,,,,,,,,,,,,,,,,,,,,,,,,,,,,,,,,,,,,,,,,,,,,,,,,,,,,,,,,,,,,,,,,,,,,,
07_02,07,02,f,11,04/08/21,03/21/22,a,n,9.33,9.33,73.9,74.0,31.0,31.0,.,.,w,444176,444177,1,r,1,r,1,r,12,bu,,,,,,,,,,,,,,,,,,40,y,.,.,.,.,d,.,.,.,.,.,.,.,.,.,.,,,,,,,,,,,,,,,,,,,,,,,,,,,,,,,,,,,,,,,,,,,,,,,,,,,,,,,,,,,,,,,,,,,,,,,,
07_02,07,02,f,11,04/08/21,03/21/22,a,n,9.33,9.33,73.9,74.0,31.0,31.0,.,.,w,444177,453866,1,r,1,r,1,r,12,bu,,,,,,,,,,,,,,,,,,,,,,,,,,,,,,,,,,,,,,,,,,,,,,,,,,,,,,,,,,,,,,,,,,,,,,,,,,,,,,,,,,,,,,,,,,,,,,,,,,,,,,,,,,
07_02,07,02,f,11,04/08/21,03/21/22,a,n,9.33,9.33,73.9,74.0,31.0,31.0,.,.,w,453866,453867,1,r,1,r,1,r,12,bu,,,,,,,,,,,,,,,,,,41,y,.,.,.,.,o,.,.,.,y,.,.,.,.,.,.,,,,,,,,,,,,,,,,,,,,,,,,,,,,,,,,,,,,,,,,,,,,,,,,,,,,,,,,,,,,,,,,,,,,,,,,
07_02,07,02,f,11,04/08/21,03/21/22,a,n,9.33,9.33,73.9,74.0,31.0,31.0,.,.,w,453867,458728,1,r,1,r,1,r,12,bu,,,,,,,,,,,,,,,,,,,,,,,,,,,,,,,,,,,,,,,,,,,,,,,,,,,,,,,,,,,,,,,,,,,,,,,,,,,,,,,,,,,,,,,,,,,,,,,,,,,,,,,,,,
07_02,07,02,f,11,04/08/21,03/21/22,a,n,9.33,9.33,73.9,74.0,31.0,31.0,.,.,w,458728,458729,1,r,1,r,1,r,12,bu,,,,,,,,,,,,,,,,,,42,y,.,.,.,.,o,.,.,.,y,.,.,.,.,.,.,,,,,,,,,,,,,,,,,,,,,,,,,,,,,,,,,,,,,,,,,,,,,,,,,,,,,,,,,,,,,,,,,,,,,,,,
07_02,07,02,f,11,04/08/21,03/21/22,a,n,9.33,9.33,73.9,74.0,31.0,31.0,.,.,w,458729,459986,1,r,1,r,1,r,12,bu,,,,,,,,,,,,,,,,,,,,,,,,,,,,,,,,,,,,,,,,,,,,,,,,,,,,,,,,,,,,,,,,,,,,,,,,,,,,,,,,,,,,,,,,,,,,,,,,,,,,,,,,,,
07_02,07,02,f,11,04/08/21,03/21/22,a,n,9.33,9.33,73.9,74.0,31.0,31.0,.,.,w,459986,459987,1,r,1,r,1,r,12,bu,,,,,,,,,,,,,,,,,,43,y,.,.,.,.,d,.,.,.,.,.,.,.,.,.,.,,,,,,,,,,,,,,,,,,,,,,,,,,,,,,,,,,,,,,,,,,,,,,,,,,,,,,,,,,,,,,,,,,,,,,,,
07_02,07,02,f,11,04/08/21,03/21/22,a,n,9.33,9.33,73.9,74.0,31.0,31.0,.,.,w,459987,461278,1,r,1,r,1,r,12,bu,,,,,,,,,,,,,,,,,,,,,,,,,,,,,,,,,,,,,,,,,,,,,,,,,,,,,,,,,,,,,,,,,,,,,,,,,,,,,,,,,,,,,,,,,,,,,,,,,,,,,,,,,,
07_02,07,02,f,11,04/08/21,03/21/22,a,n,9.33,9.33,73.9,74.0,31.0,31.0,.,.,w,461278,461279,1,r,1,r,1,r,12,bu,,,,,,,,,,,,,,,,,,44,y,.,.,.,.,d,.,.,.,.,.,.,.,.,.,.,,,,,,,,,,,,,,,,,,,,,,,,,,,,,,,,,,,,,,,,,,,,,,,,,,,,,,,,,,,,,,,,,,,,,,,,
07_02,07,02,f,11,04/08/21,03/21/22,a,n,9.33,9.33,73.9,74.0,31.0,31.0,.,.,w,461279,462774,1,r,1,r,1,r,12,bu,,,,,,,,,,,,,,,,,,,,,,,,,,,,,,,,,,,,,,,,,,,,,,,,,,,,,,,,,,,,,,,,,,,,,,,,,,,,,,,,,,,,,,,,,,,,,,,,,,,,,,,,,,
07_02,07,02,f,11,04/08/21,03/21/22,a,n,9.33,9.33,73.9,74.0,31.0,31.0,.,.,w,462774,462775,1,r,1,r,1,r,12,bu,,,,,,,,,,,,,,,,,,45,y,.,.,.,.,o,.,.,.,y,.,.,.,.,.,.,,,,,,,,,,,,,,,,,,,,,,,,,,,,,,,,,,,,,,,,,,,,,,,,,,,,,,,,,,,,,,,,,,,,,,,,
07_02,07,02,f,11,04/08/21,03/21/22,a,n,9.33,9.33,73.9,74.0,31.0,31.0,.,.,w,462775,474470,1,r,1,r,1,r,12,bu,,,,,,,,,,,,,,,,,,,,,,,,,,,,,,,,,,,,,,,,,,,,,,,,,,,,,,,,,,,,,,,,,,,,,,,,,,,,,,,,,,,,,,,,,,,,,,,,,,,,,,,,,,
07_02,07,02,f,11,04/08/21,03/21/22,a,n,9.33,9.33,73.9,74.0,31.0,31.0,.,.,w,474470,474471,1,r,1,r,1,r,12,bu,,,,,,,,,,,,,,,,,,46,y,.,.,.,.,p,.,.,.,.,.,.,.,.,.,.,,,,,,,,,,,,,,,,,,,,,,,,,,,,,,,,,,,,,,,,,,,,,,,,,,,,,,,,,,,,,,,,,,,,,,,,
07_02,07,02,f,11,04/08/21,03/21/22,a,n,9.33,9.33,73.9,74.0,31.0,31.0,.,.,w,474471,478312,1,r,1,r,1,r,12,bu,,,,,,,,,,,,,,,,,,,,,,,,,,,,,,,,,,,,,,,,,,,,,,,,,,,,,,,,,,,,,,,,,,,,,,,,,,,,,,,,,,,,,,,,,,,,,,,,,,,,,,,,,,
07_02,07,02,f,11,04/08/21,03/21/22,a,n,9.33,9.33,73.9,74.0,31.0,31.0,.,.,w,478312,478313,1,r,1,r,1,r,12,bu,,,,,,,,,,,,,,,,,,47,y,.,.,.,.,d,.,.,.,.,.,.,.,.,.,.,,,,,,,,,,,,,,,,,,,,,,,,,,,,,,,,,,,,,,,,,,,,,,,,,,,,,,,,,,,,,,,,,,,,,,,,
07_02,07,02,f,11,04/08/21,03/21/22,a,n,9.33,9.33,73.9,74.0,31.0,31.0,.,.,w,478313,481236,1,r,1,r,1,r,12,bu,,,,,,,,,,,,,,,,,,,,,,,,,,,,,,,,,,,,,,,,,,,,,,,,,,,,,,,,,,,,,,,,,,,,,,,,,,,,,,,,,,,,,,,,,,,,,,,,,,,,,,,,,,
07_02,07,02,f,11,04/08/21,03/21/22,a,n,9.33,9.33,73.9,74.0,31.0,31.0,.,.,w,481236,482358,1,r,1,r,1,r,12,bu,,,,,,,,,,,,,,,,,,,,,,,,,,,,,,,,,,,4,s,,,,,,,,,,,,,,,,,,,,,,,,,,,,,,,,,,,,,,,,,,,,,,,,,,,,,,,,,,,,,,,,,,,,,,
07_02,07,02,f,11,04/08/21,03/21/22,a,n,9.33,9.33,73.9,74.0,31.0,31.0,.,.,w,482358,502827,1,r,1,r,1,r,12,bu,,,,,,,,,,,,,,,,,,,,,,,,,,,,,,,,,,,4,s,56,y,.,.,.,.,pu,.,.,.,.,.,.,.,.,.,.,,,,,,,,,,,,,,,,,,,,,,,,,,,,,,,,,,,,,,,,,,,,,,,,,,,,,
07_02,07,02,f,11,04/08/21,03/21/22,a,n,9.33,9.33,73.9,74.0,31.0,31.0,.,.,w,502827,503711,1,r,1,r,1,r,12,bu,,,,,,,,,,,,,,,,,,,,,,,,,,,,,,,,,,,4,s,,,,,,,,,,,,,,,,,,,,,,,,,,,,,,,,,,,,,,,,,,,,,,,,,,,,,,,,,,,,,,,,,,,,,,
07_02,07,02,f,11,04/08/21,03/21/22,a,n,9.33,9.33,73.9,74.0,31.0,31.0,.,.,w,503711,507926,1,r,1,r,1,r,12,bu,,,,,,,,,,,,,,,,,,,,,,,,,,,,,,,,,,,,,,,,,,,,,,,,,,,,,,,,,,,,,,,,,,,,,,,,,,,,,,,,,,,,,,,,,,,,,,,,,,,,,,,,,,
07_02,07,02,f,11,04/08/21,03/21/22,a,n,9.33,9.33,73.9,74.0,31.0,31.0,.,.,w,507926,509763,1,r,1,r,1,r,12,bu,,,,,,,,,,,,,,,,,,,,,,,,,,,,,,,,,,,5,pb,56,y,.,.,.,.,pu,.,.,.,.,.,.,.,.,.,.,,,,,,,,,,,,,,,,,,,,,,,,,,,,,,,,,,,,,,,,,,,,,,,,,,,,,
07_02,07,02,f,11,04/08/21,03/21/22,a,n,9.33,9.33,73.9,74.0,31.0,31.0,.,.,w,509763,514726,1,r,1,r,1,r,12,bu,,,,,,,,,,,,,,,,,,,,,,,,,,,,,,,,,,,,,,,,,,,,,,,,,,,,,,,,,,,,,,,,,,,,,,,,,,,,,,,,,,,,,,,,,,,,,,,,,,,,,,,,,,
07_02,07,02,f,11,04/08/21,03/21/22,a,n,9.33,9.33,73.9,74.0,31.0,31.0,.,.,w,514726,516596,1,r,1,r,1,r,12,bu,,,,,,,,,,,,,,,,,,,,,,,,,,,,,,,,,,,6,g,,,,,,,,,,,,,,,,,,,,,,,,,,,,,,,,,,,,,,,,,,,,,,,,,,,,,,,,,,,,,,,,,,,,,,
07_02,07,02,f,11,04/08/21,03/21/22,a,n,9.33,9.33,73.9,74.0,31.0,31.0,.,.,w,516596,516597,1,r,1,r,1,r,12,bu,,,,,,,,,,,,,,,,,,,,,,,,,,,,,,,,,,,6,g,,,,,,,,,,,,,,,,,,56,y,.,.,.,.,d,.,.,.,.,.,.,.,.,.,y,,,,,,,,,,,,,,,,,,,,,,,,,,,,,,,,,,,,
07_02,07,02,f,11,04/08/21,03/21/22,a,n,9.33,9.33,73.9,74.0,31.0,31.0,.,.,w,516597,520948,1,r,1,r,1,r,12,bu,,,,,,,,,,,,,,,,,,,,,,,,,,,,,,,,,,,6,g,,,,,,,,,,,,,,,,,,,,,,,,,,,,,,,,,,,,,,,,,,,,,,,,,,,,,,,,,,,,,,,,,,,,,,
07_02,07,02,f,11,04/08/21,03/21/22,a,n,9.33,9.33,73.9,74.0,31.0,31.0,.,.,w,520948,520949,1,r,1,r,1,r,12,bu,,,,,,,,,,,,,,,,,,,,,,,,,,,,,,,,,,,6,g,,,,,,,,,,,,,,,,,,56,y,.,.,.,.,p,.,.,.,.,.,.,.,.,.,.,,,,,,,,,,,,,,,,,,,,,,,,,,,,,,,,,,,,
07_02,07,02,f,11,04/08/21,03/21/22,a,n,9.33,9.33,73.9,74.0,31.0,31.0,.,.,w,520949,522376,1,r,1,r,1,r,12,bu,,,,,,,,,,,,,,,,,,,,,,,,,,,,,,,,,,,6,g,,,,,,,,,,,,,,,,,,,,,,,,,,,,,,,,,,,,,,,,,,,,,,,,,,,,,,,,,,,,,,,,,,,,,,
07_02,07,02,f,11,04/08/21,03/21/22,a,n,9.33,9.33,73.9,74.0,31.0,31.0,.,.,w,522376,522377,1,r,1,r,1,r,12,bu,,,,,,,,,,,,,,,,,,,,,,,,,,,,,,,,,,,6,g,,,,,,,,,,,,,,,,,,56,y,.,.,.,.,d,.,.,.,.,.,.,.,.,.,.,,,,,,,,,,,,,,,,,,,,,,,,,,,,,,,,,,,,
07_02,07,02,f,11,04/08/21,03/21/22,a,n,9.33,9.33,73.9,74.0,31.0,31.0,.,.,w,522377,523872,1,r,1,r,1,r,12,bu,,,,,,,,,,,,,,,,,,,,,,,,,,,,,,,,,,,6,g,,,,,,,,,,,,,,,,,,,,,,,,,,,,,,,,,,,,,,,,,,,,,,,,,,,,,,,,,,,,,,,,,,,,,,
07_02,07,02,f,11,04/08/21,03/21/22,a,n,9.33,9.33,73.9,74.0,31.0,31.0,.,.,w,523872,523873,1,r,1,r,1,r,12,bu,,,,,,,,,,,,,,,,,,,,,,,,,,,,,,,,,,,6,g,,,,,,,,,,,,,,,,,,56,y,.,.,.,.,p,.,.,.,.,.,.,.,.,.,.,,,,,,,,,,,,,,,,,,,,,,,,,,,,,,,,,,,,
07_02,07,02,f,11,04/08/21,03/21/22,a,n,9.33,9.33,73.9,74.0,31.0,31.0,.,.,w,523873,527170,1,r,1,r,1,r,12,bu,,,,,,,,,,,,,,,,,,,,,,,,,,,,,,,,,,,6,g,,,,,,,,,,,,,,,,,,,,,,,,,,,,,,,,,,,,,,,,,,,,,,,,,,,,,,,,,,,,,,,,,,,,,,
07_02,07,02,f,11,04/08/21,03/21/22,a,n,9.33,9.33,73.9,74.0,31.0,31.0,.,.,w,527170,527171,1,r,1,r,1,r,12,bu,,,,,,,,,,,,,,,,,,,,,,,,,,,,,,,,,,,6,g,,,,,,,,,,,,,,,,,,56,y,.,.,.,.,d,.,.,.,.,.,.,.,.,.,.,,,,,,,,,,,,,,,,,,,,,,,,,,,,,,,,,,,,
07_02,07,02,f,11,04/08/21,03/21/22,a,n,9.33,9.33,73.9,74.0,31.0,31.0,.,.,w,527171,528972,1,r,1,r,1,r,12,bu,,,,,,,,,,,,,,,,,,,,,,,,,,,,,,,,,,,6,g,,,,,,,,,,,,,,,,,,,,,,,,,,,,,,,,,,,,,,,,,,,,,,,,,,,,,,,,,,,,,,,,,,,,,,
07_02,07,02,f,11,04/08/21,03/21/22,a,n,9.33,9.33,73.9,74.0,31.0,31.0,.,.,w,528972,528973,1,r,1,r,1,r,12,bu,,,,,,,,,,,,,,,,,,,,,,,,,,,,,,,,,,,6,g,,,,,,,,,,,,,,,,,,56,y,.,.,.,.,p,.,.,.,.,.,.,.,.,.,.,,,,,,,,,,,,,,,,,,,,,,,,,,,,,,,,,,,,
07_02,07,02,f,11,04/08/21,03/21/22,a,n,9.33,9.33,73.9,74.0,31.0,31.0,.,.,w,528973,534276,1,r,1,r,1,r,12,bu,,,,,,,,,,,,,,,,,,,,,,,,,,,,,,,,,,,6,g,,,,,,,,,,,,,,,,,,,,,,,,,,,,,,,,,,,,,,,,,,,,,,,,,,,,,,,,,,,,,,,,,,,,,,
07_02,07,02,f,11,04/08/21,03/21/22,a,n,9.33,9.33,73.9,74.0,31.0,31.0,.,.,w,534276,534277,1,r,1,r,1,r,12,bu,,,,,,,,,,,,,,,,,,,,,,,,,,,,,,,,,,,6,g,,,,,,,,,,,,,,,,,,56,y,.,.,.,.,d,.,.,.,.,.,.,.,.,.,.,,,,,,,,,,,,,,,,,,,,,,,,,,,,,,,,,,,,
07_02,07,02,f,11,04/08/21,03/21/22,a,n,9.33,9.33,73.9,74.0,31.0,31.0,.,.,w,534277,535704,1,r,1,r,1,r,12,bu,,,,,,,,,,,,,,,,,,,,,,,,,,,,,,,,,,,6,g,,,,,,,,,,,,,,,,,,,,,,,,,,,,,,,,,,,,,,,,,,,,,,,,,,,,,,,,,,,,,,,,,,,,,,
07_02,07,02,f,11,04/08/21,03/21/22,a,n,9.33,9.33,73.9,74.0,31.0,31.0,.,.,w,535704,537303,1,r,1,r,1,r,12,bu,,,,,,,,,,,,,,,,,,,,,,,,,,,,,,,,,,,6,g,56,y,.,.,.,.,s,.,y,.,.,.,.,.,.,.,.,,,,,,,,,,,,,,,,,,,,,,,,,,,,,,,,,,,,,,,,,,,,,,,,,,,,,
07_02,07,02,f,11,04/08/21,03/21/22,a,n,9.33,9.33,73.9,74.0,31.0,31.0,.,.,w,537303,538288,1,r,1,r,1,r,12,bu,,,,,,,,,,,,,,,,,,,,,,,,,,,,,,,,,,,6,g,,,,,,,,,,,,,,,,,,,,,,,,,,,,,,,,,,,,,,,,,,,,,,,,,,,,,,,,,,,,,,,,,,,,,,
07_02,07,02,f,11,04/08/21,03/21/22,a,n,9.33,9.33,73.9,74.0,31.0,31.0,.,.,w,538288,538289,1,r,1,r,1,r,12,bu,,,,,,,,,,,,,,,,,,,,,,,,,,,,,,,,,,,6,g,,,,,,,,,,,,,,,,,,56,y,.,.,.,.,d,.,.,.,.,.,.,.,.,.,.,,,,,,,,,,,,,,,,,,,,,,,,,,,,,,,,,,,,
07_02,07,02,f,11,04/08/21,03/21/22,a,n,9.33,9.33,73.9,74.0,31.0,31.0,.,.,w,538289,542062,1,r,1,r,1,r,12,bu,,,,,,,,,,,,,,,,,,,,,,,,,,,,,,,,,,,6,g,,,,,,,,,,,,,,,,,,,,,,,,,,,,,,,,,,,,,,,,,,,,,,,,,,,,,,,,,,,,,,,,,,,,,,
07_02,07,02,f,11,04/08/21,03/21/22,a,n,9.33,9.33,73.9,74.0,31.0,31.0,.,.,w,542062,542063,1,r,1,r,1,r,12,bu,,,,,,,,,,,,,,,,,,,,,,,,,,,,,,,,,,,6,g,,,,,,,,,,,,,,,,,,56,y,.,.,.,.,p,.,.,.,.,.,.,.,.,.,.,,,,,,,,,,,,,,,,,,,,,,,,,,,,,,,,,,,,
07_02,07,02,f,11,04/08/21,03/21/22,a,n,9.33,9.33,73.9,74.0,31.0,31.0,.,.,w,542063,543388,1,r,1,r,1,r,12,bu,,,,,,,,,,,,,,,,,,,,,,,,,,,,,,,,,,,6,g,,,,,,,,,,,,,,,,,,,,,,,,,,,,,,,,,,,,,,,,,,,,,,,,,,,,,,,,,,,,,,,,,,,,,,
07_02,07,02,f,11,04/08/21,03/21/22,a,n,9.33,9.33,73.9,74.0,31.0,31.0,.,.,w,543388,546653,1,r,1,r,1,r,12,bu,,,,,,,,,,,,,,,,,,,,,,,,,,,,,,,,,,,6,g,56,y,.,.,.,.,hi,.,.,.,.,.,.,.,.,.,.,,,,,,,,,,,,,,,,,,,,,,,,,,,,,,,,,,,,,,,,,,,,,,,,,,,,,
07_02,07,02,f,11,04/08/21,03/21/22,a,n,9.33,9.33,73.9,74.0,31.0,31.0,.,.,w,546653,546686,1,r,1,r,1,r,12,bu,,,,,,,,,,,,,,,,,,,,,,,,,,,,,,,,,,,6,g,,,,,,,,,,,,,,,,,,,,,,,,,,,,,,,,,,,,,,,,,,,,,,,,,,,,,,,,,,,,,,,,,,,,,,
07_02,07,02,f,11,04/08/21,03/21/22,a,n,9.33,9.33,73.9,74.0,31.0,31.0,.,.,w,546686,546687,1,r,1,r,1,r,12,bu,,,,,,,,,,,,,,,,,,,,,,,,,,,,,,,,,,,6,g,,,,,,,,,,,,,,,,,,56,y,.,.,.,.,d,.,.,.,.,.,.,.,.,.,.,,,,,,,,,,,,,,,,,,,,,,,,,,,,,,,,,,,,
07_02,07,02,f,11,04/08/21,03/21/22,a,n,9.33,9.33,73.9,74.0,31.0,31.0,.,.,w,546687,550562,1,r,1,r,1,r,12,bu,,,,,,,,,,,,,,,,,,,,,,,,,,,,,,,,,,,6,g,,,,,,,,,,,,,,,,,,,,,,,,,,,,,,,,,,,,,,,,,,,,,,,,,,,,,,,,,,,,,,,,,,,,,,
07_02,07,02,f,11,04/08/21,03/21/22,a,n,9.33,9.33,73.9,74.0,31.0,31.0,.,.,w,550562,550563,1,r,1,r,1,r,12,bu,,,,,,,,,,,,,,,,,,48,y,.,.,.,.,d,.,.,.,.,.,.,.,.,.,.,6,g,,,,,,,,,,,,,,,,,,,,,,,,,,,,,,,,,,,,,,,,,,,,,,,,,,,,,,,,,,,,,,,,,,,,,,
07_02,07,02,f,11,04/08/21,03/21/22,a,n,9.33,9.33,73.9,74.0,31.0,31.0,.,.,w,550563,551072,1,r,1,r,1,r,,,,,,,,,,,,,,,,,,,,,,,,,,,,,,,,,,,,,6,g,,,,,,,,,,,,,,,,,,,,,,,,,,,,,,,,,,,,,,,,,,,,,,,,,,,,,,,,,,,,,,,,,,,,,,
07_02,07,02,f,11,04/08/21,03/21/22,a,n,9.33,9.33,73.9,74.0,31.0,31.0,.,.,w,551072,551073,1,r,1,r,1,r,,,,,,,,,,,,,,,,,,,,,,,,,,,,,,,,,,,,,6,g,,,,,,,,,,,,,,,,,,56,y,.,.,.,.,p,.,.,.,.,.,.,.,.,.,.,,,,,,,,,,,,,,,,,,,,,,,,,,,,,,,,,,,,
07_02,07,02,f,11,04/08/21,03/21/22,a,n,9.33,9.33,73.9,74.0,31.0,31.0,.,.,w,551073,555458,1,r,1,r,1,r,,,,,,,,,,,,,,,,,,,,,,,,,,,,,,,,,,,,,6,g,,,,,,,,,,,,,,,,,,,,,,,,,,,,,,,,,,,,,,,,,,,,,,,,,,,,,,,,,,,,,,,,,,,,,,
07_02,07,02,f,11,04/08/21,03/21/22,a,n,9.33,9.33,73.9,74.0,31.0,31.0,.,.,w,555458,555459,1,r,1,r,1,r,,,,,,,,,,,,,,,,,,,,,,,,,,,,,,,,,,,,,6,g,,,,,,,,,,,,,,,,,,56,y,.,.,.,.,p,.,.,.,.,.,.,.,.,.,.,,,,,,,,,,,,,,,,,,,,,,,,,,,,,,,,,,,,
07_02,07,02,f,11,04/08/21,03/21/22,a,n,9.33,9.33,73.9,74.0,31.0,31.0,.,.,w,555459,556206,1,r,1,r,1,r,,,,,,,,,,,,,,,,,,,,,,,,,,,,,,,,,,,,,6,g,,,,,,,,,,,,,,,,,,,,,,,,,,,,,,,,,,,,,,,,,,,,,,,,,,,,,,,,,,,,,,,,,,,,,,
07_02,07,02,f,11,04/08/21,03/21/22,a,n,9.33,9.33,73.9,74.0,31.0,31.0,.,.,w,556206,556207,1,r,1,r,1,r,,,,,,,,,,,,,,,,,,,,,,,,,,,,,,,,,,,,,6,g,,,,,,,,,,,,,,,,,,56,y,.,.,.,.,d,.,.,.,.,.,.,.,.,.,.,,,,,,,,,,,,,,,,,,,,,,,,,,,,,,,,,,,,
07_02,07,02,f,11,04/08/21,03/21/22,a,n,9.33,9.33,73.9,74.0,31.0,31.0,.,.,w,556207,559878,1,r,1,r,1,r,,,,,,,,,,,,,,,,,,,,,,,,,,,,,,,,,,,,,6,g,,,,,,,,,,,,,,,,,,,,,,,,,,,,,,,,,,,,,,,,,,,,,,,,,,,,,,,,,,,,,,,,,,,,,,
07_02,07,02,f,11,04/08/21,03/21/22,a,n,9.33,9.33,73.9,74.0,31.0,31.0,.,.,w,559878,562701,1,r,1,r,1,r,,,,,,,,,,,,,,,,,,,,,,,,,,,,,,,,,,,,,6,g,56,y,.,.,.,.,s,.,.,.,.,.,.,.,.,.,.,,,,,,,,,,,,,,,,,,,,,,,,,,,,,,,,,,,,,,,,,,,,,,,,,,,,,
07_02,07,02,f,11,04/08/21,03/21/22,a,n,9.33,9.33,73.9,74.0,31.0,31.0,.,.,w,562701,569398,1,r,1,r,1,r,,,,,,,,,,,,,,,,,,,,,,,,,,,,,,,,,,,,,6,g,,,,,,,,,,,,,,,,,,,,,,,,,,,,,,,,,,,,,,,,,,,,,,,,,,,,,,,,,,,,,,,,,,,,,,
07_02,07,02,f,11,04/08/21,03/21/22,a,n,9.33,9.33,73.9,74.0,31.0,31.0,.,.,w,569398,569399,1,r,1,r,1,r,,,,,,,,,,,,,,,,,,,,,,,,,,,,,,,,,,,,,6,g,,,,,,,,,,,,,,,,,,56,y,.,.,.,.,p,.,.,.,.,.,.,.,.,.,.,,,,,,,,,,,,,,,,,,,,,,,,,,,,,,,,,,,,
07_02,07,02,f,11,04/08/21,03/21/22,a,n,9.33,9.33,73.9,74.0,31.0,31.0,.,.,w,569399,572016,1,r,1,r,1,r,,,,,,,,,,,,,,,,,,,,,,,,,,,,,,,,,,,,,6,g,,,,,,,,,,,,,,,,,,,,,,,,,,,,,,,,,,,,,,,,,,,,,,,,,,,,,,,,,,,,,,,,,,,,,,
07_02,07,02,f,11,04/08/21,03/21/22,a,n,9.33,9.33,73.9,74.0,31.0,31.0,.,.,w,572016,574056,1,r,1,r,1,r,,,,,,,,,,,,,,,,,,,,,,,,,,,,,,,,,,,,,6,g,56,y,.,.,.,.,s,.,.,.,.,.,.,.,.,.,.,,,,,,,,,,,,,,,,,,,,,,,,,,,,,,,,,,,,,,,,,,,,,,,,,,,,,
07_02,07,02,f,11,04/08/21,03/21/22,a,n,9.33,9.33,73.9,74.0,31.0,31.0,.,.,w,574056,576776,1,r,1,r,1,r,13,pb,49,.,.,.,.,y,pu,.,.,.,.,.,.,.,.,.,.,,,,,,,,,,,,,,,,,,6,g,56,y,.,.,.,.,s,.,.,.,.,.,.,.,.,.,.,,,,,,,,,,,,,,,,,,,,,,,,,,,,,,,,,,,,,,,,,,,,,,,,,,,,,
07_02,07,02,f,11,04/08/21,03/21/22,a,n,9.33,9.33,73.9,74.0,31.0,31.0,.,.,w,576776,578341,1,r,1,r,1,r,13,pb,50,.,.,.,.,y,hi,.,.,.,.,.,.,.,.,.,.,,,,,,,,,,,,,,,,,,6,g,56,y,.,.,.,.,s,.,.,.,.,.,.,.,.,.,.,,,,,,,,,,,,,,,,,,,,,,,,,,,,,,,,,,,,,,,,,,,,,,,,,,,,,
07_02,07,02,f,11,04/08/21,03/21/22,a,n,9.33,9.33,73.9,74.0,31.0,31.0,.,.,w,578341,578545,1,r,1,r,1,r,13,pb,51,.,.,y,.,.,k,.,.,.,.,.,.,.,.,.,.,,,,,,,,,,,,,,,,,,6,g,56,y,.,.,.,.,s,.,.,.,.,.,.,.,.,.,.,,,,,,,,,,,,,,,,,,,,,,,,,,,,,,,,,,,,,,,,,,,,,,,,,,,,,
07_02,07,02,f,11,04/08/21,03/21/22,a,n,9.33,9.33,73.9,74.0,31.0,31.0,.,.,w,578545,579293,1,r,1,r,1,r,13,pb,51,.,.,y,.,.,k,.,.,.,.,.,.,.,.,.,.,,,,,,,,,,,,,,,,,,6,g,,,,,,,,,,,,,,,,,,,,,,,,,,,,,,,,,,,,,,,,,,,,,,,,,,,,,,,,,,,,,,,,,,,,,,
07_02,07,02,f,11,04/08/21,03/21/22,a,n,9.33,9.33,73.9,74.0,31.0,31.0,.,.,w,579293,590138,1,r,1,r,1,r,,,,,,,,,,,,,,,,,,,,,,,,,,,,,,,,,,,,,6,g,,,,,,,,,,,,,,,,,,,,,,,,,,,,,,,,,,,,,,,,,,,,,,,,,,,,,,,,,,,,,,,,,,,,,,
07_02,07,02,f,11,04/08/21,03/21/22,a,n,9.33,9.33,73.9,74.0,31.0,31.0,.,.,w,590138,591431,1,r,1,r,1,r,,,,,,,,,,,,,,,,,,,,,,,,,,,,,,,,,,,,,6,g,56,y,.,.,.,.,s,.,.,.,.,.,.,.,.,.,.,,,,,,,,,,,,,,,,,,,,,,,,,,,,,,,,,,,,,,,,,,,,,,,,,,,,,
07_02,07,02,f,11,04/08/21,03/21/22,a,n,9.33,9.33,73.9,74.0,31.0,31.0,.,.,w,591431,591464,1,r,1,r,1,r,,,,,,,,,,,,,,,,,,,,,,,,,,,,,,,,,,,,,6,g,,,,,,,,,,,,,,,,,,,,,,,,,,,,,,,,,,,,,,,,,,,,,,,,,,,,,,,,,,,,,,,,,,,,,,
07_02,07,02,f,11,04/08/21,03/21/22,a,n,9.33,9.33,73.9,74.0,31.0,31.0,.,.,w,591464,591465,1,r,1,r,1,r,,,,,,,,,,,,,,,,,,,,,,,,,,,,,,,,,,,,,6,g,,,,,,,,,,,,,,,,,,56,y,.,.,.,.,d,.,.,.,.,.,.,.,.,.,.,,,,,,,,,,,,,,,,,,,,,,,,,,,,,,,,,,,,
07_02,07,02,f,11,04/08/21,03/21/22,a,n,9.33,9.33,73.9,74.0,31.0,31.0,.,.,w,591465,592586,1,r,1,r,1,r,,,,,,,,,,,,,,,,,,,,,,,,,,,,,,,,,,,,,6,g,,,,,,,,,,,,,,,,,,,,,,,,,,,,,,,,,,,,,,,,,,,,,,,,,,,,,,,,,,,,,,,,,,,,,,
07_02,07,02,f,11,04/08/21,03/21/22,a,n,9.33,9.33,73.9,74.0,31.0,31.0,.,.,w,592586,592587,1,r,1,r,1,r,,,,,,,,,,,,,,,,,,,,,,,,,,,,,,,,,,,,,6,g,,,,,,,,,,,,,,,,,,56,y,.,.,.,.,p,.,.,.,.,.,.,.,.,.,.,,,,,,,,,,,,,,,,,,,,,,,,,,,,,,,,,,,,
07_02,07,02,f,11,04/08/21,03/21/22,a,n,9.33,9.33,73.9,74.0,31.0,31.0,.,.,w,592587,599828,1,r,1,r,1,r,,,,,,,,,,,,,,,,,,,,,,,,,,,,,,,,,,,,,6,g,,,,,,,,,,,,,,,,,,,,,,,,,,,,,,,,,,,,,,,,,,,,,,,,,,,,,,,,,,,,,,,,,,,,,,
07_02,07,02,f,11,04/08/21,03/21/22,a,n,9.33,9.33,73.9,74.0,31.0,31.0,.,.,w,599828,600406,1,r,1,r,1,r,14,pb,52,y,.,.,.,.,pu,.,.,.,.,.,.,.,.,.,.,,,,,,,,,,,,,,,,,,6,g,,,,,,,,,,,,,,,,,,,,,,,,,,,,,,,,,,,,,,,,,,,,,,,,,,,,,,,,,,,,,,,,,,,,,,
07_02,07,02,f,11,04/08/21,03/21/22,a,n,9.33,9.33,73.9,74.0,31.0,31.0,.,.,w,600406,600407,1,r,1,r,1,r,14,pb,52,y,.,.,.,.,pu,.,.,.,.,.,.,.,.,.,.,,,,,,,,,,,,,,,,,,6,g,,,,,,,,,,,,,,,,,,56,y,.,.,.,.,d,.,.,.,.,.,.,.,.,.,.,,,,,,,,,,,,,,,,,,,,,,,,,,,,,,,,,,,,
07_02,07,02,f,11,04/08/21,03/21/22,a,n,9.33,9.33,73.9,74.0,31.0,31.0,.,.,w,600407,606254,1,r,1,r,1,r,14,pb,52,y,.,.,.,.,pu,.,.,.,.,.,.,.,.,.,.,,,,,,,,,,,,,,,,,,6,g,,,,,,,,,,,,,,,,,,,,,,,,,,,,,,,,,,,,,,,,,,,,,,,,,,,,,,,,,,,,,,,,,,,,,,
07_02,07,02,f,11,04/08/21,03/21/22,a,n,9.33,9.33,73.9,74.0,31.0,31.0,.,.,w,606254,606561,1,r,1,r,1,r,14,pb,52,y,.,.,.,.,pu,.,.,.,.,.,.,.,.,.,.,,,,,,,,,,,,,,,,,,6,g,56,y,.,.,.,.,s,.,.,.,.,.,.,.,.,.,.,,,,,,,,,,,,,,,,,,,,,,,,,,,,,,,,,,,,,,,,,,,,,,,,,,,,,
07_02,07,02,f,11,04/08/21,03/21/22,a,n,9.33,9.33,73.9,74.0,31.0,31.0,.,.,w,606561,606799,1,r,1,r,1,r,,,,,,,,,,,,,,,,,,,,,,,,,,,,,,,,,,,,,6,g,56,y,.,.,.,.,s,.,.,.,.,.,.,.,.,.,.,,,,,,,,,,,,,,,,,,,,,,,,,,,,,,,,,,,,,,,,,,,,,,,,,,,,,
07_02,07,02,f,11,04/08/21,03/21/22,a,n,9.33,9.33,73.9,74.0,31.0,31.0,.,.,w,606799,607954,1,r,1,r,1,r,,,,,,,,,,,,,,,,,,,,,,,,,,,,,,,,,,,,,6,g,,,,,,,,,,,,,,,,,,,,,,,,,,,,,,,,,,,,,,,,,,,,,,,,,,,,,,,,,,,,,,,,,,,,,,
07_02,07,02,f,11,04/08/21,03/21/22,a,n,9.33,9.33,73.9,74.0,31.0,31.0,.,.,w,607954,614585,1,r,1,r,1,r,15,f,53,y,.,.,.,.,t,.,.,.,.,.,.,.,.,.,.,,,,,,,,,,,,,,,,,,6,g,,,,,,,,,,,,,,,,,,,,,,,,,,,,,,,,,,,,,,,,,,,,,,,,,,,,,,,,,,,,,,,,,,,,,,
07_02,07,02,f,11,04/08/21,03/21/22,a,n,9.33,9.33,73.9,74.0,31.0,31.0,.,.,w,614585,629986,1,r,1,r,1,r,,,,,,,,,,,,,,,,,,,,,,,,,,,,,,,,,,,,,6,g,,,,,,,,,,,,,,,,,,,,,,,,,,,,,,,,,,,,,,,,,,,,,,,,,,,,,,,,,,,,,,,,,,,,,,
07_02,07,02,f,11,04/08/21,03/21/22,a,n,9.33,9.33,73.9,74.0,31.0,31.0,.,.,w,629986,635767,1,r,1,r,1,r,16,f,54,y,.,.,.,.,t,.,.,.,.,.,.,.,.,.,.,,,,,,,,,,,,,,,,,,6,g,,,,,,,,,,,,,,,,,,,,,,,,,,,,,,,,,,,,,,,,,,,,,,,,,,,,,,,,,,,,,,,,,,,,,,
07_02,07,02,f,11,04/08/21,03/21/22,a,n,9.33,9.33,73.9,74.0,31.0,31.0,.,.,w,635767,636106,1,r,1,r,1,r,,,,,,,,,,,,,,,,,,,,,,,,,,,,,,,,,,,,,6,g,,,,,,,,,,,,,,,,,,,,,,,,,,,,,,,,,,,,,,,,,,,,,,,,,,,,,,,,,,,,,,,,,,,,,,
07_02,07,02,f,11,04/08/21,03/21/22,a,n,9.33,9.33,73.9,74.0,31.0,31.0,.,.,w,636106,639201,1,r,1,r,1,r,,,,,,,,,,,,,,,,,,,,,,,,,,,,,,,,,,,,,6,g,56,y,.,.,.,.,s,.,.,.,.,.,.,.,.,.,.,,,,,,,,,,,,,,,,,,,,,,,,,,,,,,,,,,,,,,,,,,,,,,,,,,,,,
07_02,07,02,f,11,04/08/21,03/21/22,a,n,9.33,9.33,73.9,74.0,31.0,31.0,.,.,w,639201,642804,1,r,1,r,1,r,,,,,,,,,,,,,,,,,,,,,,,,,,,,,,,,,,,,,6,g,,,,,,,,,,,,,,,,,,,,,,,,,,,,,,,,,,,,,,,,,,,,,,,,,,,,,,,,,,,,,,,,,,,,,,
07_02,07,02,f,11,04/08/21,03/21/22,a,n,9.33,9.33,73.9,74.0,31.0,31.0,.,.,w,642804,642805,1,r,1,r,1,r,,,,,,,,,,,,,,,,,,,,,,,,,,,,,,,,,,,,,6,g,,,,,,,,,,,,,,,,,,56,y,.,.,.,.,p,.,.,.,.,.,.,.,.,.,.,,,,,,,,,,,,,,,,,,,,,,,,,,,,,,,,,,,,
07_02,07,02,f,11,04/08/21,03/21/22,a,n,9.33,9.33,73.9,74.0,31.0,31.0,.,.,w,642805,649570,1,r,1,r,1,r,,,,,,,,,,,,,,,,,,,,,,,,,,,,,,,,,,,,,6,g,,,,,,,,,,,,,,,,,,,,,,,,,,,,,,,,,,,,,,,,,,,,,,,,,,,,,,,,,,,,,,,,,,,,,,
07_02,07,02,f,11,04/08/21,03/21/22,a,n,9.33,9.33,73.9,74.0,31.0,31.0,.,.,w,649570,659873,1,r,1,r,1,r,17,a,55,y,.,.,.,.,t,.,.,.,.,.,.,.,.,.,.,,,,,,,,,,,,,,,,,,6,g,,,,,,,,,,,,,,,,,,,,,,,,,,,,,,,,,,,,,,,,,,,,,,,,,,,,,,,,,,,,,,,,,,,,,,
07_02,07,02,f,11,04/08/21,03/21/22,a,n,9.33,9.33,73.9,74.0,31.0,31.0,.,.,w,659873,667726,1,r,1,r,1,r,,,,,,,,,,,,,,,,,,,,,,,,,,,,,,,,,,,,,6,g,,,,,,,,,,,,,,,,,,,,,,,,,,,,,,,,,,,,,,,,,,,,,,,,,,,,,,,,,,,,,,,,,,,,,,
07_02,07,02,f,11,04/08/21,03/21/22,a,n,9.33,9.33,73.9,74.0,31.0,31.0,.,.,w,667726,672691,1,r,1,r,1,r,18,s,56,y,.,.,.,.,pu,.,.,.,.,.,.,.,.,.,.,,,,,,,,,,,,,,,,,,6,g,,,,,,,,,,,,,,,,,,,,,,,,,,,,,,,,,,,,,,,,,,,,,,,,,,,,,,,,,,,,,,,,,,,,,,
07_02,07,02,f,11,04/08/21,03/21/22,a,n,9.33,9.33,73.9,74.0,31.0,31.0,.,.,w,672691,673064,1,r,1,r,1,r,,,,,,,,,,,,,,,,,,,,,,,,,,,,,,,,,,,,,6,g,,,,,,,,,,,,,,,,,,,,,,,,,,,,,,,,,,,,,,,,,,,,,,,,,,,,,,,,,,,,,,,,,,,,,,
07_02,07,02,f,11,04/08/21,03/21/22,a,n,9.33,9.33,73.9,74.0,31.0,31.0,.,.,w,673064,673065,,,,,,,,,,,,,,,,,,,,,,,,,,,,,,,,,,,,,,,,,,,6,g,,,,,,,,,,,,,,,,,,,,,,,,,,,,,,,,,,,,,,,,,,,,,,,,,,,,,,,,,,,,,,,,,,,,,,
07_02,07,02,f,11,04/08/21,03/21/22,a,n,9.33,9.33,73.9,74.0,31.0,31.0,.,.,w,673065,775744,,,,,,,,,,,,,,,,,,,,,,,,,,,,,,,,,,,,,,,,,,,,,,,,,,,,,,,,,,,,,,,,,,,,,,,,,,,,,,,,,,,,,,,,,,,,,,,,,,,,,,,,,,,,,,,,,,
07_02,07,02,f,11,04/08/21,03/21/22,a,n,9.33,9.33,73.9,74.0,31.0,31.0,.,.,w,775744,1384582,2,p,2,p,2,p,,,,,,,,,,,,,,,,,,,,,,,,,,,,,,,,,,,,,,,,,,,,,,,,,,,,,,,,,,,,,,,,,,,,,,,,,,,,,,,,,,,,,,,,,,,,,,,,,,,,,,,,,,,,
07_02,07,02,f,11,04/08/21,03/21/22,a,n,9.33,9.33,73.9,74.0,31.0,31.0,.,.,w,1384582,1889278,,,,,,,,,,,,,,,,,,,,,,,,,,,,,,,,,,,,,,,,,,,,,,,,,,,,,,,,,,,,,,,,,,,,,,,,,,,,,,,,,,,,,,,,,,,,,,,,,,,,,,,,,,,,,,,,,,
07_02,07,02,f,11,04/08/21,03/21/22,a,n,9.33,9.33,73.9,74.0,31.0,31.0,.,.,w,1889278,2445484,3,b,,,,,,,,,,,,,,,,,,,,,,,,,,,,,,,,,,,,,,,,,,,,,,,,,,,,,,,,,,,,,,,,,,,,,,,,,,,,,,,,,,,,,,,,,,,,,,,,,,,,,,,,,,,,,,,,
07_02,07,02,f,11,04/08/21,03/21/22,a,n,9.33,9.33,73.9,74.0,31.0,31.0,.,.,w,2445484,2648294,,,,,,,,,,,,,,,,,,,,,,,,,,,,,,,,,,,,,,,,,,,,,,,,,,,,,,,,,,,,,,,,,,,,,,,,,,,,,,,,,,,,,,,,,,,,,,,,,,,,,,,,,,,,,,,,,,
07_02,07,02,f,11,04/08/21,03/21/22,a,n,9.33,9.33,73.9,74.0,31.0,31.0,.,.,w,2648294,2832642,4,m,,,,,,,,,,,,,,,,,,,,,,,,,,,,,,,,,,,,,,,,,,,,,,,,,,,,,,,,,,,,,,,,,,,,,,,,,,,,,,,,,,,,,,,,,,,,,,,,,,,,,,,,,,,,,,,,
07_03,07,03,f,17,04/08/21,08/25/22,a,n,10.12,10.11,79.4,.,34,34.5,34.5,.,w,478686,484874,1,r,1,r,1,r,,,,,,,,,,,,,,,,,,,,,,,,,,,,,,,,,,,,,,,,,,,,,,,,,,,,,,,,,,,,,,,,,,,,,,,,,,,,,,,,,,,,,,,,,,,,,,,,,,,,,,,,,,,,
07_03,07,03,f,17,04/08/21,08/25/22,a,n,10.12,10.11,79.4,.,34,34.5,34.5,.,w,484874,484875,1,r,1,r,1,r,1,r,,,,,,,,,,,,,,,,,,1,y,.,.,.,.,p,.,.,.,.,.,.,.,.,.,.,,,,,,,,,,,,,,,,,,,,,,,,,,,,,,,,,,,,,,,,,,,,,,,,,,,,,,,,,,,,,,,,,,,,,,,,
07_03,07,03,f,17,04/08/21,08/25/22,a,n,10.12,10.11,79.4,.,34,34.5,34.5,.,w,484875,491028,1,r,1,r,1,r,1,r,,,,,,,,,,,,,,,,,,,,,,,,,,,,,,,,,,,,,,,,,,,,,,,,,,,,,,,,,,,,,,,,,,,,,,,,,,,,,,,,,,,,,,,,,,,,,,,,,,,,,,,,,,
07_03,07,03,f,17,04/08/21,08/25/22,a,n,10.12,10.11,79.4,.,34,34.5,34.5,.,w,491028,491029,1,r,1,r,1,r,1,r,,,,,,,,,,,,,,,,,,2,y,.,.,.,.,d,.,.,.,.,.,.,.,.,.,.,,,,,,,,,,,,,,,,,,,,,,,,,,,,,,,,,,,,,,,,,,,,,,,,,,,,,,,,,,,,,,,,,,,,,,,,
07_03,07,03,f,17,04/08/21,08/25/22,a,n,10.12,10.11,79.4,.,34,34.5,34.5,.,w,491029,492626,1,r,1,r,1,r,,,,,,,,,,,,,,,,,,,,,,,,,,,,,,,,,,,,,,,,,,,,,,,,,,,,,,,,,,,,,,,,,,,,,,,,,,,,,,,,,,,,,,,,,,,,,,,,,,,,,,,,,,,,
07_03,07,03,f,17,04/08/21,08/25/22,a,n,10.12,10.11,79.4,.,34,34.5,34.5,.,w,492626,492627,1,r,1,r,1,r,2,pb,,,,,,,,,,,,,,,,,,3,y,.,.,.,.,p,.,.,.,.,.,.,.,.,.,.,,,,,,,,,,,,,,,,,,,,,,,,,,,,,,,,,,,,,,,,,,,,,,,,,,,,,,,,,,,,,,,,,,,,,,,,
07_03,07,03,f,17,04/08/21,08/25/22,a,n,10.12,10.11,79.4,.,34,34.5,34.5,.,w,492627,494394,1,r,1,r,1,r,2,pb,,,,,,,,,,,,,,,,,,,,,,,,,,,,,,,,,,,,,,,,,,,,,,,,,,,,,,,,,,,,,,,,,,,,,,,,,,,,,,,,,,,,,,,,,,,,,,,,,,,,,,,,,,
07_03,07,03,f,17,04/08/21,08/25/22,a,n,10.12,10.11,79.4,.,34,34.5,34.5,.,w,494394,494395,1,r,1,r,1,r,2,pb,,,,,,,,,,,,,,,,,,4,y,.,.,.,.,d,.,.,.,.,.,.,.,.,.,.,,,,,,,,,,,,,,,,,,,,,,,,,,,,,,,,,,,,,,,,,,,,,,,,,,,,,,,,,,,,,,,,,,,,,,,,
07_03,07,03,f,17,04/08/21,08/25/22,a,n,10.12,10.11,79.4,.,34,34.5,34.5,.,w,494395,498100,1,r,1,r,1,r,2,pb,,,,,,,,,,,,,,,,,,,,,,,,,,,,,,,,,,,,,,,,,,,,,,,,,,,,,,,,,,,,,,,,,,,,,,,,,,,,,,,,,,,,,,,,,,,,,,,,,,,,,,,,,,
07_03,07,03,f,17,04/08/21,08/25/22,a,n,10.12,10.11,79.4,.,34,34.5,34.5,.,w,498100,498101,1,r,1,r,1,r,2,pb,,,,,,,,,,,,,,,,,,5,y,.,.,.,.,p,.,.,.,.,.,.,.,.,.,.,,,,,,,,,,,,,,,,,,,,,,,,,,,,,,,,,,,,,,,,,,,,,,,,,,,,,,,,,,,,,,,,,,,,,,,,
07_03,07,03,f,17,04/08/21,08/25/22,a,n,10.12,10.11,79.4,.,34,34.5,34.5,.,w,498101,549134,1,r,1,r,1,r,2,pb,,,,,,,,,,,,,,,,,,,,,,,,,,,,,,,,,,,,,,,,,,,,,,,,,,,,,,,,,,,,,,,,,,,,,,,,,,,,,,,,,,,,,,,,,,,,,,,,,,,,,,,,,,
07_03,07,03,f,17,04/08/21,08/25/22,a,n,10.12,10.11,79.4,.,34,34.5,34.5,.,w,549134,549135,1,r,1,r,1,r,2,pb,,,,,,,,,,,,,,,,,,6,y,.,.,.,.,d,.,.,.,.,.,.,.,.,.,.,,,,,,,,,,,,,,,,,,,,,,,,,,,,,,,,,,,,,,,,,,,,,,,,,,,,,,,,,,,,,,,,,,,,,,,,
07_03,07,03,f,17,04/08/21,08/25/22,a,n,10.12,10.11,79.4,.,34,34.5,34.5,.,w,549135,551956,1,r,1,r,1,r,2,pb,,,,,,,,,,,,,,,,,,,,,,,,,,,,,,,,,,,,,,,,,,,,,,,,,,,,,,,,,,,,,,,,,,,,,,,,,,,,,,,,,,,,,,,,,,,,,,,,,,,,,,,,,,
07_03,07,03,f,17,04/08/21,08/25/22,a,n,10.12,10.11,79.4,.,34,34.5,34.5,.,w,551956,551957,1,r,1,r,1,r,2,pb,,,,,,,,,,,,,,,,,,7,y,.,.,.,.,p,.,.,.,.,.,.,.,.,.,.,,,,,,,,,,,,,,,,,,,,,,,,,,,,,,,,,,,,,,,,,,,,,,,,,,,,,,,,,,,,,,,,,,,,,,,,
07_03,07,03,f,17,04/08/21,08/25/22,a,n,10.12,10.11,79.4,.,34,34.5,34.5,.,w,551957,566372,1,r,1,r,1,r,2,pb,,,,,,,,,,,,,,,,,,,,,,,,,,,,,,,,,,,,,,,,,,,,,,,,,,,,,,,,,,,,,,,,,,,,,,,,,,,,,,,,,,,,,,,,,,,,,,,,,,,,,,,,,,
07_03,07,03,f,17,04/08/21,08/25/22,a,n,10.12,10.11,79.4,.,34,34.5,34.5,.,w,566372,566373,1,r,1,r,1,r,2,pb,,,,,,,,,,,,,,,,,,,,,,,,,,,,,,,,,,,1,rb,,,,,,,,,,,,,,,,,,81,y,.,.,.,.,p,.,.,.,.,.,.,.,.,.,.,,,,,,,,,,,,,,,,,,,,,,,,,,,,,,,,,,,,
07_03,07,03,f,17,04/08/21,08/25/22,a,n,10.12,10.11,79.4,.,34,34.5,34.5,.,w,566373,569092,1,r,1,r,1,r,2,pb,,,,,,,,,,,,,,,,,,,,,,,,,,,,,,,,,,,1,rb,,,,,,,,,,,,,,,,,,,,,,,,,,,,,,,,,,,,,,,,,,,,,,,,,,,,,,,,,,,,,,,,,,,,,,
07_03,07,03,f,17,04/08/21,08/25/22,a,n,10.12,10.11,79.4,.,34,34.5,34.5,.,w,569092,569093,1,r,1,r,1,r,2,pb,,,,,,,,,,,,,,,,,,,,,,,,,,,,,,,,,,,1,rb,,,,,,,,,,,,,,,,,,81,y,.,.,.,.,th,.,.,.,.,.,.,.,.,.,.,,,,,,,,,,,,,,,,,,,,,,,,,,,,,,,,,,,,
07_03,07,03,f,17,04/08/21,08/25/22,a,n,10.12,10.11,79.4,.,34,34.5,34.5,.,w,569093,572322,1,r,1,r,1,r,2,pb,,,,,,,,,,,,,,,,,,,,,,,,,,,,,,,,,,,,,,,,,,,,,,,,,,,,,,,,,,,,,,,,,,,,,,,,,,,,,,,,,,,,,,,,,,,,,,,,,,,,,,,,,,
07_03,07,03,f,17,04/08/21,08/25/22,a,n,10.12,10.11,79.4,.,34,34.5,34.5,.,w,572322,572323,1,r,1,r,1,r,2,pb,,,,,,,,,,,,,,,,,,8,y,.,.,.,.,p,.,.,.,.,.,.,.,.,.,.,,,,,,,,,,,,,,,,,,,,,,,,,,,,,,,,,,,,,,,,,,,,,,,,,,,,,,,,,,,,,,,,,,,,,,,,
07_03,07,03,f,17,04/08/21,08/25/22,a,n,10.12,10.11,79.4,.,34,34.5,34.5,.,w,572323,605438,1,r,1,r,1,r,2,pb,,,,,,,,,,,,,,,,,,,,,,,,,,,,,,,,,,,,,,,,,,,,,,,,,,,,,,,,,,,,,,,,,,,,,,,,,,,,,,,,,,,,,,,,,,,,,,,,,,,,,,,,,,
07_03,07,03,f,17,04/08/21,08/25/22,a,n,10.12,10.11,79.4,.,34,34.5,34.5,.,w,605438,605439,1,r,1,r,1,r,2,pb,,,,,,,,,,,,,,,,,,,,,,,,,,,,,,,,,,,2,rb,,,,,,,,,,,,,,,,,,81,y,.,.,.,.,p,.,.,.,.,.,.,.,.,.,.,,,,,,,,,,,,,,,,,,,,,,,,,,,,,,,,,,,,
07_03,07,03,f,17,04/08/21,08/25/22,a,n,10.12,10.11,79.4,.,34,34.5,34.5,.,w,605439,607682,1,r,1,r,1,r,2,pb,,,,,,,,,,,,,,,,,,,,,,,,,,,,,,,,,,,2,rb,,,,,,,,,,,,,,,,,,,,,,,,,,,,,,,,,,,,,,,,,,,,,,,,,,,,,,,,,,,,,,,,,,,,,,
07_03,07,03,f,17,04/08/21,08/25/22,a,n,10.12,10.11,79.4,.,34,34.5,34.5,.,w,607682,607683,1,r,1,r,1,r,2,pb,,,,,,,,,,,,,,,,,,,,,,,,,,,,,,,,,,,2,rb,,,,,,,,,,,,,,,,,,81,y,.,.,.,.,d,.,.,.,.,.,.,.,.,.,.,,,,,,,,,,,,,,,,,,,,,,,,,,,,,,,,,,,,
07_03,07,03,f,17,04/08/21,08/25/22,a,n,10.12,10.11,79.4,.,34,34.5,34.5,.,w,607683,609858,1,r,1,r,1,r,2,pb,,,,,,,,,,,,,,,,,,,,,,,,,,,,,,,,,,,,,,,,,,,,,,,,,,,,,,,,,,,,,,,,,,,,,,,,,,,,,,,,,,,,,,,,,,,,,,,,,,,,,,,,,,
07_03,07,03,f,17,04/08/21,08/25/22,a,n,10.12,10.11,79.4,.,34,34.5,34.5,.,w,609858,609859,1,r,1,r,1,r,2,pb,,,,,,,,,,,,,,,,,,,,,,,,,,,,,,,,,,,3,r,,,,,,,,,,,,,,,,,,81,y,.,.,.,.,p,.,.,.,.,.,.,.,.,.,.,,,,,,,,,,,,,,,,,,,,,,,,,,,,,,,,,,,,
07_03,07,03,f,17,04/08/21,08/25/22,a,n,10.12,10.11,79.4,.,34,34.5,34.5,.,w,609859,610640,1,r,1,r,1,r,2,pb,,,,,,,,,,,,,,,,,,,,,,,,,,,,,,,,,,,3,r,,,,,,,,,,,,,,,,,,,,,,,,,,,,,,,,,,,,,,,,,,,,,,,,,,,,,,,,,,,,,,,,,,,,,,
07_03,07,03,f,17,04/08/21,08/25/22,a,n,10.12,10.11,79.4,.,34,34.5,34.5,.,w,610640,610641,1,r,1,r,1,r,2,pb,,,,,,,,,,,,,,,,,,,,,,,,,,,,,,,,,,,3,r,,,,,,,,,,,,,,,,,,81,y,.,.,.,.,d,.,.,.,.,.,.,.,.,.,.,,,,,,,,,,,,,,,,,,,,,,,,,,,,,,,,,,,,
07_03,07,03,f,17,04/08/21,08/25/22,a,n,10.12,10.11,79.4,.,34,34.5,34.5,.,w,610641,611456,1,r,1,r,1,r,2,pb,,,,,,,,,,,,,,,,,,,,,,,,,,,,,,,,,,,3,r,,,,,,,,,,,,,,,,,,,,,,,,,,,,,,,,,,,,,,,,,,,,,,,,,,,,,,,,,,,,,,,,,,,,,,
07_03,07,03,f,17,04/08/21,08/25/22,a,n,10.12,10.11,79.4,.,34,34.5,34.5,.,w,611456,611457,1,r,1,r,1,r,2,pb,,,,,,,,,,,,,,,,,,,,,,,,,,,,,,,,,,,3,r,,,,,,,,,,,,,,,,,,81,y,.,.,.,.,p,.,.,.,.,.,.,.,.,.,.,,,,,,,,,,,,,,,,,,,,,,,,,,,,,,,,,,,,
07_03,07,03,f,17,04/08/21,08/25/22,a,n,10.12,10.11,79.4,.,34,34.5,34.5,.,w,611457,616726,1,r,1,r,1,r,2,pb,,,,,,,,,,,,,,,,,,,,,,,,,,,,,,,,,,,3,r,,,,,,,,,,,,,,,,,,,,,,,,,,,,,,,,,,,,,,,,,,,,,,,,,,,,,,,,,,,,,,,,,,,,,,
07_03,07,03,f,17,04/08/21,08/25/22,a,n,10.12,10.11,79.4,.,34,34.5,34.5,.,w,616726,616727,1,r,1,r,1,r,2,pb,,,,,,,,,,,,,,,,,,,,,,,,,,,,,,,,,,,3,r,,,,,,,,,,,,,,,,,,81,y,.,.,.,.,d,.,.,.,.,.,.,.,.,.,.,,,,,,,,,,,,,,,,,,,,,,,,,,,,,,,,,,,,
07_03,07,03,f,17,04/08/21,08/25/22,a,n,10.12,10.11,79.4,.,34,34.5,34.5,.,w,616727,618018,1,r,1,r,1,r,2,pb,,,,,,,,,,,,,,,,,,,,,,,,,,,,,,,,,,,3,r,,,,,,,,,,,,,,,,,,,,,,,,,,,,,,,,,,,,,,,,,,,,,,,,,,,,,,,,,,,,,,,,,,,,,,
07_03,07,03,f,17,04/08/21,08/25/22,a,n,10.12,10.11,79.4,.,34,34.5,34.5,.,w,618018,618019,1,r,1,r,1,r,2,pb,,,,,,,,,,,,,,,,,,,,,,,,,,,,,,,,,,,3,r,,,,,,,,,,,,,,,,,,81,y,.,.,.,.,p,.,.,.,.,.,.,.,.,.,.,,,,,,,,,,,,,,,,,,,,,,,,,,,,,,,,,,,,
07_03,07,03,f,17,04/08/21,08/25/22,a,n,10.12,10.11,79.4,.,34,34.5,34.5,.,w,618019,624172,1,r,1,r,1,r,2,pb,,,,,,,,,,,,,,,,,,,,,,,,,,,,,,,,,,,3,r,,,,,,,,,,,,,,,,,,,,,,,,,,,,,,,,,,,,,,,,,,,,,,,,,,,,,,,,,,,,,,,,,,,,,,
07_03,07,03,f,17,04/08/21,08/25/22,a,n,10.12,10.11,79.4,.,34,34.5,34.5,.,w,624172,624173,1,r,1,r,1,r,2,pb,,,,,,,,,,,,,,,,,,,,,,,,,,,,,,,,,,,3,r,,,,,,,,,,,,,,,,,,81,y,.,.,.,.,d,.,.,.,.,.,.,.,.,.,.,,,,,,,,,,,,,,,,,,,,,,,,,,,,,,,,,,,,
07_03,07,03,f,17,04/08/21,08/25/22,a,n,10.12,10.11,79.4,.,34,34.5,34.5,.,w,624173,624954,1,r,1,r,1,r,2,pb,,,,,,,,,,,,,,,,,,,,,,,,,,,,,,,,,,,,,,,,,,,,,,,,,,,,,,,,,,,,,,,,,,,,,,,,,,,,,,,,,,,,,,,,,,,,,,,,,,,,,,,,,,
07_03,07,03,f,17,04/08/21,08/25/22,a,n,10.12,10.11,79.4,.,34,34.5,34.5,.,w,624954,624955,1,r,1,r,1,r,2,pb,,,,,,,,,,,,,,,,,,9,y,.,.,.,.,p,.,.,.,.,.,.,.,.,.,.,,,,,,,,,,,,,,,,,,,,,,,,,,,,,,,,,,,,,,,,,,,,,,,,,,,,,,,,,,,,,,,,,,,,,,,,
07_03,07,03,f,17,04/08/21,08/25/22,a,n,10.12,10.11,79.4,.,34,34.5,34.5,.,w,624955,628422,1,r,1,r,1,r,2,pb,,,,,,,,,,,,,,,,,,,,,,,,,,,,,,,,,,,,,,,,,,,,,,,,,,,,,,,,,,,,,,,,,,,,,,,,,,,,,,,,,,,,,,,,,,,,,,,,,,,,,,,,,,
07_03,07,03,f,17,04/08/21,08/25/22,a,n,10.12,10.11,79.4,.,34,34.5,34.5,.,w,628422,628423,1,r,1,r,1,r,2,pb,,,,,,,,,,,,,,,,,,10,y,.,.,.,.,d,.,.,.,.,.,.,.,.,.,.,,,,,,,,,,,,,,,,,,,,,,,,,,,,,,,,,,,,,,,,,,,,,,,,,,,,,,,,,,,,,,,,,,,,,,,,
07_03,07,03,f,17,04/08/21,08/25/22,a,n,10.12,10.11,79.4,.,34,34.5,34.5,.,w,628423,632264,1,r,1,r,1,r,2,pb,,,,,,,,,,,,,,,,,,,,,,,,,,,,,,,,,,,,,,,,,,,,,,,,,,,,,,,,,,,,,,,,,,,,,,,,,,,,,,,,,,,,,,,,,,,,,,,,,,,,,,,,,,
07_03,07,03,f,17,04/08/21,08/25/22,a,n,10.12,10.11,79.4,.,34,34.5,34.5,.,w,632264,632265,1,r,1,r,1,r,2,pb,,,,,,,,,,,,,,,,,,11,y,.,.,.,.,p,.,.,.,.,.,.,.,.,.,.,,,,,,,,,,,,,,,,,,,,,,,,,,,,,,,,,,,,,,,,,,,,,,,,,,,,,,,,,,,,,,,,,,,,,,,,
07_03,07,03,f,17,04/08/21,08/25/22,a,n,10.12,10.11,79.4,.,34,34.5,34.5,.,w,632265,640390,1,r,1,r,1,r,2,pb,,,,,,,,,,,,,,,,,,,,,,,,,,,,,,,,,,,,,,,,,,,,,,,,,,,,,,,,,,,,,,,,,,,,,,,,,,,,,,,,,,,,,,,,,,,,,,,,,,,,,,,,,,
07_03,07,03,f,17,04/08/21,08/25/22,a,n,10.12,10.11,79.4,.,34,34.5,34.5,.,w,640390,640391,1,r,1,r,1,r,2,pb,,,,,,,,,,,,,,,,,,,,,,,,,,,,,,,,,,,4,g,,,,,,,,,,,,,,,,,,81,.,.,.,.,y,f,.,.,.,.,.,.,.,.,.,y,,,,,,,,,,,,,,,,,,,,,,,,,,,,,,,,,,,,
07_03,07,03,f,17,04/08/21,08/25/22,a,n,10.12,10.11,79.4,.,34,34.5,34.5,.,w,640391,641003,1,r,1,r,1,r,2,pb,,,,,,,,,,,,,,,,,,,,,,,,,,,,,,,,,,,4,g,,,,,,,,,,,,,,,,,,,,,,,,,,,,,,,,,,,,,,,,,,,,,,,,,,,,,,,,,,,,,,,,,,,,,,
07_03,07,03,f,17,04/08/21,08/25/22,a,n,10.12,10.11,79.4,.,34,34.5,34.5,.,w,641003,644912,1,r,1,r,1,r,2,pb,,,,,,,,,,,,,,,,,,,,,,,,,,,,,,,,,,,,,,,,,,,,,,,,,,,,,,,,,,,,,,,,,,,,,,,,,,,,,,,,,,,,,,,,,,,,,,,,,,,,,,,,,,
07_03,07,03,f,17,04/08/21,08/25/22,a,n,10.12,10.11,79.4,.,34,34.5,34.5,.,w,644912,644913,1,r,1,r,1,r,2,pb,,,,,,,,,,,,,,,,,,12,y,.,.,.,.,p,.,.,.,.,.,.,.,.,.,.,,,,,,,,,,,,,,,,,,,,,,,,,,,,,,,,,,,,,,,,,,,,,,,,,,,,,,,,,,,,,,,,,,,,,,,,
07_03,07,03,f,17,04/08/21,08/25/22,a,n,10.12,10.11,79.4,.,34,34.5,34.5,.,w,644913,668100,1,r,1,r,1,r,2,pb,,,,,,,,,,,,,,,,,,,,,,,,,,,,,,,,,,,,,,,,,,,,,,,,,,,,,,,,,,,,,,,,,,,,,,,,,,,,,,,,,,,,,,,,,,,,,,,,,,,,,,,,,,
07_03,07,03,f,17,04/08/21,08/25/22,a,n,10.12,10.11,79.4,.,34,34.5,34.5,.,w,668100,668747,1,r,1,r,1,r,2,pb,,,,,,,,,,,,,,,,,,,,,,,,,,,,,,,,,,,5,ca,81,y,.,.,.,.,pu,.,.,.,.,.,.,.,.,.,.,,,,,,,,,,,,,,,,,,,,,,,,,,,,,,,,,,,,,,,,,,,,,,,,,,,,,
07_03,07,03,f,17,04/08/21,08/25/22,a,n,10.12,10.11,79.4,.,34,34.5,34.5,.,w,668747,671364,1,r,1,r,1,r,2,pb,,,,,,,,,,,,,,,,,,,,,,,,,,,,,,,,,,,,,,,,,,,,,,,,,,,,,,,,,,,,,,,,,,,,,,,,,,,,,,,,,,,,,,,,,,,,,,,,,,,,,,,,,,
07_03,07,03,f,17,04/08/21,08/25/22,a,n,10.12,10.11,79.4,.,34,34.5,34.5,.,w,671364,671365,1,r,1,r,1,r,2,pb,,,,,,,,,,,,,,,,,,13,y,.,.,.,.,p,.,.,.,.,.,.,.,.,.,.,,,,,,,,,,,,,,,,,,,,,,,,,,,,,,,,,,,,,,,,,,,,,,,,,,,,,,,,,,,,,,,,,,,,,,,,
07_03,07,03,f,17,04/08/21,08/25/22,a,n,10.12,10.11,79.4,.,34,34.5,34.5,.,w,671365,701590,1,r,1,r,1,r,2,pb,,,,,,,,,,,,,,,,,,,,,,,,,,,,,,,,,,,,,,,,,,,,,,,,,,,,,,,,,,,,,,,,,,,,,,,,,,,,,,,,,,,,,,,,,,,,,,,,,,,,,,,,,,
07_03,07,03,f,17,04/08/21,08/25/22,a,n,10.12,10.11,79.4,.,34,34.5,34.5,.,w,701590,705500,1,r,1,r,1,r,2,pb,,,,,,,,,,,,,,,,,,,,,,,,,,,,,,,,,,,6,bu,,,,,,,,,,,,,,,,,,,,,,,,,,,,,,,,,,,,,,,,,,,,,,,,,,,,,,,,,,,,,,,,,,,,,,
07_03,07,03,f,17,04/08/21,08/25/22,a,n,10.12,10.11,79.4,.,34,34.5,34.5,.,w,705500,705501,1,r,1,r,1,r,2,pb,,,,,,,,,,,,,,,,,,,,,,,,,,,,,,,,,,,6,bu,,,,,,,,,,,,,,,,,,81,y,.,.,.,.,o,.,.,.,y,.,.,.,.,.,.,,,,,,,,,,,,,,,,,,,,,,,,,,,,,,,,,,,,
07_03,07,03,f,17,04/08/21,08/25/22,a,n,10.12,10.11,79.4,.,34,34.5,34.5,.,w,705501,708356,1,r,1,r,1,r,2,pb,,,,,,,,,,,,,,,,,,,,,,,,,,,,,,,,,,,6,bu,,,,,,,,,,,,,,,,,,,,,,,,,,,,,,,,,,,,,,,,,,,,,,,,,,,,,,,,,,,,,,,,,,,,,,
07_03,07,03,f,17,04/08/21,08/25/22,a,n,10.12,10.11,79.4,.,34,34.5,34.5,.,w,708356,708357,1,r,1,r,1,r,2,pb,,,,,,,,,,,,,,,,,,,,,,,,,,,,,,,,,,,6,bu,,,,,,,,,,,,,,,,,,81,y,.,.,.,.,d,.,.,.,.,.,.,.,.,.,.,,,,,,,,,,,,,,,,,,,,,,,,,,,,,,,,,,,,
07_03,07,03,f,17,04/08/21,08/25/22,a,n,10.12,10.11,79.4,.,34,34.5,34.5,.,w,708357,714986,1,r,1,r,1,r,2,pb,,,,,,,,,,,,,,,,,,,,,,,,,,,,,,,,,,,6,bu,,,,,,,,,,,,,,,,,,,,,,,,,,,,,,,,,,,,,,,,,,,,,,,,,,,,,,,,,,,,,,,,,,,,,,
07_03,07,03,f,17,04/08/21,08/25/22,a,n,10.12,10.11,79.4,.,34,34.5,34.5,.,w,714986,714987,1,r,1,r,1,r,2,pb,,,,,,,,,,,,,,,,,,,,,,,,,,,,,,,,,,,6,bu,,,,,,,,,,,,,,,,,,81,y,.,.,.,.,p,.,.,.,.,.,.,.,.,.,.,,,,,,,,,,,,,,,,,,,,,,,,,,,,,,,,,,,,
07_03,07,03,f,17,04/08/21,08/25/22,a,n,10.12,10.11,79.4,.,34,34.5,34.5,.,w,714987,716652,1,r,1,r,1,r,2,pb,,,,,,,,,,,,,,,,,,,,,,,,,,,,,,,,,,,6,bu,,,,,,,,,,,,,,,,,,,,,,,,,,,,,,,,,,,,,,,,,,,,,,,,,,,,,,,,,,,,,,,,,,,,,,
07_03,07,03,f,17,04/08/21,08/25/22,a,n,10.12,10.11,79.4,.,34,34.5,34.5,.,w,716652,716653,1,r,1,r,1,r,2,pb,,,,,,,,,,,,,,,,,,14,y,.,.,.,.,d,.,.,.,.,.,.,.,.,.,.,6,bu,,,,,,,,,,,,,,,,,,,,,,,,,,,,,,,,,,,,,,,,,,,,,,,,,,,,,,,,,,,,,,,,,,,,,,
07_03,07,03,f,17,04/08/21,08/25/22,a,n,10.12,10.11,79.4,.,34,34.5,34.5,.,w,716653,718590,1,r,1,r,1,r,,,,,,,,,,,,,,,,,,,,,,,,,,,,,,,,,,,,,6,bu,,,,,,,,,,,,,,,,,,,,,,,,,,,,,,,,,,,,,,,,,,,,,,,,,,,,,,,,,,,,,,,,,,,,,,
07_03,07,03,f,17,04/08/21,08/25/22,a,n,10.12,10.11,79.4,.,34,34.5,34.5,.,w,718590,718591,1,r,1,r,1,r,,,,,,,,,,,,,,,,,,,,,,,,,,,,,,,,,,,,,6,bu,,,,,,,,,,,,,,,,,,81,y,.,.,.,.,o,.,.,.,y,.,.,.,.,.,.,,,,,,,,,,,,,,,,,,,,,,,,,,,,,,,,,,,,
07_03,07,03,f,17,04/08/21,08/25/22,a,n,10.12,10.11,79.4,.,34,34.5,34.5,.,w,718591,722908,1,r,1,r,1,r,,,,,,,,,,,,,,,,,,,,,,,,,,,,,,,,,,,,,6,bu,,,,,,,,,,,,,,,,,,,,,,,,,,,,,,,,,,,,,,,,,,,,,,,,,,,,,,,,,,,,,,,,,,,,,,
07_03,07,03,f,17,04/08/21,08/25/22,a,n,10.12,10.11,79.4,.,34,34.5,34.5,.,w,722908,722909,1,r,1,r,1,r,,,,,,,,,,,,,,,,,,,,,,,,,,,,,,,,,,,,,6,bu,,,,,,,,,,,,,,,,,,81,y,.,.,.,.,d,.,.,.,.,.,.,.,.,.,.,,,,,,,,,,,,,,,,,,,,,,,,,,,,,,,,,,,,
07_03,07,03,f,17,04/08/21,08/25/22,a,n,10.12,10.11,79.4,.,34,34.5,34.5,.,w,722909,727566,1,r,1,r,1,r,,,,,,,,,,,,,,,,,,,,,,,,,,,,,,,,,,,,,6,bu,,,,,,,,,,,,,,,,,,,,,,,,,,,,,,,,,,,,,,,,,,,,,,,,,,,,,,,,,,,,,,,,,,,,,,
07_03,07,03,f,17,04/08/21,08/25/22,a,n,10.12,10.11,79.4,.,34,34.5,34.5,.,w,727566,727567,1,r,1,r,1,r,,,,,,,,,,,,,,,,,,,,,,,,,,,,,,,,,,,,,6,bu,,,,,,,,,,,,,,,,,,81,y,.,.,.,.,o,.,.,.,y,.,.,.,.,.,.,,,,,,,,,,,,,,,,,,,,,,,,,,,,,,,,,,,,
07_03,07,03,f,17,04/08/21,08/25/22,a,n,10.12,10.11,79.4,.,34,34.5,34.5,.,w,727567,728143,1,r,1,r,1,r,,,,,,,,,,,,,,,,,,,,,,,,,,,,,,,,,,,,,6,bu,,,,,,,,,,,,,,,,,,,,,,,,,,,,,,,,,,,,,,,,,,,,,,,,,,,,,,,,,,,,,,,,,,,,,,
07_03,07,03,f,17,04/08/21,08/25/22,a,n,10.12,10.11,79.4,.,34,34.5,34.5,.,w,728143,728144,1,r,1,r,1,r,,,,,,,,,,,,,,,,,,,,,,,,,,,,,,,,,,,,,6,bu,,,,,,,,,,,,,,,,,,81,y,.,.,.,.,d,.,.,.,.,.,.,.,.,.,.,,,,,,,,,,,,,,,,,,,,,,,,,,,,,,,,,,,,
07_03,07,03,f,17,04/08/21,08/25/22,a,n,10.12,10.11,79.4,.,34,34.5,34.5,.,w,728144,732224,1,r,1,r,1,r,,,,,,,,,,,,,,,,,,,,,,,,,,,,,,,,,,,,,6,bu,,,,,,,,,,,,,,,,,,,,,,,,,,,,,,,,,,,,,,,,,,,,,,,,,,,,,,,,,,,,,,,,,,,,,,
07_03,07,03,f,17,04/08/21,08/25/22,a,n,10.12,10.11,79.4,.,34,34.5,34.5,.,w,732224,732225,1,r,1,r,1,r,,,,,,,,,,,,,,,,,,,,,,,,,,,,,,,,,,,,,6,bu,,,,,,,,,,,,,,,,,,81,y,.,.,.,.,o,.,.,.,y,.,.,.,.,.,.,,,,,,,,,,,,,,,,,,,,,,,,,,,,,,,,,,,,
07_03,07,03,f,17,04/08/21,08/25/22,a,n,10.12,10.11,79.4,.,34,34.5,34.5,.,w,732225,733346,1,r,1,r,1,r,,,,,,,,,,,,,,,,,,,,,,,,,,,,,,,,,,,,,6,bu,,,,,,,,,,,,,,,,,,,,,,,,,,,,,,,,,,,,,,,,,,,,,,,,,,,,,,,,,,,,,,,,,,,,,,
07_03,07,03,f,17,04/08/21,08/25/22,a,n,10.12,10.11,79.4,.,34,34.5,34.5,.,w,733346,733347,1,r,1,r,1,r,,,,,,,,,,,,,,,,,,,,,,,,,,,,,,,,,,,,,6,bu,,,,,,,,,,,,,,,,,,81,y,.,.,.,.,d,.,.,.,.,.,.,.,.,.,.,,,,,,,,,,,,,,,,,,,,,,,,,,,,,,,,,,,,
07_03,07,03,f,17,04/08/21,08/25/22,a,n,10.12,10.11,79.4,.,34,34.5,34.5,.,w,733347,738242,1,r,1,r,1,r,,,,,,,,,,,,,,,,,,,,,,,,,,,,,,,,,,,,,6,bu,,,,,,,,,,,,,,,,,,,,,,,,,,,,,,,,,,,,,,,,,,,,,,,,,,,,,,,,,,,,,,,,,,,,,,
07_03,07,03,f,17,04/08/21,08/25/22,a,n,10.12,10.11,79.4,.,34,34.5,34.5,.,w,738242,738243,1,r,1,r,1,r,,,,,,,,,,,,,,,,,,,,,,,,,,,,,,,,,,,,,6,bu,,,,,,,,,,,,,,,,,,81,y,.,.,.,.,o,.,.,.,y,.,.,.,.,.,.,,,,,,,,,,,,,,,,,,,,,,,,,,,,,,,,,,,,
07_03,07,03,f,17,04/08/21,08/25/22,a,n,10.12,10.11,79.4,.,34,34.5,34.5,.,w,738243,739330,1,r,1,r,1,r,,,,,,,,,,,,,,,,,,,,,,,,,,,,,,,,,,,,,6,bu,,,,,,,,,,,,,,,,,,,,,,,,,,,,,,,,,,,,,,,,,,,,,,,,,,,,,,,,,,,,,,,,,,,,,,
07_03,07,03,f,17,04/08/21,08/25/22,a,n,10.12,10.11,79.4,.,34,34.5,34.5,.,w,739330,739331,1,r,1,r,1,r,,,,,,,,,,,,,,,,,,,,,,,,,,,,,,,,,,,,,6,bu,,,,,,,,,,,,,,,,,,81,y,.,.,.,.,d,.,.,.,.,.,.,.,.,.,.,,,,,,,,,,,,,,,,,,,,,,,,,,,,,,,,,,,,
07_03,07,03,f,17,04/08/21,08/25/22,a,n,10.12,10.11,79.4,.,34,34.5,34.5,.,w,739331,741982,1,r,1,r,1,r,,,,,,,,,,,,,,,,,,,,,,,,,,,,,,,,,,,,,6,bu,,,,,,,,,,,,,,,,,,,,,,,,,,,,,,,,,,,,,,,,,,,,,,,,,,,,,,,,,,,,,,,,,,,,,,
07_03,07,03,f,17,04/08/21,08/25/22,a,n,10.12,10.11,79.4,.,34,34.5,34.5,.,w,741982,741983,1,r,1,r,1,r,,,,,,,,,,,,,,,,,,,,,,,,,,,,,,,,,,,,,6,bu,,,,,,,,,,,,,,,,,,81,y,.,.,.,.,o,.,.,.,y,.,.,.,.,.,.,,,,,,,,,,,,,,,,,,,,,,,,,,,,,,,,,,,,
07_03,07,03,f,17,04/08/21,08/25/22,a,n,10.12,10.11,79.4,.,34,34.5,34.5,.,w,741983,744124,1,r,1,r,1,r,,,,,,,,,,,,,,,,,,,,,,,,,,,,,,,,,,,,,6,bu,,,,,,,,,,,,,,,,,,,,,,,,,,,,,,,,,,,,,,,,,,,,,,,,,,,,,,,,,,,,,,,,,,,,,,
07_03,07,03,f,17,04/08/21,08/25/22,a,n,10.12,10.11,79.4,.,34,34.5,34.5,.,w,744124,744125,1,r,1,r,1,r,,,,,,,,,,,,,,,,,,,,,,,,,,,,,,,,,,,,,6,bu,,,,,,,,,,,,,,,,,,81,y,.,.,.,.,d,.,.,.,.,.,.,.,.,.,.,,,,,,,,,,,,,,,,,,,,,,,,,,,,,,,,,,,,
07_03,07,03,f,17,04/08/21,08/25/22,a,n,10.12,10.11,79.4,.,34,34.5,34.5,.,w,744125,748374,1,r,1,r,1,r,,,,,,,,,,,,,,,,,,,,,,,,,,,,,,,,,,,,,6,bu,,,,,,,,,,,,,,,,,,,,,,,,,,,,,,,,,,,,,,,,,,,,,,,,,,,,,,,,,,,,,,,,,,,,,,
07_03,07,03,f,17,04/08/21,08/25/22,a,n,10.12,10.11,79.4,.,34,34.5,34.5,.,w,748374,748375,1,r,1,r,1,r,,,,,,,,,,,,,,,,,,,,,,,,,,,,,,,,,,,,,6,bu,,,,,,,,,,,,,,,,,,81,y,.,.,.,.,p,.,.,.,.,.,.,.,.,.,.,,,,,,,,,,,,,,,,,,,,,,,,,,,,,,,,,,,,
07_03,07,03,f,17,04/08/21,08/25/22,a,n,10.12,10.11,79.4,.,34,34.5,34.5,.,w,748375,749870,1,r,1,r,1,r,,,,,,,,,,,,,,,,,,,,,,,,,,,,,,,,,,,,,6,bu,,,,,,,,,,,,,,,,,,,,,,,,,,,,,,,,,,,,,,,,,,,,,,,,,,,,,,,,,,,,,,,,,,,,,,
07_03,07,03,f,17,04/08/21,08/25/22,a,n,10.12,10.11,79.4,.,34,34.5,34.5,.,w,749870,749871,1,r,1,r,1,r,,,,,,,,,,,,,,,,,,,,,,,,,,,,,,,,,,,,,6,bu,,,,,,,,,,,,,,,,,,81,y,.,.,.,.,d,.,.,.,.,.,.,.,.,.,.,,,,,,,,,,,,,,,,,,,,,,,,,,,,,,,,,,,,
07_03,07,03,f,17,04/08/21,08/25/22,a,n,10.12,10.11,79.4,.,34,34.5,34.5,.,w,749871,751468,1,r,1,r,1,r,,,,,,,,,,,,,,,,,,,,,,,,,,,,,,,,,,,,,6,bu,,,,,,,,,,,,,,,,,,,,,,,,,,,,,,,,,,,,,,,,,,,,,,,,,,,,,,,,,,,,,,,,,,,,,,
07_03,07,03,f,17,04/08/21,08/25/22,a,n,10.12,10.11,79.4,.,34,34.5,34.5,.,w,751468,751469,1,r,1,r,1,r,,,,,,,,,,,,,,,,,,,,,,,,,,,,,,,,,,,,,6,bu,,,,,,,,,,,,,,,,,,81,y,.,.,.,.,p,.,.,.,.,.,.,.,.,.,.,,,,,,,,,,,,,,,,,,,,,,,,,,,,,,,,,,,,
07_03,07,03,f,17,04/08/21,08/25/22,a,n,10.12,10.11,79.4,.,34,34.5,34.5,.,w,751469,754494,1,r,1,r,1,r,,,,,,,,,,,,,,,,,,,,,,,,,,,,,,,,,,,,,6,bu,,,,,,,,,,,,,,,,,,,,,,,,,,,,,,,,,,,,,,,,,,,,,,,,,,,,,,,,,,,,,,,,,,,,,,
07_03,07,03,f,17,04/08/21,08/25/22,a,n,10.12,10.11,79.4,.,34,34.5,34.5,.,w,754494,754495,1,r,1,r,1,r,,,,,,,,,,,,,,,,,,,,,,,,,,,,,,,,,,,,,6,bu,,,,,,,,,,,,,,,,,,81,y,.,.,.,.,d,.,.,.,.,.,.,.,.,.,.,,,,,,,,,,,,,,,,,,,,,,,,,,,,,,,,,,,,
07_03,07,03,f,17,04/08/21,08/25/22,a,n,10.12,10.11,79.4,.,34,34.5,34.5,.,w,754495,760648,1,r,1,r,1,r,,,,,,,,,,,,,,,,,,,,,,,,,,,,,,,,,,,,,6,bu,,,,,,,,,,,,,,,,,,,,,,,,,,,,,,,,,,,,,,,,,,,,,,,,,,,,,,,,,,,,,,,,,,,,,,
07_03,07,03,f,17,04/08/21,08/25/22,a,n,10.12,10.11,79.4,.,34,34.5,34.5,.,w,760648,760649,1,r,1,r,1,r,3,rb,,,,,,,,,,,,,,,,,,15,y,.,.,.,.,p,.,.,.,.,.,.,.,.,.,.,6,bu,,,,,,,,,,,,,,,,,,,,,,,,,,,,,,,,,,,,,,,,,,,,,,,,,,,,,,,,,,,,,,,,,,,,,,
07_03,07,03,f,17,04/08/21,08/25/22,a,n,10.12,10.11,79.4,.,34,34.5,34.5,.,w,760649,771392,1,r,1,r,1,r,3,rb,,,,,,,,,,,,,,,,,,,,,,,,,,,,,,,,,,,6,bu,,,,,,,,,,,,,,,,,,,,,,,,,,,,,,,,,,,,,,,,,,,,,,,,,,,,,,,,,,,,,,,,,,,,,,
07_03,07,03,f,17,04/08/21,08/25/22,a,n,10.12,10.11,79.4,.,34,34.5,34.5,.,w,771392,771393,1,r,1,r,1,r,3,rb,,,,,,,,,,,,,,,,,,16,y,.,.,.,.,s,.,.,.,.,.,.,.,.,.,.,6,bu,,,,,,,,,,,,,,,,,,,,,,,,,,,,,,,,,,,,,,,,,,,,,,,,,,,,,,,,,,,,,,,,,,,,,,
07_03,07,03,f,17,04/08/21,08/25/22,a,n,10.12,10.11,79.4,.,34,34.5,34.5,.,w,771393,777002,1,r,1,r,1,r,3,rb,,,,,,,,,,,,,,,,,,,,,,,,,,,,,,,,,,,6,bu,,,,,,,,,,,,,,,,,,,,,,,,,,,,,,,,,,,,,,,,,,,,,,,,,,,,,,,,,,,,,,,,,,,,,,
07_03,07,03,f,17,04/08/21,08/25/22,a,n,10.12,10.11,79.4,.,34,34.5,34.5,.,w,777002,777003,1,r,1,r,1,r,3,rb,,,,,,,,,,,,,,,,,,17,y,.,.,.,.,d,.,.,.,.,.,.,.,.,.,.,6,bu,,,,,,,,,,,,,,,,,,,,,,,,,,,,,,,,,,,,,,,,,,,,,,,,,,,,,,,,,,,,,,,,,,,,,,
07_03,07,03,f,17,04/08/21,08/25/22,a,n,10.12,10.11,79.4,.,34,34.5,34.5,.,w,777003,780776,1,r,1,r,1,r,,,,,,,,,,,,,,,,,,,,,,,,,,,,,,,,,,,,,6,bu,,,,,,,,,,,,,,,,,,,,,,,,,,,,,,,,,,,,,,,,,,,,,,,,,,,,,,,,,,,,,,,,,,,,,,
07_03,07,03,f,17,04/08/21,08/25/22,a,n,10.12,10.11,79.4,.,34,34.5,34.5,.,w,780776,780912,1,r,1,r,1,r,4,pb,,,,,,,,,,,,,,,,,,,,,,,,,,,,,,,,,,,6,bu,,,,,,,,,,,,,,,,,,,,,,,,,,,,,,,,,,,,,,,,,,,,,,,,,,,,,,,,,,,,,,,,,,,,,,
07_03,07,03,f,17,04/08/21,08/25/22,a,n,10.12,10.11,79.4,.,34,34.5,34.5,.,w,780912,780913,1,r,1,r,1,r,4,pb,,,,,,,,,,,,,,,,,,,,,,,,,,,,,,,,,,,6,bu,,,,,,,,,,,,,,,,,,81,y,.,.,.,.,d,.,.,.,.,.,.,.,.,.,.,,,,,,,,,,,,,,,,,,,,,,,,,,,,,,,,,,,,
07_03,07,03,f,17,04/08/21,08/25/22,a,n,10.12,10.11,79.4,.,34,34.5,34.5,.,w,780913,782918,1,r,1,r,1,r,4,pb,,,,,,,,,,,,,,,,,,,,,,,,,,,,,,,,,,,,,,,,,,,,,,,,,,,,,,,,,,,,,,,,,,,,,,,,,,,,,,,,,,,,,,,,,,,,,,,,,,,,,,,,,,
07_03,07,03,f,17,04/08/21,08/25/22,a,n,10.12,10.11,79.4,.,34,34.5,34.5,.,w,782918,782919,1,r,1,r,1,r,4,pb,,,,,,,,,,,,,,,,,,18,y,.,.,.,.,p,.,.,.,.,.,.,.,.,.,.,,,,,,,,,,,,,,,,,,,,,,,,,,,,,,,,,,,,,,,,,,,,,,,,,,,,,,,,,,,,,,,,,,,,,,,,
07_03,07,03,f,17,04/08/21,08/25/22,a,n,10.12,10.11,79.4,.,34,34.5,34.5,.,w,782919,802468,1,r,1,r,1,r,4,pb,,,,,,,,,,,,,,,,,,,,,,,,,,,,,,,,,,,,,,,,,,,,,,,,,,,,,,,,,,,,,,,,,,,,,,,,,,,,,,,,,,,,,,,,,,,,,,,,,,,,,,,,,,
07_03,07,03,f,17,04/08/21,08/25/22,a,n,10.12,10.11,79.4,.,34,34.5,34.5,.,w,802468,802911,1,r,1,r,1,r,4,pb,,,,,,,,,,,,,,,,,,,,,,,,,,,,,,,,,,,7,p,81,.,.,.,.,y,pu,.,.,.,.,.,.,.,.,.,.,,,,,,,,,,,,,,,,,,,,,,,,,,,,,,,,,,,,,,,,,,,,,,,,,,,,,
07_03,07,03,f,17,04/08/21,08/25/22,a,n,10.12,10.11,79.4,.,34,34.5,34.5,.,w,802911,804032,1,r,1,r,1,r,4,pb,,,,,,,,,,,,,,,,,,,,,,,,,,,,,,,,,,,,,,,,,,,,,,,,,,,,,,,,,,,,,,,,,,,,,,,,,,,,,,,,,,,,,,,,,,,,,,,,,,,,,,,,,,
07_03,07,03,f,17,04/08/21,08/25/22,a,n,10.12,10.11,79.4,.,34,34.5,34.5,.,w,804032,804033,1,r,1,r,1,r,4,pb,,,,,,,,,,,,,,,,,,19,y,.,.,.,.,p,.,.,.,.,.,.,.,.,.,.,,,,,,,,,,,,,,,,,,,,,,,,,,,,,,,,,,,,,,,,,,,,,,,,,,,,,,,,,,,,,,,,,,,,,,,,
07_03,07,03,f,17,04/08/21,08/25/22,a,n,10.12,10.11,79.4,.,34,34.5,34.5,.,w,804033,805902,1,r,1,r,1,r,4,pb,,,,,,,,,,,,,,,,,,,,,,,,,,,,,,,,,,,,,,,,,,,,,,,,,,,,,,,,,,,,,,,,,,,,,,,,,,,,,,,,,,,,,,,,,,,,,,,,,,,,,,,,,,
07_03,07,03,f,17,04/08/21,08/25/22,a,n,10.12,10.11,79.4,.,34,34.5,34.5,.,w,805902,807534,1,r,1,r,1,r,4,pb,,,,,,,,,,,,,,,,,,,,,,,,,,,,,,,,,,,8,p,,,,,,,,,,,,,,,,,,,,,,,,,,,,,,,,,,,,,,,,,,,,,,,,,,,,,,,,,,,,,,,,,,,,,,
07_03,07,03,f,17,04/08/21,08/25/22,a,n,10.12,10.11,79.4,.,34,34.5,34.5,.,w,807534,807535,1,r,1,r,1,r,4,pb,,,,,,,,,,,,,,,,,,,,,,,,,,,,,,,,,,,8,p,,,,,,,,,,,,,,,,,,81,y,.,.,.,.,f,.,.,.,.,.,.,.,.,.,y,,,,,,,,,,,,,,,,,,,,,,,,,,,,,,,,,,,,
07_03,07,03,f,17,04/08/21,08/25/22,a,n,10.12,10.11,79.4,.,34,34.5,34.5,.,w,807535,809881,1,r,1,r,1,r,4,pb,,,,,,,,,,,,,,,,,,,,,,,,,,,,,,,,,,,8,p,,,,,,,,,,,,,,,,,,,,,,,,,,,,,,,,,,,,,,,,,,,,,,,,,,,,,,,,,,,,,,,,,,,,,,
07_03,07,03,f,17,04/08/21,08/25/22,a,n,10.12,10.11,79.4,.,34,34.5,34.5,.,w,809881,810322,1,r,1,r,1,r,4,pb,,,,,,,,,,,,,,,,,,,,,,,,,,,,,,,,,,,,,,,,,,,,,,,,,,,,,,,,,,,,,,,,,,,,,,,,,,,,,,,,,,,,,,,,,,,,,,,,,,,,,,,,,,
07_03,07,03,f,17,04/08/21,08/25/22,a,n,10.12,10.11,79.4,.,34,34.5,34.5,.,w,810322,810323,1,r,1,r,1,r,4,pb,,,,,,,,,,,,,,,,,,20,y,.,.,.,.,p,.,.,.,.,.,.,.,.,.,.,,,,,,,,,,,,,,,,,,,,,,,,,,,,,,,,,,,,,,,,,,,,,,,,,,,,,,,,,,,,,,,,,,,,,,,,
07_03,07,03,f,17,04/08/21,08/25/22,a,n,10.12,10.11,79.4,.,34,34.5,34.5,.,w,810323,834836,1,r,1,r,1,r,4,pb,,,,,,,,,,,,,,,,,,,,,,,,,,,,,,,,,,,,,,,,,,,,,,,,,,,,,,,,,,,,,,,,,,,,,,,,,,,,,,,,,,,,,,,,,,,,,,,,,,,,,,,,,,
07_03,07,03,f,17,04/08/21,08/25/22,a,n,10.12,10.11,79.4,.,34,34.5,34.5,.,w,834836,834837,1,r,1,r,1,r,4,pb,,,,,,,,,,,,,,,,,,,,,,,,,,,,,,,,,,,9,rb,,,,,,,,,,,,,,,,,,81,y,.,.,.,.,p,.,.,.,.,.,.,.,.,.,.,,,,,,,,,,,,,,,,,,,,,,,,,,,,,,,,,,,,
07_03,07,03,f,17,04/08/21,08/25/22,a,n,10.12,10.11,79.4,.,34,34.5,34.5,.,w,834837,835244,1,r,1,r,1,r,4,pb,,,,,,,,,,,,,,,,,,,,,,,,,,,,,,,,,,,9,rb,,,,,,,,,,,,,,,,,,,,,,,,,,,,,,,,,,,,,,,,,,,,,,,,,,,,,,,,,,,,,,,,,,,,,,
07_03,07,03,f,17,04/08/21,08/25/22,a,n,10.12,10.11,79.4,.,34,34.5,34.5,.,w,835244,835245,1,r,1,r,1,r,4,pb,,,,,,,,,,,,,,,,,,21,y,.,.,.,.,d,.,.,.,.,.,.,.,.,.,.,9,rb,,,,,,,,,,,,,,,,,,,,,,,,,,,,,,,,,,,,,,,,,,,,,,,,,,,,,,,,,,,,,,,,,,,,,,
07_03,07,03,f,17,04/08/21,08/25/22,a,n,10.12,10.11,79.4,.,34,34.5,34.5,.,w,835245,840106,1,r,1,r,1,r,,,,,,,,,,,,,,,,,,,,,,,,,,,,,,,,,,,,,9,rb,,,,,,,,,,,,,,,,,,,,,,,,,,,,,,,,,,,,,,,,,,,,,,,,,,,,,,,,,,,,,,,,,,,,,,
07_03,07,03,f,17,04/08/21,08/25/22,a,n,10.12,10.11,79.4,.,34,34.5,34.5,.,w,840106,840107,1,r,1,r,1,r,,,,,,,,,,,,,,,,,,,,,,,,,,,,,,,,,,,,,9,rb,,,,,,,,,,,,,,,,,,81,y,.,.,.,.,th,.,.,.,.,.,.,.,.,.,.,,,,,,,,,,,,,,,,,,,,,,,,,,,,,,,,,,,,
07_03,07,03,f,17,04/08/21,08/25/22,a,n,10.12,10.11,79.4,.,34,34.5,34.5,.,w,840107,847518,1,r,1,r,1,r,,,,,,,,,,,,,,,,,,,,,,,,,,,,,,,,,,,,,,,,,,,,,,,,,,,,,,,,,,,,,,,,,,,,,,,,,,,,,,,,,,,,,,,,,,,,,,,,,,,,,,,,,,,,
07_03,07,03,f,17,04/08/21,08/25/22,a,n,10.12,10.11,79.4,.,34,34.5,34.5,.,w,847518,847519,1,r,1,r,1,r,5,pb,,,,,,,,,,,,,,,,,,22,y,.,.,.,.,p,.,.,.,.,.,.,.,.,.,.,,,,,,,,,,,,,,,,,,,,,,,,,,,,,,,,,,,,,,,,,,,,,,,,,,,,,,,,,,,,,,,,,,,,,,,,
07_03,07,03,f,17,04/08/21,08/25/22,a,n,10.12,10.11,79.4,.,34,34.5,34.5,.,w,847519,853740,1,r,1,r,1,r,5,pb,,,,,,,,,,,,,,,,,,,,,,,,,,,,,,,,,,,,,,,,,,,,,,,,,,,,,,,,,,,,,,,,,,,,,,,,,,,,,,,,,,,,,,,,,,,,,,,,,,,,,,,,,,
07_03,07,03,f,17,04/08/21,08/25/22,a,n,10.12,10.11,79.4,.,34,34.5,34.5,.,w,853740,853741,1,r,1,r,1,r,5,pb,,,,,,,,,,,,,,,,,,,,,,,,,,,,,,,,,,,10,y,,,,,,,,,,,,,,,,,,81,y,.,.,.,.,p,.,.,.,.,.,.,.,.,.,.,,,,,,,,,,,,,,,,,,,,,,,,,,,,,,,,,,,,
07_03,07,03,f,17,04/08/21,08/25/22,a,n,10.12,10.11,79.4,.,34,34.5,34.5,.,w,853741,856120,1,r,1,r,1,r,5,pb,,,,,,,,,,,,,,,,,,,,,,,,,,,,,,,,,,,10,y,,,,,,,,,,,,,,,,,,,,,,,,,,,,,,,,,,,,,,,,,,,,,,,,,,,,,,,,,,,,,,,,,,,,,,
07_03,07,03,f,17,04/08/21,08/25/22,a,n,10.12,10.11,79.4,.,34,34.5,34.5,.,w,856120,856121,1,r,1,r,1,r,5,pb,,,,,,,,,,,,,,,,,,,,,,,,,,,,,,,,,,,10,y,,,,,,,,,,,,,,,,,,81,y,.,.,.,.,d,.,.,.,.,.,.,.,.,.,.,,,,,,,,,,,,,,,,,,,,,,,,,,,,,,,,,,,,
07_03,07,03,f,17,04/08/21,08/25/22,a,n,10.12,10.11,79.4,.,34,34.5,34.5,.,w,856121,857004,1,r,1,r,1,r,5,pb,,,,,,,,,,,,,,,,,,,,,,,,,,,,,,,,,,,,,,,,,,,,,,,,,,,,,,,,,,,,,,,,,,,,,,,,,,,,,,,,,,,,,,,,,,,,,,,,,,,,,,,,,,
07_03,07,03,f,17,04/08/21,08/25/22,a,n,10.12,10.11,79.4,.,34,34.5,34.5,.,w,857004,857005,1,r,1,r,1,r,5,pb,,,,,,,,,,,,,,,,,,23,y,.,.,.,.,p,.,.,.,.,.,.,.,.,.,.,,,,,,,,,,,,,,,,,,,,,,,,,,,,,,,,,,,,,,,,,,,,,,,,,,,,,,,,,,,,,,,,,,,,,,,,
07_03,07,03,f,17,04/08/21,08/25/22,a,n,10.12,10.11,79.4,.,34,34.5,34.5,.,w,857005,859214,1,r,1,r,1,r,5,pb,,,,,,,,,,,,,,,,,,,,,,,,,,,,,,,,,,,,,,,,,,,,,,,,,,,,,,,,,,,,,,,,,,,,,,,,,,,,,,,,,,,,,,,,,,,,,,,,,,,,,,,,,,
07_03,07,03,f,17,04/08/21,08/25/22,a,n,10.12,10.11,79.4,.,34,34.5,34.5,.,w,859214,859215,1,r,1,r,1,r,5,pb,,,,,,,,,,,,,,,,,,24,y,.,.,.,.,d,.,.,.,.,.,.,.,.,.,.,,,,,,,,,,,,,,,,,,,,,,,,,,,,,,,,,,,,,,,,,,,,,,,,,,,,,,,,,,,,,,,,,,,,,,,,
07_03,07,03,f,17,04/08/21,08/25/22,a,n,10.12,10.11,79.4,.,34,34.5,34.5,.,w,859215,862274,1,r,1,r,1,r,,,,,,,,,,,,,,,,,,,,,,,,,,,,,,,,,,,,,,,,,,,,,,,,,,,,,,,,,,,,,,,,,,,,,,,,,,,,,,,,,,,,,,,,,,,,,,,,,,,,,,,,,,,,
07_03,07,03,f,17,04/08/21,08/25/22,a,n,10.12,10.11,79.4,.,34,34.5,34.5,.,w,862274,863566,1,r,1,r,1,r,6,pb,,,,,,,,,,,,,,,,,,,,,,,,,,,,,,,,,,,,,,,,,,,,,,,,,,,,,,,,,,,,,,,,,,,,,,,,,,,,,,,,,,,,,,,,,,,,,,,,,,,,,,,,,,
07_03,07,03,f,17,04/08/21,08/25/22,a,n,10.12,10.11,79.4,.,34,34.5,34.5,.,w,863566,863567,1,r,1,r,1,r,6,pb,,,,,,,,,,,,,,,,,,25,y,.,.,.,.,p,.,.,.,.,.,.,.,.,.,.,,,,,,,,,,,,,,,,,,,,,,,,,,,,,,,,,,,,,,,,,,,,,,,,,,,,,,,,,,,,,,,,,,,,,,,,
07_03,07,03,f,17,04/08/21,08/25/22,a,n,10.12,10.11,79.4,.,34,34.5,34.5,.,w,863567,871964,1,r,1,r,1,r,6,pb,,,,,,,,,,,,,,,,,,,,,,,,,,,,,,,,,,,,,,,,,,,,,,,,,,,,,,,,,,,,,,,,,,,,,,,,,,,,,,,,,,,,,,,,,,,,,,,,,,,,,,,,,,
07_03,07,03,f,17,04/08/21,08/25/22,a,n,10.12,10.11,79.4,.,34,34.5,34.5,.,w,871964,871965,1,r,1,r,1,r,6,pb,,,,,,,,,,,,,,,,,,26,y,.,.,.,.,p,.,.,.,.,.,.,.,.,.,.,,,,,,,,,,,,,,,,,,,,,,,,,,,,,,,,,,,,,,,,,,,,,,,,,,,,,,,,,,,,,,,,,,,,,,,,
07_03,07,03,f,17,04/08/21,08/25/22,a,n,10.12,10.11,79.4,.,34,34.5,34.5,.,w,871965,873562,1,r,1,r,1,r,6,pb,,,,,,,,,,,,,,,,,,,,,,,,,,,,,,,,,,,,,,,,,,,,,,,,,,,,,,,,,,,,,,,,,,,,,,,,,,,,,,,,,,,,,,,,,,,,,,,,,,,,,,,,,,
07_03,07,03,f,17,04/08/21,08/25/22,a,n,10.12,10.11,79.4,.,34,34.5,34.5,.,w,873562,874515,1,r,1,r,1,r,6,pb,27,y,.,.,.,.,s,.,.,.,.,.,.,.,.,.,.,,,,,,,,,,,,,,,,,,,,,,,,,,,,,,,,,,,,,,,,,,,,,,,,,,,,,,,,,,,,,,,,,,,,,,,,,,,,,,,,,,,,,,,,,
07_03,07,03,f,17,04/08/21,08/25/22,a,n,10.12,10.11,79.4,.,34,34.5,34.5,.,w,874515,875262,1,r,1,r,1,r,6,pb,,,,,,,,,,,,,,,,,,,,,,,,,,,,,,,,,,,,,,,,,,,,,,,,,,,,,,,,,,,,,,,,,,,,,,,,,,,,,,,,,,,,,,,,,,,,,,,,,,,,,,,,,,
07_03,07,03,f,17,04/08/21,08/25/22,a,n,10.12,10.11,79.4,.,34,34.5,34.5,.,w,875262,875263,1,r,1,r,1,r,6,pb,,,,,,,,,,,,,,,,,,28,y,.,.,.,.,d,.,.,.,.,.,.,.,.,.,.,,,,,,,,,,,,,,,,,,,,,,,,,,,,,,,,,,,,,,,,,,,,,,,,,,,,,,,,,,,,,,,,,,,,,,,,
07_03,07,03,f,17,04/08/21,08/25/22,a,n,10.12,10.11,79.4,.,34,34.5,34.5,.,w,875263,876010,1,r,1,r,1,r,6,pb,,,,,,,,,,,,,,,,,,,,,,,,,,,,,,,,,,,,,,,,,,,,,,,,,,,,,,,,,,,,,,,,,,,,,,,,,,,,,,,,,,,,,,,,,,,,,,,,,,,,,,,,,,
07_03,07,03,f,17,04/08/21,08/25/22,a,n,10.12,10.11,79.4,.,34,34.5,34.5,.,w,876010,876691,1,r,1,r,1,r,6,pb,29,y,.,.,.,.,pu,.,.,.,.,.,.,.,.,.,.,,,,,,,,,,,,,,,,,,,,,,,,,,,,,,,,,,,,,,,,,,,,,,,,,,,,,,,,,,,,,,,,,,,,,,,,,,,,,,,,,,,,,,,,,
07_03,07,03,f,17,04/08/21,08/25/22,a,n,10.12,10.11,79.4,.,34,34.5,34.5,.,w,876691,879273,1,r,1,r,1,r,6,pb,,,,,,,,,,,,,,,,,,,,,,,,,,,,,,,,,,,,,,,,,,,,,,,,,,,,,,,,,,,,,,,,,,,,,,,,,,,,,,,,,,,,,,,,,,,,,,,,,,,,,,,,,,
07_03,07,03,f,17,04/08/21,08/25/22,a,n,10.12,10.11,79.4,.,34,34.5,34.5,.,w,879273,879274,1,r,1,r,1,r,6,pb,,,,,,,,,,,,,,,,,,30,y,.,.,.,.,p,.,.,.,.,.,.,.,.,.,.,,,,,,,,,,,,,,,,,,,,,,,,,,,,,,,,,,,,,,,,,,,,,,,,,,,,,,,,,,,,,,,,,,,,,,,,
07_03,07,03,f,17,04/08/21,08/25/22,a,n,10.12,10.11,79.4,.,34,34.5,34.5,.,w,879274,880736,1,r,1,r,1,r,6,pb,,,,,,,,,,,,,,,,,,,,,,,,,,,,,,,,,,,,,,,,,,,,,,,,,,,,,,,,,,,,,,,,,,,,,,,,,,,,,,,,,,,,,,,,,,,,,,,,,,,,,,,,,,
07_03,07,03,f,17,04/08/21,08/25/22,a,n,10.12,10.11,79.4,.,34,34.5,34.5,.,w,880736,880737,1,r,1,r,1,r,6,pb,,,,,,,,,,,,,,,,,,31,y,.,.,.,.,p,.,.,.,.,.,.,.,.,.,.,,,,,,,,,,,,,,,,,,,,,,,,,,,,,,,,,,,,,,,,,,,,,,,,,,,,,,,,,,,,,,,,,,,,,,,,
07_03,07,03,f,17,04/08/21,08/25/22,a,n,10.12,10.11,79.4,.,34,34.5,34.5,.,w,880737,885326,1,r,1,r,1,r,6,pb,,,,,,,,,,,,,,,,,,,,,,,,,,,,,,,,,,,,,,,,,,,,,,,,,,,,,,,,,,,,,,,,,,,,,,,,,,,,,,,,,,,,,,,,,,,,,,,,,,,,,,,,,,
07_03,07,03,f,17,04/08/21,08/25/22,a,n,10.12,10.11,79.4,.,34,34.5,34.5,.,w,885326,885327,1,r,1,r,1,r,6,pb,,,,,,,,,,,,,,,,,,32,y,.,.,.,.,d,.,.,.,.,.,.,.,.,.,.,,,,,,,,,,,,,,,,,,,,,,,,,,,,,,,,,,,,,,,,,,,,,,,,,,,,,,,,,,,,,,,,,,,,,,,,
07_03,07,03,f,17,04/08/21,08/25/22,a,n,10.12,10.11,79.4,.,34,34.5,34.5,.,w,885327,888862,1,r,1,r,1,r,6,pb,,,,,,,,,,,,,,,,,,,,,,,,,,,,,,,,,,,,,,,,,,,,,,,,,,,,,,,,,,,,,,,,,,,,,,,,,,,,,,,,,,,,,,,,,,,,,,,,,,,,,,,,,,
07_03,07,03,f,17,04/08/21,08/25/22,a,n,10.12,10.11,79.4,.,34,34.5,34.5,.,w,888862,888863,1,r,1,r,1,r,6,pb,,,,,,,,,,,,,,,,,,33,y,.,.,.,.,p,.,.,.,.,.,.,.,.,.,.,,,,,,,,,,,,,,,,,,,,,,,,,,,,,,,,,,,,,,,,,,,,,,,,,,,,,,,,,,,,,,,,,,,,,,,,
07_03,07,03,f,17,04/08/21,08/25/22,a,n,10.12,10.11,79.4,.,34,34.5,34.5,.,w,888863,889270,1,r,1,r,1,r,6,pb,,,,,,,,,,,,,,,,,,,,,,,,,,,,,,,,,,,,,,,,,,,,,,,,,,,,,,,,,,,,,,,,,,,,,,,,,,,,,,,,,,,,,,,,,,,,,,,,,,,,,,,,,,
07_03,07,03,f,17,04/08/21,08/25/22,a,n,10.12,10.11,79.4,.,34,34.5,34.5,.,w,889270,889271,1,r,1,r,1,r,6,pb,,,,,,,,,,,,,,,,,,34,y,.,.,.,.,d,.,.,.,.,.,.,.,.,.,.,,,,,,,,,,,,,,,,,,,,,,,,,,,,,,,,,,,,,,,,,,,,,,,,,,,,,,,,,,,,,,,,,,,,,,,,
07_03,07,03,f,17,04/08/21,08/25/22,a,n,10.12,10.11,79.4,.,34,34.5,34.5,.,w,889271,891480,1,r,1,r,1,r,,,,,,,,,,,,,,,,,,,,,,,,,,,,,,,,,,,,,,,,,,,,,,,,,,,,,,,,,,,,,,,,,,,,,,,,,,,,,,,,,,,,,,,,,,,,,,,,,,,,,,,,,,,,
07_03,07,03,f,17,04/08/21,08/25/22,a,n,10.12,10.11,79.4,.,34,34.5,34.5,.,w,891480,900219,1,r,1,r,1,r,7,ca,35,y,.,.,.,.,pu,.,.,.,.,.,.,.,.,.,.,,,,,,,,,,,,,,,,,,,,,,,,,,,,,,,,,,,,,,,,,,,,,,,,,,,,,,,,,,,,,,,,,,,,,,,,,,,,,,,,,,,,,,,,,
07_03,07,03,f,17,04/08/21,08/25/22,a,n,10.12,10.11,79.4,.,34,34.5,34.5,.,w,900219,900220,1,r,1,r,1,r,7,ca,,,,,,,,,,,,,,,,,,36,y,.,.,.,.,p,.,.,.,.,.,.,.,.,.,.,,,,,,,,,,,,,,,,,,,,,,,,,,,,,,,,,,,,,,,,,,,,,,,,,,,,,,,,,,,,,,,,,,,,,,,,
07_03,07,03,f,17,04/08/21,08/25/22,a,n,10.12,10.11,79.4,.,34,34.5,34.5,.,w,900220,903686,1,r,1,r,1,r,7,ca,,,,,,,,,,,,,,,,,,,,,,,,,,,,,,,,,,,,,,,,,,,,,,,,,,,,,,,,,,,,,,,,,,,,,,,,,,,,,,,,,,,,,,,,,,,,,,,,,,,,,,,,,,
07_03,07,03,f,17,04/08/21,08/25/22,a,n,10.12,10.11,79.4,.,34,34.5,34.5,.,w,903686,903687,1,r,1,r,1,r,7,ca,,,,,,,,,,,,,,,,,,37,y,.,.,.,.,d,.,.,.,.,.,.,.,.,.,.,,,,,,,,,,,,,,,,,,,,,,,,,,,,,,,,,,,,,,,,,,,,,,,,,,,,,,,,,,,,,,,,,,,,,,,,
07_03,07,03,f,17,04/08/21,08/25/22,a,n,10.12,10.11,79.4,.,34,34.5,34.5,.,w,903687,906848,1,r,1,r,1,r,,,,,,,,,,,,,,,,,,,,,,,,,,,,,,,,,,,,,,,,,,,,,,,,,,,,,,,,,,,,,,,,,,,,,,,,,,,,,,,,,,,,,,,,,,,,,,,,,,,,,,,,,,,,
07_03,07,03,f,17,04/08/21,08/25/22,a,n,10.12,10.11,79.4,.,34,34.5,34.5,.,w,906848,908106,1,r,1,r,1,r,8,pb,,,,,,,,,,,,,,,,,,,,,,,,,,,,,,,,,,,,,,,,,,,,,,,,,,,,,,,,,,,,,,,,,,,,,,,,,,,,,,,,,,,,,,,,,,,,,,,,,,,,,,,,,,
07_03,07,03,f,17,04/08/21,08/25/22,a,n,10.12,10.11,79.4,.,34,34.5,34.5,.,w,908106,908107,1,r,1,r,1,r,8,pb,,,,,,,,,,,,,,,,,,38,y,.,.,.,.,p,.,.,.,.,.,.,.,.,.,.,,,,,,,,,,,,,,,,,,,,,,,,,,,,,,,,,,,,,,,,,,,,,,,,,,,,,,,,,,,,,,,,,,,,,,,,
07_03,07,03,f,17,04/08/21,08/25/22,a,n,10.12,10.11,79.4,.,34,34.5,34.5,.,w,908107,923882,1,r,1,r,1,r,8,pb,,,,,,,,,,,,,,,,,,,,,,,,,,,,,,,,,,,,,,,,,,,,,,,,,,,,,,,,,,,,,,,,,,,,,,,,,,,,,,,,,,,,,,,,,,,,,,,,,,,,,,,,,,
07_03,07,03,f,17,04/08/21,08/25/22,a,n,10.12,10.11,79.4,.,34,34.5,34.5,.,w,923882,923883,1,r,1,r,1,r,8,pb,,,,,,,,,,,,,,,,,,39,y,.,.,.,.,d,.,.,.,.,.,.,.,.,.,.,,,,,,,,,,,,,,,,,,,,,,,,,,,,,,,,,,,,,,,,,,,,,,,,,,,,,,,,,,,,,,,,,,,,,,,,
07_03,07,03,f,17,04/08/21,08/25/22,a,n,10.12,10.11,79.4,.,34,34.5,34.5,.,w,923883,926772,1,r,1,r,1,r,,,,,,,,,,,,,,,,,,,,,,,,,,,,,,,,,,,,,,,,,,,,,,,,,,,,,,,,,,,,,,,,,,,,,,,,,,,,,,,,,,,,,,,,,,,,,,,,,,,,,,,,,,,,
07_03,07,03,f,17,04/08/21,08/25/22,a,n,10.12,10.11,79.4,.,34,34.5,34.5,.,w,926772,926773,1,r,1,r,1,r,9,bu,,,,,,,,,,,,,,,,,,40,y,.,.,.,.,p,.,.,.,.,.,.,.,.,.,.,,,,,,,,,,,,,,,,,,,,,,,,,,,,,,,,,,,,,,,,,,,,,,,,,,,,,,,,,,,,,,,,,,,,,,,,
07_03,07,03,f,17,04/08/21,08/25/22,a,n,10.12,10.11,79.4,.,34,34.5,34.5,.,w,926773,930172,1,r,1,r,1,r,9,bu,,,,,,,,,,,,,,,,,,,,,,,,,,,,,,,,,,,,,,,,,,,,,,,,,,,,,,,,,,,,,,,,,,,,,,,,,,,,,,,,,,,,,,,,,,,,,,,,,,,,,,,,,,
07_03,07,03,f,17,04/08/21,08/25/22,a,n,10.12,10.11,79.4,.,34,34.5,34.5,.,w,930172,930173,1,r,1,r,1,r,9,bu,,,,,,,,,,,,,,,,,,41,y,.,.,.,.,d,.,.,.,.,.,.,.,.,.,.,,,,,,,,,,,,,,,,,,,,,,,,,,,,,,,,,,,,,,,,,,,,,,,,,,,,,,,,,,,,,,,,,,,,,,,,
07_03,07,03,f,17,04/08/21,08/25/22,a,n,10.12,10.11,79.4,.,34,34.5,34.5,.,w,930173,934626,1,r,1,r,1,r,,,,,,,,,,,,,,,,,,,,,,,,,,,,,,,,,,,,,,,,,,,,,,,,,,,,,,,,,,,,,,,,,,,,,,,,,,,,,,,,,,,,,,,,,,,,,,,,,,,,,,,,,,,,
07_03,07,03,f,17,04/08/21,08/25/22,a,n,10.12,10.11,79.4,.,34,34.5,34.5,.,w,934626,934627,1,r,1,r,1,r,10,bu,,,,,,,,,,,,,,,,,,42,y,.,.,.,.,p,.,.,.,.,.,.,.,.,.,.,,,,,,,,,,,,,,,,,,,,,,,,,,,,,,,,,,,,,,,,,,,,,,,,,,,,,,,,,,,,,,,,,,,,,,,,
07_03,07,03,f,17,04/08/21,08/25/22,a,n,10.12,10.11,79.4,.,34,34.5,34.5,.,w,934627,936632,1,r,1,r,1,r,10,bu,,,,,,,,,,,,,,,,,,,,,,,,,,,,,,,,,,,,,,,,,,,,,,,,,,,,,,,,,,,,,,,,,,,,,,,,,,,,,,,,,,,,,,,,,,,,,,,,,,,,,,,,,,
07_03,07,03,f,17,04/08/21,08/25/22,a,n,10.12,10.11,79.4,.,34,34.5,34.5,.,w,936632,936633,1,r,1,r,1,r,10,bu,,,,,,,,,,,,,,,,,,43,y,.,.,.,.,p,.,.,.,.,.,.,.,.,.,.,,,,,,,,,,,,,,,,,,,,,,,,,,,,,,,,,,,,,,,,,,,,,,,,,,,,,,,,,,,,,,,,,,,,,,,,
07_03,07,03,f,17,04/08/21,08/25/22,a,n,10.12,10.11,79.4,.,34,34.5,34.5,.,w,936633,937482,1,r,1,r,1,r,10,bu,,,,,,,,,,,,,,,,,,,,,,,,,,,,,,,,,,,,,,,,,,,,,,,,,,,,,,,,,,,,,,,,,,,,,,,,,,,,,,,,,,,,,,,,,,,,,,,,,,,,,,,,,,
07_03,07,03,f,17,04/08/21,08/25/22,a,n,10.12,10.11,79.4,.,34,34.5,34.5,.,w,937482,937483,1,r,1,r,1,r,10,bu,,,,,,,,,,,,,,,,,,44,y,.,.,.,.,d,.,.,.,.,.,.,.,.,.,.,,,,,,,,,,,,,,,,,,,,,,,,,,,,,,,,,,,,,,,,,,,,,,,,,,,,,,,,,,,,,,,,,,,,,,,,
07_03,07,03,f,17,04/08/21,08/25/22,a,n,10.12,10.11,79.4,.,34,34.5,34.5,.,w,937483,939726,1,r,1,r,1,r,10,bu,,,,,,,,,,,,,,,,,,,,,,,,,,,,,,,,,,,,,,,,,,,,,,,,,,,,,,,,,,,,,,,,,,,,,,,,,,,,,,,,,,,,,,,,,,,,,,,,,,,,,,,,,,
07_03,07,03,f,17,04/08/21,08/25/22,a,n,10.12,10.11,79.4,.,34,34.5,34.5,.,w,939726,939727,1,r,1,r,1,r,10,bu,,,,,,,,,,,,,,,,,,45,y,.,.,.,.,p,.,.,.,.,.,.,.,.,.,.,,,,,,,,,,,,,,,,,,,,,,,,,,,,,,,,,,,,,,,,,,,,,,,,,,,,,,,,,,,,,,,,,,,,,,,,
07_03,07,03,f,17,04/08/21,08/25/22,a,n,10.12,10.11,79.4,.,34,34.5,34.5,.,w,939727,939998,1,r,1,r,1,r,10,bu,,,,,,,,,,,,,,,,,,,,,,,,,,,,,,,,,,,,,,,,,,,,,,,,,,,,,,,,,,,,,,,,,,,,,,,,,,,,,,,,,,,,,,,,,,,,,,,,,,,,,,,,,,
07_03,07,03,f,17,04/08/21,08/25/22,a,n,10.12,10.11,79.4,.,34,34.5,34.5,.,w,939998,939999,1,r,1,r,1,r,10,bu,,,,,,,,,,,,,,,,,,46,y,.,.,.,.,d,.,.,.,.,.,.,.,.,.,.,,,,,,,,,,,,,,,,,,,,,,,,,,,,,,,,,,,,,,,,,,,,,,,,,,,,,,,,,,,,,,,,,,,,,,,,
07_03,07,03,f,17,04/08/21,08/25/22,a,n,10.12,10.11,79.4,.,34,34.5,34.5,.,w,939999,942922,1,r,1,r,1,r,10,bu,,,,,,,,,,,,,,,,,,,,,,,,,,,,,,,,,,,,,,,,,,,,,,,,,,,,,,,,,,,,,,,,,,,,,,,,,,,,,,,,,,,,,,,,,,,,,,,,,,,,,,,,,,
07_03,07,03,f,17,04/08/21,08/25/22,a,n,10.12,10.11,79.4,.,34,34.5,34.5,.,w,942922,942923,1,r,1,r,1,r,10,bu,,,,,,,,,,,,,,,,,,47,y,.,.,.,.,p,.,.,.,.,.,.,.,.,.,.,,,,,,,,,,,,,,,,,,,,,,,,,,,,,,,,,,,,,,,,,,,,,,,,,,,,,,,,,,,,,,,,,,,,,,,,
07_03,07,03,f,17,04/08/21,08/25/22,a,n,10.12,10.11,79.4,.,34,34.5,34.5,.,w,942923,951558,1,r,1,r,1,r,10,bu,,,,,,,,,,,,,,,,,,,,,,,,,,,,,,,,,,,,,,,,,,,,,,,,,,,,,,,,,,,,,,,,,,,,,,,,,,,,,,,,,,,,,,,,,,,,,,,,,,,,,,,,,,
07_03,07,03,f,17,04/08/21,08/25/22,a,n,10.12,10.11,79.4,.,34,34.5,34.5,.,w,951558,951559,1,r,1,r,1,r,10,bu,,,,,,,,,,,,,,,,,,48,y,.,.,.,.,d,.,.,.,.,.,.,.,.,.,.,,,,,,,,,,,,,,,,,,,,,,,,,,,,,,,,,,,,,,,,,,,,,,,,,,,,,,,,,,,,,,,,,,,,,,,,
07_03,07,03,f,17,04/08/21,08/25/22,a,n,10.12,10.11,79.4,.,34,34.5,34.5,.,w,951559,953700,1,r,1,r,1,r,10,bu,,,,,,,,,,,,,,,,,,,,,,,,,,,,,,,,,,,,,,,,,,,,,,,,,,,,,,,,,,,,,,,,,,,,,,,,,,,,,,,,,,,,,,,,,,,,,,,,,,,,,,,,,,
07_03,07,03,f,17,04/08/21,08/25/22,a,n,10.12,10.11,79.4,.,34,34.5,34.5,.,w,953700,954483,1,r,1,r,1,r,10,bu,49,y,.,.,.,.,pu,.,.,.,.,.,.,.,.,.,.,,,,,,,,,,,,,,,,,,,,,,,,,,,,,,,,,,,,,,,,,,,,,,,,,,,,,,,,,,,,,,,,,,,,,,,,,,,,,,,,,,,,,,,,,
07_03,07,03,f,17,04/08/21,08/25/22,a,n,10.12,10.11,79.4,.,34,34.5,34.5,.,w,954483,961145,1,r,1,r,1,r,10,bu,,,,,,,,,,,,,,,,,,,,,,,,,,,,,,,,,,,,,,,,,,,,,,,,,,,,,,,,,,,,,,,,,,,,,,,,,,,,,,,,,,,,,,,,,,,,,,,,,,,,,,,,,,
07_03,07,03,f,17,04/08/21,08/25/22,a,n,10.12,10.11,79.4,.,34,34.5,34.5,.,w,961145,961146,1,r,1,r,1,r,10,bu,,,,,,,,,,,,,,,,,,50,y,.,.,.,.,p,.,.,.,.,.,.,.,.,.,.,,,,,,,,,,,,,,,,,,,,,,,,,,,,,,,,,,,,,,,,,,,,,,,,,,,,,,,,,,,,,,,,,,,,,,,,
07_03,07,03,f,17,04/08/21,08/25/22,a,n,10.12,10.11,79.4,.,34,34.5,34.5,.,w,961146,963763,1,r,1,r,1,r,10,bu,,,,,,,,,,,,,,,,,,,,,,,,,,,,,,,,,,,,,,,,,,,,,,,,,,,,,,,,,,,,,,,,,,,,,,,,,,,,,,,,,,,,,,,,,,,,,,,,,,,,,,,,,,
07_03,07,03,f,17,04/08/21,08/25/22,a,n,10.12,10.11,79.4,.,34,34.5,34.5,.,w,963763,963764,1,r,1,r,1,r,10,bu,,,,,,,,,,,,,,,,,,51,y,.,.,.,.,d,.,.,.,.,.,.,.,.,.,.,,,,,,,,,,,,,,,,,,,,,,,,,,,,,,,,,,,,,,,,,,,,,,,,,,,,,,,,,,,,,,,,,,,,,,,,
07_03,07,03,f,17,04/08/21,08/25/22,a,n,10.12,10.11,79.4,.,34,34.5,34.5,.,w,963764,970802,1,r,1,r,1,r,10,bu,,,,,,,,,,,,,,,,,,,,,,,,,,,,,,,,,,,,,,,,,,,,,,,,,,,,,,,,,,,,,,,,,,,,,,,,,,,,,,,,,,,,,,,,,,,,,,,,,,,,,,,,,,
07_03,07,03,f,17,04/08/21,08/25/22,a,n,10.12,10.11,79.4,.,34,34.5,34.5,.,w,970802,970803,1,r,1,r,1,r,10,bu,,,,,,,,,,,,,,,,,,52,y,.,.,.,.,d,.,.,.,.,.,.,.,.,.,.,,,,,,,,,,,,,,,,,,,,,,,,,,,,,,,,,,,,,,,,,,,,,,,,,,,,,,,,,,,,,,,,,,,,,,,,
07_03,07,03,f,17,04/08/21,08/25/22,a,n,10.12,10.11,79.4,.,34,34.5,34.5,.,w,970803,976140,1,r,1,r,1,r,,,,,,,,,,,,,,,,,,,,,,,,,,,,,,,,,,,,,,,,,,,,,,,,,,,,,,,,,,,,,,,,,,,,,,,,,,,,,,,,,,,,,,,,,,,,,,,,,,,,,,,,,,,,
07_03,07,03,f,17,04/08/21,08/25/22,a,n,10.12,10.11,79.4,.,34,34.5,34.5,.,w,976140,976141,1,r,1,r,1,r,11,bu,,,,,,,,,,,,,,,,,,53,y,.,.,.,.,p,.,.,.,.,.,.,.,.,.,.,,,,,,,,,,,,,,,,,,,,,,,,,,,,,,,,,,,,,,,,,,,,,,,,,,,,,,,,,,,,,,,,,,,,,,,,
07_03,07,03,f,17,04/08/21,08/25/22,a,n,10.12,10.11,79.4,.,34,34.5,34.5,.,w,976141,977228,1,r,1,r,1,r,11,bu,,,,,,,,,,,,,,,,,,,,,,,,,,,,,,,,,,,,,,,,,,,,,,,,,,,,,,,,,,,,,,,,,,,,,,,,,,,,,,,,,,,,,,,,,,,,,,,,,,,,,,,,,,
07_03,07,03,f,17,04/08/21,08/25/22,a,n,10.12,10.11,79.4,.,34,34.5,34.5,.,w,977228,977229,1,r,1,r,1,r,11,bu,,,,,,,,,,,,,,,,,,54,y,.,.,.,.,th,.,.,.,.,.,.,.,.,.,.,,,,,,,,,,,,,,,,,,,,,,,,,,,,,,,,,,,,,,,,,,,,,,,,,,,,,,,,,,,,,,,,,,,,,,,,
07_03,07,03,f,17,04/08/21,08/25/22,a,n,10.12,10.11,79.4,.,34,34.5,34.5,.,w,977229,980798,1,r,1,r,1,r,,,,,,,,,,,,,,,,,,,,,,,,,,,,,,,,,,,,,,,,,,,,,,,,,,,,,,,,,,,,,,,,,,,,,,,,,,,,,,,,,,,,,,,,,,,,,,,,,,,,,,,,,,,,
07_03,07,03,f,17,04/08/21,08/25/22,a,n,10.12,10.11,79.4,.,34,34.5,34.5,.,w,980798,980799,1,r,1,r,1,r,12,bu,,,,,,,,,,,,,,,,,,55,y,.,.,.,.,p,.,.,.,.,.,.,.,.,.,.,,,,,,,,,,,,,,,,,,,,,,,,,,,,,,,,,,,,,,,,,,,,,,,,,,,,,,,,,,,,,,,,,,,,,,,,
07_03,07,03,f,17,04/08/21,08/25/22,a,n,10.12,10.11,79.4,.,34,34.5,34.5,.,w,980799,981682,1,r,1,r,1,r,12,bu,,,,,,,,,,,,,,,,,,,,,,,,,,,,,,,,,,,,,,,,,,,,,,,,,,,,,,,,,,,,,,,,,,,,,,,,,,,,,,,,,,,,,,,,,,,,,,,,,,,,,,,,,,
07_03,07,03,f,17,04/08/21,08/25/22,a,n,10.12,10.11,79.4,.,34,34.5,34.5,.,w,981682,981683,1,r,1,r,1,r,12,bu,,,,,,,,,,,,,,,,,,56,y,.,.,.,.,p,.,.,.,.,.,.,.,.,.,.,,,,,,,,,,,,,,,,,,,,,,,,,,,,,,,,,,,,,,,,,,,,,,,,,,,,,,,,,,,,,,,,,,,,,,,,
07_03,07,03,f,17,04/08/21,08/25/22,a,n,10.12,10.11,79.4,.,34,34.5,34.5,.,w,981683,984232,1,r,1,r,1,r,12,bu,,,,,,,,,,,,,,,,,,,,,,,,,,,,,,,,,,,,,,,,,,,,,,,,,,,,,,,,,,,,,,,,,,,,,,,,,,,,,,,,,,,,,,,,,,,,,,,,,,,,,,,,,,
07_03,07,03,f,17,04/08/21,08/25/22,a,n,10.12,10.11,79.4,.,34,34.5,34.5,.,w,984232,984233,1,r,1,r,1,r,12,bu,,,,,,,,,,,,,,,,,,57,y,.,.,.,.,d,.,.,.,.,.,.,.,.,.,.,,,,,,,,,,,,,,,,,,,,,,,,,,,,,,,,,,,,,,,,,,,,,,,,,,,,,,,,,,,,,,,,,,,,,,,,
07_03,07,03,f,17,04/08/21,08/25/22,a,n,10.12,10.11,79.4,.,34,34.5,34.5,.,w,984233,986510,1,r,1,r,1,r,,,,,,,,,,,,,,,,,,,,,,,,,,,,,,,,,,,,,,,,,,,,,,,,,,,,,,,,,,,,,,,,,,,,,,,,,,,,,,,,,,,,,,,,,,,,,,,,,,,,,,,,,,,,
07_03,07,03,f,17,04/08/21,08/25/22,a,n,10.12,10.11,79.4,.,34,34.5,34.5,.,w,986510,990046,1,r,1,r,1,r,13,s,,,,,,,,,,,,,,,,,,,,,,,,,,,,,,,,,,,,,,,,,,,,,,,,,,,,,,,,,,,,,,,,,,,,,,,,,,,,,,,,,,,,,,,,,,,,,,,,,,,,,,,,,,
07_03,07,03,f,17,04/08/21,08/25/22,a,n,10.12,10.11,79.4,.,34,34.5,34.5,.,w,990046,996235,1,r,1,r,1,r,13,s,58,y,.,.,.,.,t,.,.,.,.,.,.,.,.,.,.,,,,,,,,,,,,,,,,,,,,,,,,,,,,,,,,,,,,,,,,,,,,,,,,,,,,,,,,,,,,,,,,,,,,,,,,,,,,,,,,,,,,,,,,,
07_03,07,03,f,17,04/08/21,08/25/22,a,n,10.12,10.11,79.4,.,34,34.5,34.5,.,w,996235,1000858,1,r,1,r,1,r,,,,,,,,,,,,,,,,,,,,,,,,,,,,,,,,,,,,,,,,,,,,,,,,,,,,,,,,,,,,,,,,,,,,,,,,,,,,,,,,,,,,,,,,,,,,,,,,,,,,,,,,,,,,
07_03,07,03,f,17,04/08/21,08/25/22,a,n,10.12,10.11,79.4,.,34,34.5,34.5,.,w,1000858,1004701,1,r,1,r,1,r,14,s,59,y,.,.,.,.,t,.,.,.,.,.,.,.,.,.,.,,,,,,,,,,,,,,,,,,,,,,,,,,,,,,,,,,,,,,,,,,,,,,,,,,,,,,,,,,,,,,,,,,,,,,,,,,,,,,,,,,,,,,,,,
07_03,07,03,f,17,04/08/21,08/25/22,a,n,10.12,10.11,79.4,.,34,34.5,34.5,.,w,1004701,1006978,1,r,1,r,1,r,14,s,,,,,,,,,,,,,,,,,,,,,,,,,,,,,,,,,,,,,,,,,,,,,,,,,,,,,,,,,,,,,,,,,,,,,,,,,,,,,,,,,,,,,,,,,,,,,,,,,,,,,,,,,,
07_03,07,03,f,17,04/08/21,08/25/22,a,n,10.12,10.11,79.4,.,34,34.5,34.5,.,w,1006978,1009835,1,r,1,r,1,r,14,s,60,y,.,.,.,.,pu,.,.,.,.,.,.,.,.,.,.,,,,,,,,,,,,,,,,,,,,,,,,,,,,,,,,,,,,,,,,,,,,,,,,,,,,,,,,,,,,,,,,,,,,,,,,,,,,,,,,,,,,,,,,,
07_03,07,03,f,17,04/08/21,08/25/22,a,n,10.12,10.11,79.4,.,34,34.5,34.5,.,w,1009835,1011466,1,r,1,r,1,r,,,,,,,,,,,,,,,,,,,,,,,,,,,,,,,,,,,,,,,,,,,,,,,,,,,,,,,,,,,,,,,,,,,,,,,,,,,,,,,,,,,,,,,,,,,,,,,,,,,,,,,,,,,,
07_03,07,03,f,17,04/08/21,08/25/22,a,n,10.12,10.11,79.4,.,34,34.5,34.5,.,w,1011466,1011467,1,r,1,r,1,r,15,pb,,,,,,,,,,,,,,,,,,61,y,.,.,.,.,p,.,.,.,.,.,.,.,.,.,.,,,,,,,,,,,,,,,,,,,,,,,,,,,,,,,,,,,,,,,,,,,,,,,,,,,,,,,,,,,,,,,,,,,,,,,,
07_03,07,03,f,17,04/08/21,08/25/22,a,n,10.12,10.11,79.4,.,34,34.5,34.5,.,w,1011467,1019252,1,r,1,r,1,r,15,pb,,,,,,,,,,,,,,,,,,,,,,,,,,,,,,,,,,,,,,,,,,,,,,,,,,,,,,,,,,,,,,,,,,,,,,,,,,,,,,,,,,,,,,,,,,,,,,,,,,,,,,,,,,
07_03,07,03,f,17,04/08/21,08/25/22,a,n,10.12,10.11,79.4,.,34,34.5,34.5,.,w,1019252,1019253,1,r,1,r,1,r,15,pb,,,,,,,,,,,,,,,,,,62,y,.,.,.,.,th,.,.,.,.,.,.,.,.,.,.,,,,,,,,,,,,,,,,,,,,,,,,,,,,,,,,,,,,,,,,,,,,,,,,,,,,,,,,,,,,,,,,,,,,,,,,
07_03,07,03,f,17,04/08/21,08/25/22,a,n,10.12,10.11,79.4,.,34,34.5,34.5,.,w,1019253,1022244,1,r,1,r,1,r,15,pb,,,,,,,,,,,,,,,,,,,,,,,,,,,,,,,,,,,,,,,,,,,,,,,,,,,,,,,,,,,,,,,,,,,,,,,,,,,,,,,,,,,,,,,,,,,,,,,,,,,,,,,,,,
07_03,07,03,f,17,04/08/21,08/25/22,a,n,10.12,10.11,79.4,.,34,34.5,34.5,.,w,1022244,1022245,1,r,1,r,1,r,15,pb,,,,,,,,,,,,,,,,,,63,y,.,.,.,.,p,.,.,.,.,.,.,.,.,.,.,,,,,,,,,,,,,,,,,,,,,,,,,,,,,,,,,,,,,,,,,,,,,,,,,,,,,,,,,,,,,,,,,,,,,,,,
07_03,07,03,f,17,04/08/21,08/25/22,a,n,10.12,10.11,79.4,.,34,34.5,34.5,.,w,1022245,1022618,1,r,1,r,1,r,15,pb,,,,,,,,,,,,,,,,,,,,,,,,,,,,,,,,,,,,,,,,,,,,,,,,,,,,,,,,,,,,,,,,,,,,,,,,,,,,,,,,,,,,,,,,,,,,,,,,,,,,,,,,,,
07_03,07,03,f,17,04/08/21,08/25/22,a,n,10.12,10.11,79.4,.,34,34.5,34.5,.,w,1022618,1022619,1,r,1,r,1,r,15,pb,,,,,,,,,,,,,,,,,,64,y,.,.,.,.,d,.,.,.,.,.,.,.,.,.,.,,,,,,,,,,,,,,,,,,,,,,,,,,,,,,,,,,,,,,,,,,,,,,,,,,,,,,,,,,,,,,,,,,,,,,,,
07_03,07,03,f,17,04/08/21,08/25/22,a,n,10.12,10.11,79.4,.,34,34.5,34.5,.,w,1022619,1025304,1,r,1,r,1,r,,,,,,,,,,,,,,,,,,,,,,,,,,,,,,,,,,,,,,,,,,,,,,,,,,,,,,,,,,,,,,,,,,,,,,,,,,,,,,,,,,,,,,,,,,,,,,,,,,,,,,,,,,,,
07_03,07,03,f,17,04/08/21,08/25/22,a,n,10.12,10.11,79.4,.,34,34.5,34.5,.,w,1025304,1026053,1,r,1,r,1,r,16,pb,65,.,.,y,.,.,k,.,.,.,.,.,.,.,.,.,.,,,,,,,,,,,,,,,,,,,,,,,,,,,,,,,,,,,,,,,,,,,,,,,,,,,,,,,,,,,,,,,,,,,,,,,,,,,,,,,,,,,,,,,,,
07_03,07,03,f,17,04/08/21,08/25/22,a,n,10.12,10.11,79.4,.,34,34.5,34.5,.,w,1026053,1028024,1,r,1,r,1,r,16,pb,,,,,,,,,,,,,,,,,,,,,,,,,,,,,,,,,,,,,,,,,,,,,,,,,,,,,,,,,,,,,,,,,,,,,,,,,,,,,,,,,,,,,,,,,,,,,,,,,,,,,,,,,,
07_03,07,03,f,17,04/08/21,08/25/22,a,n,10.12,10.11,79.4,.,34,34.5,34.5,.,w,1028024,1028025,1,r,1,r,1,r,16,pb,,,,,,,,,,,,,,,,,,66,y,.,.,.,.,p,.,.,.,.,.,.,.,.,.,.,,,,,,,,,,,,,,,,,,,,,,,,,,,,,,,,,,,,,,,,,,,,,,,,,,,,,,,,,,,,,,,,,,,,,,,,
07_03,07,03,f,17,04/08/21,08/25/22,a,n,10.12,10.11,79.4,.,34,34.5,34.5,.,w,1028025,1039822,1,r,1,r,1,r,16,pb,,,,,,,,,,,,,,,,,,,,,,,,,,,,,,,,,,,,,,,,,,,,,,,,,,,,,,,,,,,,,,,,,,,,,,,,,,,,,,,,,,,,,,,,,,,,,,,,,,,,,,,,,,
07_03,07,03,f,17,04/08/21,08/25/22,a,n,10.12,10.11,79.4,.,34,34.5,34.5,.,w,1039822,1039823,1,r,1,r,1,r,16,pb,,,,,,,,,,,,,,,,,,67,y,.,.,.,.,d,.,.,.,.,.,.,.,.,.,.,,,,,,,,,,,,,,,,,,,,,,,,,,,,,,,,,,,,,,,,,,,,,,,,,,,,,,,,,,,,,,,,,,,,,,,,
07_03,07,03,f,17,04/08/21,08/25/22,a,n,10.12,10.11,79.4,.,34,34.5,34.5,.,w,1039823,1044004,1,r,1,r,1,r,,,,,,,,,,,,,,,,,,,,,,,,,,,,,,,,,,,,,,,,,,,,,,,,,,,,,,,,,,,,,,,,,,,,,,,,,,,,,,,,,,,,,,,,,,,,,,,,,,,,,,,,,,,,
07_03,07,03,f,17,04/08/21,08/25/22,a,n,10.12,10.11,79.4,.,34,34.5,34.5,.,w,1044004,1046725,1,r,1,r,1,r,17,t,68,y,.,.,.,.,pu,.,.,.,.,.,.,.,.,.,.,,,,,,,,,,,,,,,,,,,,,,,,,,,,,,,,,,,,,,,,,,,,,,,,,,,,,,,,,,,,,,,,,,,,,,,,,,,,,,,,,,,,,,,,,
07_03,07,03,f,17,04/08/21,08/25/22,a,n,10.12,10.11,79.4,.,34,34.5,34.5,.,w,1046725,1048866,1,r,1,r,1,r,,,,,,,,,,,,,,,,,,,,,,,,,,,,,,,,,,,,,,,,,,,,,,,,,,,,,,,,,,,,,,,,,,,,,,,,,,,,,,,,,,,,,,,,,,,,,,,,,,,,,,,,,,,,
07_03,07,03,f,17,04/08/21,08/25/22,a,n,10.12,10.11,79.4,.,34,34.5,34.5,.,w,1048866,1048867,1,r,1,r,1,r,18,pb,,,,,,,,,,,,,,,,,,69,y,.,.,.,.,p,.,.,.,.,.,.,.,.,.,.,,,,,,,,,,,,,,,,,,,,,,,,,,,,,,,,,,,,,,,,,,,,,,,,,,,,,,,,,,,,,,,,,,,,,,,,
07_03,07,03,f,17,04/08/21,08/25/22,a,n,10.12,10.11,79.4,.,34,34.5,34.5,.,w,1048867,1050599,1,r,1,r,1,r,18,pb,,,,,,,,,,,,,,,,,,,,,,,,,,,,,,,,,,,,,,,,,,,,,,,,,,,,,,,,,,,,,,,,,,,,,,,,,,,,,,,,,,,,,,,,,,,,,,,,,,,,,,,,,,
07_03,07,03,f,17,04/08/21,08/25/22,a,n,10.12,10.11,79.4,.,34,34.5,34.5,.,w,1050599,1050600,1,r,1,r,1,r,18,pb,,,,,,,,,,,,,,,,,,70,y,.,.,.,.,d,.,.,.,.,.,.,.,.,.,.,,,,,,,,,,,,,,,,,,,,,,,,,,,,,,,,,,,,,,,,,,,,,,,,,,,,,,,,,,,,,,,,,,,,,,,,
07_03,07,03,f,17,04/08/21,08/25/22,a,n,10.12,10.11,79.4,.,34,34.5,34.5,.,w,1050600,1054375,1,r,1,r,1,r,18,pb,,,,,,,,,,,,,,,,,,,,,,,,,,,,,,,,,,,,,,,,,,,,,,,,,,,,,,,,,,,,,,,,,,,,,,,,,,,,,,,,,,,,,,,,,,,,,,,,,,,,,,,,,,
07_03,07,03,f,17,04/08/21,08/25/22,a,n,10.12,10.11,79.4,.,34,34.5,34.5,.,w,1054375,1055700,1,r,1,r,1,r,,,,,,,,,,,,,,,,,,,,,,,,,,,,,,,,,,,,,,,,,,,,,,,,,,,,,,,,,,,,,,,,,,,,,,,,,,,,,,,,,,,,,,,,,,,,,,,,,,,,,,,,,,,,
07_03,07,03,f,17,04/08/21,08/25/22,a,n,10.12,10.11,79.4,.,34,34.5,34.5,.,w,1055700,1056687,1,r,1,r,1,r,19,t,,,,,,,,,,,,,,,,,,,,,,,,,,,,,,,,,,,,,,,,,,,,,,,,,,,,,,,,,,,,,,,,,,,,,,,,,,,,,,,,,,,,,,,,,,,,,,,,,,,,,,,,,,
07_03,07,03,f,17,04/08/21,08/25/22,a,n,10.12,10.11,79.4,.,34,34.5,34.5,.,w,1056687,1059882,1,r,1,r,1,r,,,,,,,,,,,,,,,,,,,,,,,,,,,,,,,,,,,,,,,,,,,,,,,,,,,,,,,,,,,,,,,,,,,,,,,,,,,,,,,,,,,,,,,,,,,,,,,,,,,,,,,,,,,,
07_03,07,03,f,17,04/08/21,08/25/22,a,n,10.12,10.11,79.4,.,34,34.5,34.5,.,w,1059882,1067226,1,r,1,r,1,r,20,ca,71,y,.,.,.,.,pu,.,.,.,.,.,.,.,.,.,.,,,,,,,,,,,,,,,,,,,,,,,,,,,,,,,,,,,,,,,,,,,,,,,,,,,,,,,,,,,,,,,,,,,,,,,,,,,,,,,,,,,,,,,,,
07_03,07,03,f,17,04/08/21,08/25/22,a,n,10.12,10.11,79.4,.,34,34.5,34.5,.,w,1067226,1067227,1,r,1,r,1,r,20,ca,,,,,,,,,,,,,,,,,,72,y,.,.,.,.,p,.,.,.,.,.,.,.,.,.,.,,,,,,,,,,,,,,,,,,,,,,,,,,,,,,,,,,,,,,,,,,,,,,,,,,,,,,,,,,,,,,,,,,,,,,,,
07_03,07,03,f,17,04/08/21,08/25/22,a,n,10.12,10.11,79.4,.,34,34.5,34.5,.,w,1067227,1073380,1,r,1,r,1,r,20,ca,,,,,,,,,,,,,,,,,,,,,,,,,,,,,,,,,,,,,,,,,,,,,,,,,,,,,,,,,,,,,,,,,,,,,,,,,,,,,,,,,,,,,,,,,,,,,,,,,,,,,,,,,,
07_03,07,03,f,17,04/08/21,08/25/22,a,n,10.12,10.11,79.4,.,34,34.5,34.5,.,w,1073380,1077426,1,r,1,r,1,r,20,ca,73,y,.,.,.,.,pu,.,.,.,.,.,.,.,.,.,.,,,,,,,,,,,,,,,,,,,,,,,,,,,,,,,,,,,,,,,,,,,,,,,,,,,,,,,,,,,,,,,,,,,,,,,,,,,,,,,,,,,,,,,,,
07_03,07,03,f,17,04/08/21,08/25/22,a,n,10.12,10.11,79.4,.,34,34.5,34.5,.,w,1077426,1077427,1,r,1,r,1,r,20,ca,,,,,,,,,,,,,,,,,,74,y,.,.,.,.,p,.,.,.,.,.,.,.,.,.,.,,,,,,,,,,,,,,,,,,,,,,,,,,,,,,,,,,,,,,,,,,,,,,,,,,,,,,,,,,,,,,,,,,,,,,,,
07_03,07,03,f,17,04/08/21,08/25/22,a,n,10.12,10.11,79.4,.,34,34.5,34.5,.,w,1077427,1082594,1,r,1,r,1,r,20,ca,,,,,,,,,,,,,,,,,,,,,,,,,,,,,,,,,,,,,,,,,,,,,,,,,,,,,,,,,,,,,,,,,,,,,,,,,,,,,,,,,,,,,,,,,,,,,,,,,,,,,,,,,,
07_03,07,03,f,17,04/08/21,08/25/22,a,n,10.12,10.11,79.4,.,34,34.5,34.5,.,w,1082594,1089768,1,r,1,r,1,r,20,ca,75,y,.,.,.,.,pu,.,.,.,.,.,.,.,.,.,.,,,,,,,,,,,,,,,,,,,,,,,,,,,,,,,,,,,,,,,,,,,,,,,,,,,,,,,,,,,,,,,,,,,,,,,,,,,,,,,,,,,,,,,,,
07_03,07,03,f,17,04/08/21,08/25/22,a,n,10.12,10.11,79.4,.,34,34.5,34.5,.,w,1089768,1089769,1,r,1,r,1,r,20,ca,75,y,.,.,.,.,pu,.,.,.,.,.,.,.,.,.,.,76,y,.,.,.,.,p,.,.,.,.,.,.,.,.,.,.,,,,,,,,,,,,,,,,,,,,,,,,,,,,,,,,,,,,,,,,,,,,,,,,,,,,,,,,,,,,,,,,,,,,,,,,
07_03,07,03,f,17,04/08/21,08/25/22,a,n,10.12,10.11,79.4,.,34,34.5,34.5,.,w,1089769,1093168,1,r,1,r,1,r,20,ca,75,y,.,.,.,.,pu,.,.,.,.,.,.,.,.,.,.,,,,,,,,,,,,,,,,,,,,,,,,,,,,,,,,,,,,,,,,,,,,,,,,,,,,,,,,,,,,,,,,,,,,,,,,,,,,,,,,,,,,,,,,,
07_03,07,03,f,17,04/08/21,08/25/22,a,n,10.12,10.11,79.4,.,34,34.5,34.5,.,w,1093168,1093169,1,r,1,r,1,r,20,ca,75,y,.,.,.,.,pu,.,.,.,.,.,.,.,.,.,.,77,y,.,.,.,.,p,.,.,.,.,.,.,.,.,.,.,,,,,,,,,,,,,,,,,,,,,,,,,,,,,,,,,,,,,,,,,,,,,,,,,,,,,,,,,,,,,,,,,,,,,,,,
07_03,07,03,f,17,04/08/21,08/25/22,a,n,10.12,10.11,79.4,.,34,34.5,34.5,.,w,1093169,1094834,1,r,1,r,1,r,20,ca,75,y,.,.,.,.,pu,.,.,.,.,.,.,.,.,.,.,,,,,,,,,,,,,,,,,,,,,,,,,,,,,,,,,,,,,,,,,,,,,,,,,,,,,,,,,,,,,,,,,,,,,,,,,,,,,,,,,,,,,,,,,
07_03,07,03,f,17,04/08/21,08/25/22,a,n,10.12,10.11,79.4,.,34,34.5,34.5,.,w,1094834,1094835,1,r,1,r,1,r,20,ca,75,y,.,.,.,.,pu,.,.,.,.,.,.,.,.,.,.,78,y,.,.,.,.,p,.,.,.,.,.,.,.,.,.,.,,,,,,,,,,,,,,,,,,,,,,,,,,,,,,,,,,,,,,,,,,,,,,,,,,,,,,,,,,,,,,,,,,,,,,,,
07_03,07,03,f,17,04/08/21,08/25/22,a,n,10.12,10.11,79.4,.,34,34.5,34.5,.,w,1094835,1106972,1,r,1,r,1,r,20,ca,75,y,.,.,.,.,pu,.,.,.,.,.,.,.,.,.,.,,,,,,,,,,,,,,,,,,,,,,,,,,,,,,,,,,,,,,,,,,,,,,,,,,,,,,,,,,,,,,,,,,,,,,,,,,,,,,,,,,,,,,,,,
07_03,07,03,f,17,04/08/21,08/25/22,a,n,10.12,10.11,79.4,.,34,34.5,34.5,.,w,1106972,1106973,1,r,1,r,1,r,20,ca,75,y,.,.,.,.,pu,.,.,.,.,.,.,.,.,.,.,79,y,.,.,.,.,p,.,.,.,.,.,.,.,.,.,.,,,,,,,,,,,,,,,,,,,,,,,,,,,,,,,,,,,,,,,,,,,,,,,,,,,,,,,,,,,,,,,,,,,,,,,,
07_03,07,03,f,17,04/08/21,08/25/22,a,n,10.12,10.11,79.4,.,34,34.5,34.5,.,w,1106973,1108265,1,r,1,r,1,r,20,ca,75,y,.,.,.,.,pu,.,.,.,.,.,.,.,.,.,.,,,,,,,,,,,,,,,,,,,,,,,,,,,,,,,,,,,,,,,,,,,,,,,,,,,,,,,,,,,,,,,,,,,,,,,,,,,,,,,,,,,,,,,,,
07_03,07,03,f,17,04/08/21,08/25/22,a,n,10.12,10.11,79.4,.,34,34.5,34.5,.,w,1108265,1111052,1,r,1,r,1,r,,,,,,,,,,,,,,,,,,,,,,,,,,,,,,,,,,,,,,,,,,,,,,,,,,,,,,,,,,,,,,,,,,,,,,,,,,,,,,,,,,,,,,,,,,,,,,,,,,,,,,,,,,,,
07_03,07,03,f,17,04/08/21,08/25/22,a,n,10.12,10.11,79.4,.,34,34.5,34.5,.,w,1111052,1111053,1,r,1,r,1,r,21,f,,,,,,,,,,,,,,,,,,80,y,.,.,.,.,p,.,.,.,.,.,.,.,.,.,.,,,,,,,,,,,,,,,,,,,,,,,,,,,,,,,,,,,,,,,,,,,,,,,,,,,,,,,,,,,,,,,,,,,,,,,,
07_03,07,03,f,17,04/08/21,08/25/22,a,n,10.12,10.11,79.4,.,34,34.5,34.5,.,w,1111053,1117920,1,r,1,r,1,r,21,f,,,,,,,,,,,,,,,,,,,,,,,,,,,,,,,,,,,,,,,,,,,,,,,,,,,,,,,,,,,,,,,,,,,,,,,,,,,,,,,,,,,,,,,,,,,,,,,,,,,,,,,,,,
07_03,07,03,f,17,04/08/21,08/25/22,a,n,10.12,10.11,79.4,.,34,34.5,34.5,.,w,1117920,1117921,,,,,,,21,f,,,,,,,,,,,,,,,,,,81,y,.,.,.,.,d,.,.,.,.,.,.,.,.,.,.,,,,,,,,,,,,,,,,,,,,,,,,,,,,,,,,,,,,,,,,,,,,,,,,,,,,,,,,,,,,,,,,,,,,,,,,
07_03,07,03,f,17,04/08/21,08/25/22,a,n,10.12,10.11,79.4,.,34,34.5,34.5,.,w,1117921,1267656,,,,,,,,,,,,,,,,,,,,,,,,,,,,,,,,,,,,,,,,,,,,,,,,,,,,,,,,,,,,,,,,,,,,,,,,,,,,,,,,,,,,,,,,,,,,,,,,,,,,,,,,,,,,,,,,,,
07_03,07,03,f,17,04/08/21,08/25/22,a,n,10.12,10.11,79.4,.,34,34.5,34.5,.,w,1267656,1899954,2,p,2,p,2,p,,,,,,,,,,,,,,,,,,,,,,,,,,,,,,,,,,,,,,,,,,,,,,,,,,,,,,,,,,,,,,,,,,,,,,,,,,,,,,,,,,,,,,,,,,,,,,,,,,,,,,,,,,,,
07_03,07,03,f,17,04/08/21,08/25/22,a,n,10.12,10.11,79.4,.,34,34.5,34.5,.,w,1899954,2108884,,,,,,,,,,,,,,,,,,,,,,,,,,,,,,,,,,,,,,,,,,,,,,,,,,,,,,,,,,,,,,,,,,,,,,,,,,,,,,,,,,,,,,,,,,,,,,,,,,,,,,,,,,,,,,,,,,
07_03,07,03,f,17,04/08/21,08/25/22,a,n,10.12,10.11,79.4,.,34,34.5,34.5,.,w,2108884,2538535,3,b,,,,,,,,,,,,,,,,,,,,,,,,,,,,,,,,,,,,,,,,,,,,,,,,,,,,,,,,,,,,,,,,,,,,,,,,,,,,,,,,,,,,,,,,,,,,,,,,,,,,,,,,,,,,,,,,
07_03,07,03,f,17,04/08/21,08/25/22,a,n,10.12,10.11,79.4,.,34,34.5,34.5,.,w,2538535,2618476,,,,,,,,,,,,,,,,,,,,,,,,,,,,,,,,,,,,,,,,,,,,,,,,,,,,,,,,,,,,,,,,,,,,,,,,,,,,,,,,,,,,,,,,,,,,,,,,,,,,,,,,,,,,,,,,,,
07_03,07,03,f,17,04/08/21,08/25/22,a,n,10.12,10.11,79.4,.,34,34.5,34.5,.,w,2618476,2680773,4,g,,,,,,,,,,,,,,,,,,,,,,,,,,,,,,,,,,,,,,,,,,,,,,,,,,,,,,,,,,,,,,,,,,,,,,,,,,,,,,,,,,,,,,,,,,,,,,,,,,,,,,,,,,,,,,,,
07_03,07,03,f,17,04/08/21,08/25/22,a,n,10.12,10.11,79.4,.,34,34.5,34.5,.,w,2680773,2884594,,,,,,,,,,,,,,,,,,,,,,,,,,,,,,,,,,,,,,,,,,,,,,,,,,,,,,,,,,,,,,,,,,,,,,,,,,,,,,,,,,,,,,,,,,,,,,,,,,,,,,,,,,,,,,,,,,
07_03,07,03,f,17,04/08/21,08/25/22,a,n,10.12,10.11,79.4,.,34,34.5,34.5,.,w,2884594,3129258,5,m,,,,,,,,,,,,,,,,,,,,,,,,,,,,,,,,,,,,,,,,,,,,,,,,,,,,,,,,,,,,,,,,,,,,,,,,,,,,,,,,,,,,,,,,,,,,,,,,,,,,,,,,,,,,,,,,
07_04,07,04,f,18,04/08/21,10/06/22,a,n,10.61,10.58,81.2,80.5,35.5,.,35.5,.,w,426666,426667,1,r,1,r,1,r,1,r,,,,,,,,,,,,,,,,,,1,y,.,.,.,.,p,.,.,.,.,.,.,.,.,.,.,,,,,,,,,,,,,,,,,,,,,,,,,,,,,,,,,,,,,,,,,,,,,,,,,,,,,,,,,,,,,,,,,,,,,,,,
07_04,07,04,f,18,04/08/21,10/06/22,a,n,10.61,10.58,81.2,80.5,35.5,.,35.5,.,w,426667,437002,1,r,1,r,1,r,1,r,,,,,,,,,,,,,,,,,,,,,,,,,,,,,,,,,,,,,,,,,,,,,,,,,,,,,,,,,,,,,,,,,,,,,,,,,,,,,,,,,,,,,,,,,,,,,,,,,,,,,,,,,,
07_04,07,04,f,18,04/08/21,10/06/22,a,n,10.61,10.58,81.2,80.5,35.5,.,35.5,.,w,437002,438465,1,r,1,r,1,r,1,r,,,,,,,,,,,,,,,,,,,,,,,,,,,,,,,,,,,1,f,79,y,.,.,.,.,t,.,.,.,.,.,.,.,.,.,.,,,,,,,,,,,,,,,,,,,,,,,,,,,,,,,,,,,,,,,,,,,,,,,,,,,,,
07_04,07,04,f,18,04/08/21,10/06/22,a,n,10.61,10.58,81.2,80.5,35.5,.,35.5,.,w,438465,440470,1,r,1,r,1,r,1,r,,,,,,,,,,,,,,,,,,,,,,,,,,,,,,,,,,,,,,,,,,,,,,,,,,,,,,,,,,,,,,,,,,,,,,,,,,,,,,,,,,,,,,,,,,,,,,,,,,,,,,,,,,
07_04,07,04,f,18,04/08/21,10/06/22,a,n,10.61,10.58,81.2,80.5,35.5,.,35.5,.,w,440470,442239,1,r,1,r,1,r,1,r,2,y,.,.,.,.,s,y,.,.,.,.,.,.,.,.,.,,,,,,,,,,,,,,,,,,,,,,,,,,,,,,,,,,,,,,,,,,,,,,,,,,,,,,,,,,,,,,,,,,,,,,,,,,,,,,,,,,,,,,,,,
07_04,07,04,f,18,04/08/21,10/06/22,a,n,10.61,10.58,81.2,80.5,35.5,.,35.5,.,w,442239,453186,1,r,1,r,1,r,1,r,,,,,,,,,,,,,,,,,,,,,,,,,,,,,,,,,,,,,,,,,,,,,,,,,,,,,,,,,,,,,,,,,,,,,,,,,,,,,,,,,,,,,,,,,,,,,,,,,,,,,,,,,,
07_04,07,04,f,18,04/08/21,10/06/22,a,n,10.61,10.58,81.2,80.5,35.5,.,35.5,.,w,453186,453187,1,r,1,r,1,r,1,r,,,,,,,,,,,,,,,,,,3,y,.,.,.,.,d,.,.,.,.,.,.,.,.,.,.,,,,,,,,,,,,,,,,,,,,,,,,,,,,,,,,,,,,,,,,,,,,,,,,,,,,,,,,,,,,,,,,,,,,,,,,
07_04,07,04,f,18,04/08/21,10/06/22,a,n,10.61,10.58,81.2,80.5,35.5,.,35.5,.,w,453187,457164,1,r,1,r,1,r,,,,,,,,,,,,,,,,,,,,,,,,,,,,,,,,,,,,,,,,,,,,,,,,,,,,,,,,,,,,,,,,,,,,,,,,,,,,,,,,,,,,,,,,,,,,,,,,,,,,,,,,,,,,
07_04,07,04,f,18,04/08/21,10/06/22,a,n,10.61,10.58,81.2,80.5,35.5,.,35.5,.,w,457164,467840,1,r,1,r,1,r,2,s,4,y,.,.,.,.,pu,.,.,.,.,.,.,.,.,.,.,,,,,,,,,,,,,,,,,,,,,,,,,,,,,,,,,,,,,,,,,,,,,,,,,,,,,,,,,,,,,,,,,,,,,,,,,,,,,,,,,,,,,,,,,
07_04,07,04,f,18,04/08/21,10/06/22,a,n,10.61,10.58,81.2,80.5,35.5,.,35.5,.,w,467840,467841,1,r,1,r,1,r,2,s,4,y,.,.,.,.,pu,.,.,.,.,.,.,.,.,.,.,5,y,.,.,.,.,p,.,.,.,.,.,.,.,.,.,.,,,,,,,,,,,,,,,,,,,,,,,,,,,,,,,,,,,,,,,,,,,,,,,,,,,,,,,,,,,,,,,,,,,,,,,,
07_04,07,04,f,18,04/08/21,10/06/22,a,n,10.61,10.58,81.2,80.5,35.5,.,35.5,.,w,467841,471819,1,r,1,r,1,r,2,s,4,y,.,.,.,.,pu,.,.,.,.,.,.,.,.,.,.,,,,,,,,,,,,,,,,,,,,,,,,,,,,,,,,,,,,,,,,,,,,,,,,,,,,,,,,,,,,,,,,,,,,,,,,,,,,,,,,,,,,,,,,,
07_04,07,04,f,18,04/08/21,10/06/22,a,n,10.61,10.58,81.2,80.5,35.5,.,35.5,.,w,471819,476272,1,r,1,r,1,r,,,,,,,,,,,,,,,,,,,,,,,,,,,,,,,,,,,,,,,,,,,,,,,,,,,,,,,,,,,,,,,,,,,,,,,,,,,,,,,,,,,,,,,,,,,,,,,,,,,,,,,,,,,,
07_04,07,04,f,18,04/08/21,10/06/22,a,n,10.61,10.58,81.2,80.5,35.5,.,35.5,.,w,476272,477837,1,r,1,r,1,r,3,g,,,,,,,,,,,,,,,,,,,,,,,,,,,,,,,,,,,,,,,,,,,,,,,,,,,,,,,,,,,,,,,,,,,,,,,,,,,,,,,,,,,,,,,,,,,,,,,,,,,,,,,,,,
07_04,07,04,f,18,04/08/21,10/06/22,a,n,10.61,10.58,81.2,80.5,35.5,.,35.5,.,w,477837,482290,1,r,1,r,1,r,,,,,,,,,,,,,,,,,,,,,,,,,,,,,,,,,,,,,,,,,,,,,,,,,,,,,,,,,,,,,,,,,,,,,,,,,,,,,,,,,,,,,,,,,,,,,,,,,,,,,,,,,,,,
07_04,07,04,f,18,04/08/21,10/06/22,a,n,10.61,10.58,81.2,80.5,35.5,.,35.5,.,w,482290,492593,1,r,1,r,1,r,4,s,6,y,.,.,.,.,pu,.,.,.,.,.,.,.,.,.,.,,,,,,,,,,,,,,,,,,,,,,,,,,,,,,,,,,,,,,,,,,,,,,,,,,,,,,,,,,,,,,,,,,,,,,,,,,,,,,,,,,,,,,,,,
07_04,07,04,f,18,04/08/21,10/06/22,a,n,10.61,10.58,81.2,80.5,35.5,.,35.5,.,w,492593,494530,1,r,1,r,1,r,,,,,,,,,,,,,,,,,,,,,,,,,,,,,,,,,,,,,,,,,,,,,,,,,,,,,,,,,,,,,,,,,,,,,,,,,,,,,,,,,,,,,,,,,,,,,,,,,,,,,,,,,,,,
07_04,07,04,f,18,04/08/21,10/06/22,a,n,10.61,10.58,81.2,80.5,35.5,.,35.5,.,w,494530,496026,1,r,1,r,1,r,5,bu,,,,,,,,,,,,,,,,,,,,,,,,,,,,,,,,,,,,,,,,,,,,,,,,,,,,,,,,,,,,,,,,,,,,,,,,,,,,,,,,,,,,,,,,,,,,,,,,,,,,,,,,,,
07_04,07,04,f,18,04/08/21,10/06/22,a,n,10.61,10.58,81.2,80.5,35.5,.,35.5,.,w,496026,496027,1,r,1,r,1,r,5,bu,,,,,,,,,,,,,,,,,,7,y,.,.,.,.,o,.,.,.,y,.,.,.,.,.,.,,,,,,,,,,,,,,,,,,,,,,,,,,,,,,,,,,,,,,,,,,,,,,,,,,,,,,,,,,,,,,,,,,,,,,,,
07_04,07,04,f,18,04/08/21,10/06/22,a,n,10.61,10.58,81.2,80.5,35.5,.,35.5,.,w,496027,498610,1,r,1,r,1,r,5,bu,,,,,,,,,,,,,,,,,,,,,,,,,,,,,,,,,,,,,,,,,,,,,,,,,,,,,,,,,,,,,,,,,,,,,,,,,,,,,,,,,,,,,,,,,,,,,,,,,,,,,,,,,,
07_04,07,04,f,18,04/08/21,10/06/22,a,n,10.61,10.58,81.2,80.5,35.5,.,35.5,.,w,498610,498611,1,r,1,r,1,r,5,bu,,,,,,,,,,,,,,,,,,8,y,.,.,.,.,i,.,.,.,.,y,.,.,.,.,.,,,,,,,,,,,,,,,,,,,,,,,,,,,,,,,,,,,,,,,,,,,,,,,,,,,,,,,,,,,,,,,,,,,,,,,,
07_04,07,04,f,18,04/08/21,10/06/22,a,n,10.61,10.58,81.2,80.5,35.5,.,35.5,.,w,498611,501262,1,r,1,r,1,r,,,,,,,,,,,,,,,,,,,,,,,,,,,,,,,,,,,,,,,,,,,,,,,,,,,,,,,,,,,,,,,,,,,,,,,,,,,,,,,,,,,,,,,,,,,,,,,,,,,,,,,,,,,,
07_04,07,04,f,18,04/08/21,10/06/22,a,n,10.61,10.58,81.2,80.5,35.5,.,35.5,.,w,501262,506906,1,r,1,r,1,r,6,s,9,y,.,.,.,.,pu,.,.,.,.,.,.,.,.,.,.,,,,,,,,,,,,,,,,,,,,,,,,,,,,,,,,,,,,,,,,,,,,,,,,,,,,,,,,,,,,,,,,,,,,,,,,,,,,,,,,,,,,,,,,,
07_04,07,04,f,18,04/08/21,10/06/22,a,n,10.61,10.58,81.2,80.5,35.5,.,35.5,.,w,506906,506907,1,r,1,r,1,r,6,s,9,y,.,.,.,.,pu,.,.,.,.,.,.,.,.,.,.,10,y,.,.,.,.,p,.,.,.,.,.,.,.,.,.,.,,,,,,,,,,,,,,,,,,,,,,,,,,,,,,,,,,,,,,,,,,,,,,,,,,,,,,,,,,,,,,,,,,,,,,,,
07_04,07,04,f,18,04/08/21,10/06/22,a,n,10.61,10.58,81.2,80.5,35.5,.,35.5,.,w,506907,516357,1,r,1,r,1,r,6,s,9,y,.,.,.,.,pu,.,.,.,.,.,.,.,.,.,.,,,,,,,,,,,,,,,,,,,,,,,,,,,,,,,,,,,,,,,,,,,,,,,,,,,,,,,,,,,,,,,,,,,,,,,,,,,,,,,,,,,,,,,,,
07_04,07,04,f,18,04/08/21,10/06/22,a,n,10.61,10.58,81.2,80.5,35.5,.,35.5,.,w,516357,516358,1,r,1,r,1,r,6,s,9,y,.,.,.,.,pu,.,.,.,.,.,.,.,.,.,.,11,y,.,.,.,.,p,.,.,.,.,.,.,.,.,.,.,,,,,,,,,,,,,,,,,,,,,,,,,,,,,,,,,,,,,,,,,,,,,,,,,,,,,,,,,,,,,,,,,,,,,,,,
07_04,07,04,f,18,04/08/21,10/06/22,a,n,10.61,10.58,81.2,80.5,35.5,.,35.5,.,w,516358,525776,1,r,1,r,1,r,6,s,,,,,,,,,,,,,,,,,,,,,,,,,,,,,,,,,,,,,,,,,,,,,,,,,,,,,,,,,,,,,,,,,,,,,,,,,,,,,,,,,,,,,,,,,,,,,,,,,,,,,,,,,,
07_04,07,04,f,18,04/08/21,10/06/22,a,n,10.61,10.58,81.2,80.5,35.5,.,35.5,.,w,525776,528871,1,r,1,r,1,r,6,s,12,y,.,.,.,.,pu,.,.,.,.,.,.,.,.,.,.,,,,,,,,,,,,,,,,,,,,,,,,,,,,,,,,,,,,,,,,,,,,,,,,,,,,,,,,,,,,,,,,,,,,,,,,,,,,,,,,,,,,,,,,,
07_04,07,04,f,18,04/08/21,10/06/22,a,n,10.61,10.58,81.2,80.5,35.5,.,35.5,.,w,528871,532712,1,r,1,r,1,r,,,,,,,,,,,,,,,,,,,,,,,,,,,,,,,,,,,,,,,,,,,,,,,,,,,,,,,,,,,,,,,,,,,,,,,,,,,,,,,,,,,,,,,,,,,,,,,,,,,,,,,,,,,,
07_04,07,04,f,18,04/08/21,10/06/22,a,n,10.61,10.58,81.2,80.5,35.5,.,35.5,.,w,532712,532713,1,r,1,r,1,r,7,bs,,,,,,,,,,,,,,,,,,13,y,.,.,.,.,p,.,.,.,.,.,.,.,.,.,.,,,,,,,,,,,,,,,,,,,,,,,,,,,,,,,,,,,,,,,,,,,,,,,,,,,,,,,,,,,,,,,,,,,,,,,,
07_04,07,04,f,18,04/08/21,10/06/22,a,n,10.61,10.58,81.2,80.5,35.5,.,35.5,.,w,532713,537370,1,r,1,r,1,r,7,bs,,,,,,,,,,,,,,,,,,,,,,,,,,,,,,,,,,,,,,,,,,,,,,,,,,,,,,,,,,,,,,,,,,,,,,,,,,,,,,,,,,,,,,,,,,,,,,,,,,,,,,,,,,
07_04,07,04,f,18,04/08/21,10/06/22,a,n,10.61,10.58,81.2,80.5,35.5,.,35.5,.,w,537370,537371,1,r,1,r,1,r,7,bs,,,,,,,,,,,,,,,,,,14,y,.,.,.,.,d,.,.,.,.,.,.,.,.,.,.,,,,,,,,,,,,,,,,,,,,,,,,,,,,,,,,,,,,,,,,,,,,,,,,,,,,,,,,,,,,,,,,,,,,,,,,
07_04,07,04,f,18,04/08/21,10/06/22,a,n,10.61,10.58,81.2,80.5,35.5,.,35.5,.,w,537371,541790,1,r,1,r,1,r,,,,,,,,,,,,,,,,,,,,,,,,,,,,,,,,,,,,,,,,,,,,,,,,,,,,,,,,,,,,,,,,,,,,,,,,,,,,,,,,,,,,,,,,,,,,,,,,,,,,,,,,,,,,
07_04,07,04,f,18,04/08/21,10/06/22,a,n,10.61,10.58,81.2,80.5,35.5,.,35.5,.,w,541790,541791,1,r,1,r,1,r,8,s,,,,,,,,,,,,,,,,,,15,y,.,.,.,.,p,.,.,.,.,.,.,.,.,.,.,,,,,,,,,,,,,,,,,,,,,,,,,,,,,,,,,,,,,,,,,,,,,,,,,,,,,,,,,,,,,,,,,,,,,,,,
07_04,07,04,f,18,04/08/21,10/06/22,a,n,10.61,10.58,81.2,80.5,35.5,.,35.5,.,w,541791,544579,1,r,1,r,1,r,8,s,,,,,,,,,,,,,,,,,,,,,,,,,,,,,,,,,,,,,,,,,,,,,,,,,,,,,,,,,,,,,,,,,,,,,,,,,,,,,,,,,,,,,,,,,,,,,,,,,,,,,,,,,,
07_04,07,04,f,18,04/08/21,10/06/22,a,n,10.61,10.58,81.2,80.5,35.5,.,35.5,.,w,544579,547264,1,r,1,r,1,r,,,,,,,,,,,,,,,,,,,,,,,,,,,,,,,,,,,,,,,,,,,,,,,,,,,,,,,,,,,,,,,,,,,,,,,,,,,,,,,,,,,,,,,,,,,,,,,,,,,,,,,,,,,,
07_04,07,04,f,18,04/08/21,10/06/22,a,n,10.61,10.58,81.2,80.5,35.5,.,35.5,.,w,547264,549270,1,r,1,r,1,r,9,bu,,,,,,,,,,,,,,,,,,,,,,,,,,,,,,,,,,,,,,,,,,,,,,,,,,,,,,,,,,,,,,,,,,,,,,,,,,,,,,,,,,,,,,,,,,,,,,,,,,,,,,,,,,
07_04,07,04,f,18,04/08/21,10/06/22,a,n,10.61,10.58,81.2,80.5,35.5,.,35.5,.,w,549270,549271,1,r,1,r,1,r,9,bu,,,,,,,,,,,,,,,,,,16,y,.,.,.,.,o,.,.,.,y,.,.,.,.,.,.,,,,,,,,,,,,,,,,,,,,,,,,,,,,,,,,,,,,,,,,,,,,,,,,,,,,,,,,,,,,,,,,,,,,,,,,
07_04,07,04,f,18,04/08/21,10/06/22,a,n,10.61,10.58,81.2,80.5,35.5,.,35.5,.,w,549271,549882,1,r,1,r,1,r,9,bu,,,,,,,,,,,,,,,,,,,,,,,,,,,,,,,,,,,,,,,,,,,,,,,,,,,,,,,,,,,,,,,,,,,,,,,,,,,,,,,,,,,,,,,,,,,,,,,,,,,,,,,,,,
07_04,07,04,f,18,04/08/21,10/06/22,a,n,10.61,10.58,81.2,80.5,35.5,.,35.5,.,w,549882,549883,1,r,1,r,1,r,9,bu,,,,,,,,,,,,,,,,,,17,y,.,.,.,.,i,.,.,.,.,y,.,.,.,.,.,,,,,,,,,,,,,,,,,,,,,,,,,,,,,,,,,,,,,,,,,,,,,,,,,,,,,,,,,,,,,,,,,,,,,,,,
07_04,07,04,f,18,04/08/21,10/06/22,a,n,10.61,10.58,81.2,80.5,35.5,.,35.5,.,w,549883,551685,1,r,1,r,1,r,9,bu,,,,,,,,,,,,,,,,,,,,,,,,,,,,,,,,,,,,,,,,,,,,,,,,,,,,,,,,,,,,,,,,,,,,,,,,,,,,,,,,,,,,,,,,,,,,,,,,,,,,,,,,,,
07_04,07,04,f,18,04/08/21,10/06/22,a,n,10.61,10.58,81.2,80.5,35.5,.,35.5,.,w,551685,555084,1,r,1,r,1,r,,,,,,,,,,,,,,,,,,,,,,,,,,,,,,,,,,,,,,,,,,,,,,,,,,,,,,,,,,,,,,,,,,,,,,,,,,,,,,,,,,,,,,,,,,,,,,,,,,,,,,,,,,,,
07_04,07,04,f,18,04/08/21,10/06/22,a,n,10.61,10.58,81.2,80.5,35.5,.,35.5,.,w,555084,559471,1,r,1,r,1,r,10,s,18,y,.,.,.,.,pu,.,.,.,.,.,.,.,.,.,.,,,,,,,,,,,,,,,,,,,,,,,,,,,,,,,,,,,,,,,,,,,,,,,,,,,,,,,,,,,,,,,,,,,,,,,,,,,,,,,,,,,,,,,,,
07_04,07,04,f,18,04/08/21,10/06/22,a,n,10.61,10.58,81.2,80.5,35.5,.,35.5,.,w,559471,566066,1,r,1,r,1,r,,,,,,,,,,,,,,,,,,,,,,,,,,,,,,,,,,,,,,,,,,,,,,,,,,,,,,,,,,,,,,,,,,,,,,,,,,,,,,,,,,,,,,,,,,,,,,,,,,,,,,,,,,,,
07_04,07,04,f,18,04/08/21,10/06/22,a,n,10.61,10.58,81.2,80.5,35.5,.,35.5,.,w,566066,574023,1,r,1,r,1,r,11,s,19,y,.,.,.,.,pu,.,.,.,.,.,.,.,.,.,.,,,,,,,,,,,,,,,,,,,,,,,,,,,,,,,,,,,,,,,,,,,,,,,,,,,,,,,,,,,,,,,,,,,,,,,,,,,,,,,,,,,,,,,,,
07_04,07,04,f,18,04/08/21,10/06/22,a,n,10.61,10.58,81.2,80.5,35.5,.,35.5,.,w,574023,578034,1,r,1,r,1,r,11,s,,,,,,,,,,,,,,,,,,,,,,,,,,,,,,,,,,,,,,,,,,,,,,,,,,,,,,,,,,,,,,,,,,,,,,,,,,,,,,,,,,,,,,,,,,,,,,,,,,,,,,,,,,
07_04,07,04,f,18,04/08/21,10/06/22,a,n,10.61,10.58,81.2,80.5,35.5,.,35.5,.,w,578034,595918,1,r,1,r,1,r,11,s,20,y,.,.,.,.,pu,.,.,.,.,.,.,.,.,.,.,,,,,,,,,,,,,,,,,,,,,,,,,,,,,,,,,,,,,,,,,,,,,,,,,,,,,,,,,,,,,,,,,,,,,,,,,,,,,,,,,,,,,,,,,
07_04,07,04,f,18,04/08/21,10/06/22,a,n,10.61,10.58,81.2,80.5,35.5,.,35.5,.,w,595918,595919,1,r,1,r,1,r,11,s,20,y,.,.,.,.,pu,.,.,.,.,.,.,.,.,.,.,21,y,.,.,.,.,p,.,.,.,.,.,.,.,.,.,.,,,,,,,,,,,,,,,,,,,,,,,,,,,,,,,,,,,,,,,,,,,,,,,,,,,,,,,,,,,,,,,,,,,,,,,,
07_04,07,04,f,18,04/08/21,10/06/22,a,n,10.61,10.58,81.2,80.5,35.5,.,35.5,.,w,595919,602549,1,r,1,r,1,r,11,s,20,y,.,.,.,.,pu,.,.,.,.,.,.,.,.,.,.,,,,,,,,,,,,,,,,,,,,,,,,,,,,,,,,,,,,,,,,,,,,,,,,,,,,,,,,,,,,,,,,,,,,,,,,,,,,,,,,,,,,,,,,,
07_04,07,04,f,18,04/08/21,10/06/22,a,n,10.61,10.58,81.2,80.5,35.5,.,35.5,.,w,602549,604622,1,r,1,r,1,r,,,,,,,,,,,,,,,,,,,,,,,,,,,,,,,,,,,,,,,,,,,,,,,,,,,,,,,,,,,,,,,,,,,,,,,,,,,,,,,,,,,,,,,,,,,,,,,,,,,,,,,,,,,,
07_04,07,04,f,18,04/08/21,10/06/22,a,n,10.61,10.58,81.2,80.5,35.5,.,35.5,.,w,604622,605745,1,r,1,r,1,r,12,m,22,y,.,.,.,.,t,y,.,.,.,.,.,.,.,.,.,,,,,,,,,,,,,,,,,,,,,,,,,,,,,,,,,,,,,,,,,,,,,,,,,,,,,,,,,,,,,,,,,,,,,,,,,,,,,,,,,,,,,,,,,
07_04,07,04,f,18,04/08/21,10/06/22,a,n,10.61,10.58,81.2,80.5,35.5,.,35.5,.,w,605745,608260,1,r,1,r,1,r,,,,,,,,,,,,,,,,,,,,,,,,,,,,,,,,,,,,,,,,,,,,,,,,,,,,,,,,,,,,,,,,,,,,,,,,,,,,,,,,,,,,,,,,,,,,,,,,,,,,,,,,,,,,
07_04,07,04,f,18,04/08/21,10/06/22,a,n,10.61,10.58,81.2,80.5,35.5,.,35.5,.,w,608260,614993,1,r,1,r,1,r,13,s,23,y,.,.,.,.,pu,.,.,.,.,.,.,.,.,.,.,,,,,,,,,,,,,,,,,,,,,,,,,,,,,,,,,,,,,,,,,,,,,,,,,,,,,,,,,,,,,,,,,,,,,,,,,,,,,,,,,,,,,,,,,
07_04,07,04,f,18,04/08/21,10/06/22,a,n,10.61,10.58,81.2,80.5,35.5,.,35.5,.,w,614993,620704,1,r,1,r,1,r,13,s,,,,,,,,,,,,,,,,,,,,,,,,,,,,,,,,,,,,,,,,,,,,,,,,,,,,,,,,,,,,,,,,,,,,,,,,,,,,,,,,,,,,,,,,,,,,,,,,,,,,,,,,,,
07_04,07,04,f,18,04/08/21,10/06/22,a,n,10.61,10.58,81.2,80.5,35.5,.,35.5,.,w,620704,629443,1,r,1,r,1,r,13,s,24,y,.,.,.,.,pu,.,.,.,.,.,.,.,.,.,.,,,,,,,,,,,,,,,,,,,,,,,,,,,,,,,,,,,,,,,,,,,,,,,,,,,,,,,,,,,,,,,,,,,,,,,,,,,,,,,,,,,,,,,,,
07_04,07,04,f,18,04/08/21,10/06/22,a,n,10.61,10.58,81.2,80.5,35.5,.,35.5,.,w,629443,631720,1,r,1,r,1,r,,,,,,,,,,,,,,,,,,,,,,,,,,,,,,,,,,,,,,,,,,,,,,,,,,,,,,,,,,,,,,,,,,,,,,,,,,,,,,,,,,,,,,,,,,,,,,,,,,,,,,,,,,,,
07_04,07,04,f,18,04/08/21,10/06/22,a,n,10.61,10.58,81.2,80.5,35.5,.,35.5,.,w,631720,631721,1,r,1,r,1,r,14,p,,,,,,,,,,,,,,,,,,25,y,.,.,.,.,p,.,.,.,.,.,.,.,.,.,.,,,,,,,,,,,,,,,,,,,,,,,,,,,,,,,,,,,,,,,,,,,,,,,,,,,,,,,,,,,,,,,,,,,,,,,,
07_04,07,04,f,18,04/08/21,10/06/22,a,n,10.61,10.58,81.2,80.5,35.5,.,35.5,.,w,631721,632808,1,r,1,r,1,r,14,p,,,,,,,,,,,,,,,,,,,,,,,,,,,,,,,,,,,,,,,,,,,,,,,,,,,,,,,,,,,,,,,,,,,,,,,,,,,,,,,,,,,,,,,,,,,,,,,,,,,,,,,,,,
07_04,07,04,f,18,04/08/21,10/06/22,a,n,10.61,10.58,81.2,80.5,35.5,.,35.5,.,w,632808,633523,1,r,1,r,1,r,14,p,26,y,.,.,.,.,s,.,.,.,.,.,.,.,.,.,.,,,,,,,,,,,,,,,,,,,,,,,,,,,,,,,,,,,,,,,,,,,,,,,,,,,,,,,,,,,,,,,,,,,,,,,,,,,,,,,,,,,,,,,,,
07_04,07,04,f,18,04/08/21,10/06/22,a,n,10.61,10.58,81.2,80.5,35.5,.,35.5,.,w,633523,634780,1,r,1,r,1,r,14,p,,,,,,,,,,,,,,,,,,,,,,,,,,,,,,,,,,,,,,,,,,,,,,,,,,,,,,,,,,,,,,,,,,,,,,,,,,,,,,,,,,,,,,,,,,,,,,,,,,,,,,,,,,
07_04,07,04,f,18,04/08/21,10/06/22,a,n,10.61,10.58,81.2,80.5,35.5,.,35.5,.,w,634780,634781,1,r,1,r,1,r,14,p,,,,,,,,,,,,,,,,,,27,y,.,.,.,.,d,.,.,.,.,.,.,.,.,.,.,,,,,,,,,,,,,,,,,,,,,,,,,,,,,,,,,,,,,,,,,,,,,,,,,,,,,,,,,,,,,,,,,,,,,,,,
07_04,07,04,f,18,04/08/21,10/06/22,a,n,10.61,10.58,81.2,80.5,35.5,.,35.5,.,w,634781,639608,1,r,1,r,1,r,,,,,,,,,,,,,,,,,,,,,,,,,,,,,,,,,,,,,,,,,,,,,,,,,,,,,,,,,,,,,,,,,,,,,,,,,,,,,,,,,,,,,,,,,,,,,,,,,,,,,,,,,,,,
07_04,07,04,f,18,04/08/21,10/06/22,a,n,10.61,10.58,81.2,80.5,35.5,.,35.5,.,w,639608,640117,1,r,1,r,1,r,15,s,28,y,.,.,.,.,pu,.,.,.,.,.,.,.,.,.,.,,,,,,,,,,,,,,,,,,,,,,,,,,,,,,,,,,,,,,,,,,,,,,,,,,,,,,,,,,,,,,,,,,,,,,,,,,,,,,,,,,,,,,,,,
07_04,07,04,f,18,04/08/21,10/06/22,a,n,10.61,10.58,81.2,80.5,35.5,.,35.5,.,w,640117,640118,1,r,1,r,1,r,15,s,28,y,.,.,.,.,pu,.,.,.,.,.,.,.,.,.,.,29,y,.,.,.,.,p,.,.,.,.,.,.,.,.,.,.,,,,,,,,,,,,,,,,,,,,,,,,,,,,,,,,,,,,,,,,,,,,,,,,,,,,,,,,,,,,,,,,,,,,,,,,
07_04,07,04,f,18,04/08/21,10/06/22,a,n,10.61,10.58,81.2,80.5,35.5,.,35.5,.,w,640118,649401,1,r,1,r,1,r,15,s,28,y,.,.,.,.,pu,.,.,.,.,.,.,.,.,.,.,,,,,,,,,,,,,,,,,,,,,,,,,,,,,,,,,,,,,,,,,,,,,,,,,,,,,,,,,,,,,,,,,,,,,,,,,,,,,,,,,,,,,,,,,
07_04,07,04,f,18,04/08/21,10/06/22,a,n,10.61,10.58,81.2,80.5,35.5,.,35.5,.,w,649401,650760,1,r,1,r,1,r,,,,,,,,,,,,,,,,,,,,,,,,,,,,,,,,,,,,,,,,,,,,,,,,,,,,,,,,,,,,,,,,,,,,,,,,,,,,,,,,,,,,,,,,,,,,,,,,,,,,,,,,,,,,
07_04,07,04,f,18,04/08/21,10/06/22,a,n,10.61,10.58,81.2,80.5,35.5,.,35.5,.,w,650760,653889,1,r,1,r,1,r,16,a,30,y,.,.,.,.,t,y,.,.,.,.,.,.,.,.,.,,,,,,,,,,,,,,,,,,,,,,,,,,,,,,,,,,,,,,,,,,,,,,,,,,,,,,,,,,,,,,,,,,,,,,,,,,,,,,,,,,,,,,,,,
07_04,07,04,f,18,04/08/21,10/06/22,a,n,10.61,10.58,81.2,80.5,35.5,.,35.5,.,w,653889,657730,1,r,1,r,1,r,,,,,,,,,,,,,,,,,,,,,,,,,,,,,,,,,,,,,,,,,,,,,,,,,,,,,,,,,,,,,,,,,,,,,,,,,,,,,,,,,,,,,,,,,,,,,,,,,,,,,,,,,,,,
07_04,07,04,f,18,04/08/21,10/06/22,a,n,10.61,10.58,81.2,80.5,35.5,.,35.5,.,w,657730,657731,1,r,1,r,1,r,17,cu,,,,,,,,,,,,,,,,,,31,y,.,.,.,.,p,.,.,.,.,.,.,.,.,.,.,,,,,,,,,,,,,,,,,,,,,,,,,,,,,,,,,,,,,,,,,,,,,,,,,,,,,,,,,,,,,,,,,,,,,,,,
07_04,07,04,f,18,04/08/21,10/06/22,a,n,10.61,10.58,81.2,80.5,35.5,.,35.5,.,w,657731,660960,1,r,1,r,1,r,17,cu,,,,,,,,,,,,,,,,,,,,,,,,,,,,,,,,,,,,,,,,,,,,,,,,,,,,,,,,,,,,,,,,,,,,,,,,,,,,,,,,,,,,,,,,,,,,,,,,,,,,,,,,,,
07_04,07,04,f,18,04/08/21,10/06/22,a,n,10.61,10.58,81.2,80.5,35.5,.,35.5,.,w,660960,660961,1,r,1,r,1,r,17,cu,,,,,,,,,,,,,,,,,,32,y,.,.,.,.,i,.,.,.,.,y,.,.,.,.,.,2,s,,,,,,,,,,,,,,,,,,79,.,.,.,.,y,i,.,.,.,.,y,.,.,.,.,.,,,,,,,,,,,,,,,,,,,,,,,,,,,,,,,,,,,,
07_04,07,04,f,18,04/08/21,10/06/22,a,n,10.61,10.58,81.2,80.5,35.5,.,35.5,.,w,660961,662592,1,r,1,r,1,r,,,,,,,,,,,,,,,,,,,,,,,,,,,,,,,,,,,,,2,s,,,,,,,,,,,,,,,,,,,,,,,,,,,,,,,,,,,,,,,,,,,,,,,,,,,,,,,,,,,,,,,,,,,,,,
07_04,07,04,f,18,04/08/21,10/06/22,a,n,10.61,10.58,81.2,80.5,35.5,.,35.5,.,w,662592,666911,1,r,1,r,1,r,,,,,,,,,,,,,,,,,,,,,,,,,,,,,,,,,,,,,2,s,79,y,.,.,.,.,pu,.,.,.,.,.,.,.,.,.,.,,,,,,,,,,,,,,,,,,,,,,,,,,,,,,,,,,,,,,,,,,,,,,,,,,,,,
07_04,07,04,f,18,04/08/21,10/06/22,a,n,10.61,10.58,81.2,80.5,35.5,.,35.5,.,w,666911,668610,1,r,1,r,1,r,,,,,,,,,,,,,,,,,,,,,,,,,,,,,,,,,,,,,,,,,,,,,,,,,,,,,,,,,,,,,,,,,,,,,,,,,,,,,,,,,,,,,,,,,,,,,,,,,,,,,,,,,,,,
07_04,07,04,f,18,04/08/21,10/06/22,a,n,10.61,10.58,81.2,80.5,35.5,.,35.5,.,w,668610,668611,1,r,1,r,1,r,18,cu,,,,,,,,,,,,,,,,,,33,y,.,.,.,.,p,.,.,.,.,.,.,.,.,.,.,,,,,,,,,,,,,,,,,,,,,,,,,,,,,,,,,,,,,,,,,,,,,,,,,,,,,,,,,,,,,,,,,,,,,,,,
07_04,07,04,f,18,04/08/21,10/06/22,a,n,10.61,10.58,81.2,80.5,35.5,.,35.5,.,w,668611,673166,1,r,1,r,1,r,18,cu,,,,,,,,,,,,,,,,,,,,,,,,,,,,,,,,,,,,,,,,,,,,,,,,,,,,,,,,,,,,,,,,,,,,,,,,,,,,,,,,,,,,,,,,,,,,,,,,,,,,,,,,,,
07_04,07,04,f,18,04/08/21,10/06/22,a,n,10.61,10.58,81.2,80.5,35.5,.,35.5,.,w,673166,673167,1,r,1,r,1,r,18,cu,,,,,,,,,,,,,,,,,,34,y,.,.,.,.,i,.,.,.,.,y,.,.,.,.,.,3,s,,,,,,,,,,,,,,,,,,79,.,.,.,.,y,i,.,.,.,.,y,.,.,.,.,.,,,,,,,,,,,,,,,,,,,,,,,,,,,,,,,,,,,,
07_04,07,04,f,18,04/08/21,10/06/22,a,n,10.61,10.58,81.2,80.5,35.5,.,35.5,.,w,673167,674288,1,r,1,r,1,r,,,,,,,,,,,,,,,,,,,,,,,,,,,,,,,,,,,,,3,s,,,,,,,,,,,,,,,,,,,,,,,,,,,,,,,,,,,,,,,,,,,,,,,,,,,,,,,,,,,,,,,,,,,,,,
07_04,07,04,f,18,04/08/21,10/06/22,a,n,10.61,10.58,81.2,80.5,35.5,.,35.5,.,w,674288,678301,1,r,1,r,1,r,,,,,,,,,,,,,,,,,,,,,,,,,,,,,,,,,,,,,3,s,79,y,.,.,.,.,pu,.,.,.,.,.,.,.,.,.,.,,,,,,,,,,,,,,,,,,,,,,,,,,,,,,,,,,,,,,,,,,,,,,,,,,,,,
07_04,07,04,f,18,04/08/21,10/06/22,a,n,10.61,10.58,81.2,80.5,35.5,.,35.5,.,w,678301,682788,1,r,1,r,1,r,,,,,,,,,,,,,,,,,,,,,,,,,,,,,,,,,,,,,,,,,,,,,,,,,,,,,,,,,,,,,,,,,,,,,,,,,,,,,,,,,,,,,,,,,,,,,,,,,,,,,,,,,,,,
07_04,07,04,f,18,04/08/21,10/06/22,a,n,10.61,10.58,81.2,80.5,35.5,.,35.5,.,w,682788,682789,1,r,1,r,1,r,19,p,36,y,.,.,.,.,t,y,.,.,.,.,.,.,.,.,.,35,y,.,.,.,.,f,.,.,.,.,.,.,.,.,.,y,,,,,,,,,,,,,,,,,,,,,,,,,,,,,,,,,,,,,,,,,,,,,,,,,,,,,,,,,,,,,,,,,,,,,,,,
07_04,07,04,f,18,04/08/21,10/06/22,a,n,10.61,10.58,81.2,80.5,35.5,.,35.5,.,w,682789,716041,1,r,1,r,1,r,19,p,36,y,.,.,.,.,t,y,.,.,.,.,.,.,.,.,.,,,,,,,,,,,,,,,,,,,,,,,,,,,,,,,,,,,,,,,,,,,,,,,,,,,,,,,,,,,,,,,,,,,,,,,,,,,,,,,,,,,,,,,,,
07_04,07,04,f,18,04/08/21,10/06/22,a,n,10.61,10.58,81.2,80.5,35.5,.,35.5,.,w,716041,721955,1,r,1,r,1,r,19,p,,,,,,,,,,,,,,,,,,,,,,,,,,,,,,,,,,,,,,,,,,,,,,,,,,,,,,,,,,,,,,,,,,,,,,,,,,,,,,,,,,,,,,,,,,,,,,,,,,,,,,,,,,
07_04,07,04,f,18,04/08/21,10/06/22,a,n,10.61,10.58,81.2,80.5,35.5,.,35.5,.,w,721955,721956,1,r,1,r,1,r,19,p,,,,,,,,,,,,,,,,,,37,y,.,.,.,.,f,.,.,.,.,.,.,.,.,.,y,,,,,,,,,,,,,,,,,,,,,,,,,,,,,,,,,,,,,,,,,,,,,,,,,,,,,,,,,,,,,,,,,,,,,,,,
07_04,07,04,f,18,04/08/21,10/06/22,a,n,10.61,10.58,81.2,80.5,35.5,.,35.5,.,w,721956,722058,1,r,1,r,1,r,19,p,,,,,,,,,,,,,,,,,,,,,,,,,,,,,,,,,,,,,,,,,,,,,,,,,,,,,,,,,,,,,,,,,,,,,,,,,,,,,,,,,,,,,,,,,,,,,,,,,,,,,,,,,,
07_04,07,04,f,18,04/08/21,10/06/22,a,n,10.61,10.58,81.2,80.5,35.5,.,35.5,.,w,722058,767449,1,r,1,r,1,r,19,p,38,y,.,.,.,.,t,y,.,.,.,.,.,.,.,.,.,,,,,,,,,,,,,,,,,,,,,,,,,,,,,,,,,,,,,,,,,,,,,,,,,,,,,,,,,,,,,,,,,,,,,,,,,,,,,,,,,,,,,,,,,
07_04,07,04,f,18,04/08/21,10/06/22,a,n,10.61,10.58,81.2,80.5,35.5,.,35.5,.,w,767449,773670,1,r,1,r,1,r,,,,,,,,,,,,,,,,,,,,,,,,,,,,,,,,,,,,,,,,,,,,,,,,,,,,,,,,,,,,,,,,,,,,,,,,,,,,,,,,,,,,,,,,,,,,,,,,,,,,,,,,,,,,
07_04,07,04,f,18,04/08/21,10/06/22,a,n,10.61,10.58,81.2,80.5,35.5,.,35.5,.,w,773670,779110,1,r,1,r,1,r,20,s,39,y,.,.,.,.,pu,.,.,.,.,.,.,.,.,.,.,,,,,,,,,,,,,,,,,,,,,,,,,,,,,,,,,,,,,,,,,,,,,,,,,,,,,,,,,,,,,,,,,,,,,,,,,,,,,,,,,,,,,,,,,
07_04,07,04,f,18,04/08/21,10/06/22,a,n,10.61,10.58,81.2,80.5,35.5,.,35.5,.,w,779110,779111,1,r,1,r,1,r,20,s,39,y,.,.,.,.,pu,.,.,.,.,.,.,.,.,.,.,40,y,.,.,.,.,p,.,.,.,.,.,.,.,.,.,.,,,,,,,,,,,,,,,,,,,,,,,,,,,,,,,,,,,,,,,,,,,,,,,,,,,,,,,,,,,,,,,,,,,,,,,,
07_04,07,04,f,18,04/08/21,10/06/22,a,n,10.61,10.58,81.2,80.5,35.5,.,35.5,.,w,779111,780062,1,r,1,r,1,r,20,s,39,y,.,.,.,.,pu,.,.,.,.,.,.,.,.,.,.,,,,,,,,,,,,,,,,,,,,,,,,,,,,,,,,,,,,,,,,,,,,,,,,,,,,,,,,,,,,,,,,,,,,,,,,,,,,,,,,,,,,,,,,,
07_04,07,04,f,18,04/08/21,10/06/22,a,n,10.61,10.58,81.2,80.5,35.5,.,35.5,.,w,780062,780063,1,r,1,r,1,r,20,s,39,y,.,.,.,.,pu,.,.,.,.,.,.,.,.,.,.,41,y,.,.,.,.,p,.,.,.,.,.,.,.,.,.,.,,,,,,,,,,,,,,,,,,,,,,,,,,,,,,,,,,,,,,,,,,,,,,,,,,,,,,,,,,,,,,,,,,,,,,,,
07_04,07,04,f,18,04/08/21,10/06/22,a,n,10.61,10.58,81.2,80.5,35.5,.,35.5,.,w,780063,782170,1,r,1,r,1,r,20,s,39,y,.,.,.,.,pu,.,.,.,.,.,.,.,.,.,.,,,,,,,,,,,,,,,,,,,,,,,,,,,,,,,,,,,,,,,,,,,,,,,,,,,,,,,,,,,,,,,,,,,,,,,,,,,,,,,,,,,,,,,,,
07_04,07,04,f,18,04/08/21,10/06/22,a,n,10.61,10.58,81.2,80.5,35.5,.,35.5,.,w,782170,782171,1,r,1,r,1,r,20,s,39,y,.,.,.,.,pu,.,.,.,.,.,.,.,.,.,.,42,y,.,.,.,.,p,.,.,.,.,.,.,.,.,.,.,,,,,,,,,,,,,,,,,,,,,,,,,,,,,,,,,,,,,,,,,,,,,,,,,,,,,,,,,,,,,,,,,,,,,,,,
07_04,07,04,f,18,04/08/21,10/06/22,a,n,10.61,10.58,81.2,80.5,35.5,.,35.5,.,w,782171,785435,1,r,1,r,1,r,20,s,39,y,.,.,.,.,pu,.,.,.,.,.,.,.,.,.,.,,,,,,,,,,,,,,,,,,,,,,,,,,,,,,,,,,,,,,,,,,,,,,,,,,,,,,,,,,,,,,,,,,,,,,,,,,,,,,,,,,,,,,,,,
07_04,07,04,f,18,04/08/21,10/06/22,a,n,10.61,10.58,81.2,80.5,35.5,.,35.5,.,w,785435,787270,1,r,1,r,1,r,,,,,,,,,,,,,,,,,,,,,,,,,,,,,,,,,,,,,,,,,,,,,,,,,,,,,,,,,,,,,,,,,,,,,,,,,,,,,,,,,,,,,,,,,,,,,,,,,,,,,,,,,,,,
07_04,07,04,f,18,04/08/21,10/06/22,a,n,10.61,10.58,81.2,80.5,35.5,.,35.5,.,w,787270,787271,1,r,1,r,1,r,21,r,,,,,,,,,,,,,,,,,,43,y,.,.,.,.,p,.,.,.,.,.,.,.,.,.,.,,,,,,,,,,,,,,,,,,,,,,,,,,,,,,,,,,,,,,,,,,,,,,,,,,,,,,,,,,,,,,,,,,,,,,,,
07_04,07,04,f,18,04/08/21,10/06/22,a,n,10.61,10.58,81.2,80.5,35.5,.,35.5,.,w,787271,788494,1,r,1,r,1,r,21,r,,,,,,,,,,,,,,,,,,,,,,,,,,,,,,,,,,,,,,,,,,,,,,,,,,,,,,,,,,,,,,,,,,,,,,,,,,,,,,,,,,,,,,,,,,,,,,,,,,,,,,,,,,
07_04,07,04,f,18,04/08/21,10/06/22,a,n,10.61,10.58,81.2,80.5,35.5,.,35.5,.,w,788494,789107,1,r,1,r,1,r,21,r,44,y,.,.,.,.,s,y,.,.,.,.,.,.,.,.,.,,,,,,,,,,,,,,,,,,,,,,,,,,,,,,,,,,,,,,,,,,,,,,,,,,,,,,,,,,,,,,,,,,,,,,,,,,,,,,,,,,,,,,,,,
07_04,07,04,f,18,04/08/21,10/06/22,a,n,10.61,10.58,81.2,80.5,35.5,.,35.5,.,w,789107,790126,1,r,1,r,1,r,21,r,,,,,,,,,,,,,,,,,,,,,,,,,,,,,,,,,,,,,,,,,,,,,,,,,,,,,,,,,,,,,,,,,,,,,,,,,,,,,,,,,,,,,,,,,,,,,,,,,,,,,,,,,,
07_04,07,04,f,18,04/08/21,10/06/22,a,n,10.61,10.58,81.2,80.5,35.5,.,35.5,.,w,790126,790127,1,r,1,r,1,r,21,r,,,,,,,,,,,,,,,,,,45,y,.,.,.,.,i,.,.,.,.,y,.,.,.,.,.,4,s,,,,,,,,,,,,,,,,,,79,.,.,.,.,y,i,.,.,.,.,y,.,.,.,.,.,,,,,,,,,,,,,,,,,,,,,,,,,,,,,,,,,,,,
07_04,07,04,f,18,04/08/21,10/06/22,a,n,10.61,10.58,81.2,80.5,35.5,.,35.5,.,w,790127,791588,1,r,1,r,1,r,,,,,,,,,,,,,,,,,,,,,,,,,,,,,,,,,,,,,4,s,,,,,,,,,,,,,,,,,,,,,,,,,,,,,,,,,,,,,,,,,,,,,,,,,,,,,,,,,,,,,,,,,,,,,,
07_04,07,04,f,18,04/08/21,10/06/22,a,n,10.61,10.58,81.2,80.5,35.5,.,35.5,.,w,791588,794036,1,r,1,r,1,r,,,,,,,,,,,,,,,,,,,,,,,,,,,,,,,,,,,,,4,s,79,y,.,.,.,.,pu,.,.,.,.,.,.,.,.,.,.,,,,,,,,,,,,,,,,,,,,,,,,,,,,,,,,,,,,,,,,,,,,,,,,,,,,,
07_04,07,04,f,18,04/08/21,10/06/22,a,n,10.61,10.58,81.2,80.5,35.5,.,35.5,.,w,794036,794037,1,r,1,r,1,r,,,,,,,,,,,,,,,,,,,,,,,,,,,,,,,,,,,,,4,s,79,y,.,.,.,.,pu,.,.,.,.,.,.,.,.,.,.,79,y,.,.,.,.,p,.,.,.,.,.,.,.,.,.,.,,,,,,,,,,,,,,,,,,,,,,,,,,,,,,,,,,,,
07_04,07,04,f,18,04/08/21,10/06/22,a,n,10.61,10.58,81.2,80.5,35.5,.,35.5,.,w,794037,799239,1,r,1,r,1,r,,,,,,,,,,,,,,,,,,,,,,,,,,,,,,,,,,,,,4,s,79,y,.,.,.,.,pu,.,.,.,.,.,.,.,.,.,.,,,,,,,,,,,,,,,,,,,,,,,,,,,,,,,,,,,,,,,,,,,,,,,,,,,,,
07_04,07,04,f,18,04/08/21,10/06/22,a,n,10.61,10.58,81.2,80.5,35.5,.,35.5,.,w,799239,801210,1,r,1,r,1,r,,,,,,,,,,,,,,,,,,,,,,,,,,,,,,,,,,,,,,,,,,,,,,,,,,,,,,,,,,,,,,,,,,,,,,,,,,,,,,,,,,,,,,,,,,,,,,,,,,,,,,,,,,,,
07_04,07,04,f,18,04/08/21,10/06/22,a,n,10.61,10.58,81.2,80.5,35.5,.,35.5,.,w,801210,802265,1,r,1,r,1,r,22,m,46,y,.,.,.,.,t,y,.,.,.,.,.,.,.,.,.,,,,,,,,,,,,,,,,,,,,,,,,,,,,,,,,,,,,,,,,,,,,,,,,,,,,,,,,,,,,,,,,,,,,,,,,,,,,,,,,,,,,,,,,,
07_04,07,04,f,18,04/08/21,10/06/22,a,n,10.61,10.58,81.2,80.5,35.5,.,35.5,.,w,802265,803387,1,r,1,r,1,r,22,m,47,y,.,.,.,.,pu,.,.,.,.,.,.,.,.,.,.,,,,,,,,,,,,,,,,,,,,,,,,,,,,,,,,,,,,,,,,,,,,,,,,,,,,,,,,,,,,,,,,,,,,,,,,,,,,,,,,,,,,,,,,,
07_04,07,04,f,18,04/08/21,10/06/22,a,n,10.61,10.58,81.2,80.5,35.5,.,35.5,.,w,803387,806821,1,r,1,r,1,r,22,m,48,y,.,.,.,.,t,y,.,.,.,.,.,.,.,.,.,,,,,,,,,,,,,,,,,,,,,,,,,,,,,,,,,,,,,,,,,,,,,,,,,,,,,,,,,,,,,,,,,,,,,,,,,,,,,,,,,,,,,,,,,
07_04,07,04,f,18,04/08/21,10/06/22,a,n,10.61,10.58,81.2,80.5,35.5,.,35.5,.,w,806821,810561,1,r,1,r,1,r,22,m,49,y,.,.,.,.,pu,.,.,.,.,.,.,.,.,.,.,,,,,,,,,,,,,,,,,,,,,,,,,,,,,,,,,,,,,,,,,,,,,,,,,,,,,,,,,,,,,,,,,,,,,,,,,,,,,,,,,,,,,,,,,
07_04,07,04,f,18,04/08/21,10/06/22,a,n,10.61,10.58,81.2,80.5,35.5,.,35.5,.,w,810561,813144,1,r,1,r,1,r,,,,,,,,,,,,,,,,,,,,,,,,,,,,,,,,,,,,,,,,,,,,,,,,,,,,,,,,,,,,,,,,,,,,,,,,,,,,,,,,,,,,,,,,,,,,,,,,,,,,,,,,,,,,
07_04,07,04,f,18,04/08/21,10/06/22,a,n,10.61,10.58,81.2,80.5,35.5,.,35.5,.,w,813144,813348,1,r,1,r,1,r,23,s,,,,,,,,,,,,,,,,,,,,,,,,,,,,,,,,,,,,,,,,,,,,,,,,,,,,,,,,,,,,,,,,,,,,,,,,,,,,,,,,,,,,,,,,,,,,,,,,,,,,,,,,,,
07_04,07,04,f,18,04/08/21,10/06/22,a,n,10.61,10.58,81.2,80.5,35.5,.,35.5,.,w,813348,814165,1,r,1,r,1,r,23,s,,,,,,,,,,,,,,,,,,,,,,,,,,,,,,,,,,,5,r,,,,,,,,,,,,,,,,,,,,,,,,,,,,,,,,,,,,,,,,,,,,,,,,,,,,,,,,,,,,,,,,,,,,,,
07_04,07,04,f,18,04/08/21,10/06/22,a,n,10.61,10.58,81.2,80.5,35.5,.,35.5,.,w,814165,814844,1,r,1,r,1,r,23,s,,,,,,,,,,,,,,,,,,,,,,,,,,,,,,,,,,,,,,,,,,,,,,,,,,,,,,,,,,,,,,,,,,,,,,,,,,,,,,,,,,,,,,,,,,,,,,,,,,,,,,,,,,
07_04,07,04,f,18,04/08/21,10/06/22,a,n,10.61,10.58,81.2,80.5,35.5,.,35.5,.,w,814844,819196,1,r,1,r,1,r,23,s,50,y,.,.,.,.,pu,.,.,.,.,.,.,.,.,.,.,,,,,,,,,,,,,,,,,,,,,,,,,,,,,,,,,,,,,,,,,,,,,,,,,,,,,,,,,,,,,,,,,,,,,,,,,,,,,,,,,,,,,,,,,
07_04,07,04,f,18,04/08/21,10/06/22,a,n,10.61,10.58,81.2,80.5,35.5,.,35.5,.,w,819196,820489,1,r,1,r,1,r,23,s,50,y,.,.,.,.,pu,.,.,.,.,.,.,.,.,.,.,,,,,,,,,,,,,,,,,,6,rb,79,y,.,.,.,.,pu,.,.,.,.,.,.,.,.,.,.,,,,,,,,,,,,,,,,,,,,,,,,,,,,,,,,,,,,,,,,,,,,,,,,,,,,,
07_04,07,04,f,18,04/08/21,10/06/22,a,n,10.61,10.58,81.2,80.5,35.5,.,35.5,.,w,820489,822086,1,r,1,r,1,r,23,s,50,y,.,.,.,.,pu,.,.,.,.,.,.,.,.,.,.,,,,,,,,,,,,,,,,,,6,rb,,,,,,,,,,,,,,,,,,,,,,,,,,,,,,,,,,,,,,,,,,,,,,,,,,,,,,,,,,,,,,,,,,,,,,
07_04,07,04,f,18,04/08/21,10/06/22,a,n,10.61,10.58,81.2,80.5,35.5,.,35.5,.,w,822086,822087,1,r,1,r,1,r,23,s,50,y,.,.,.,.,pu,.,.,.,.,.,.,.,.,.,.,,,,,,,,,,,,,,,,,,6,rb,,,,,,,,,,,,,,,,,,79,y,.,.,.,.,p,.,.,.,.,.,.,.,.,.,.,,,,,,,,,,,,,,,,,,,,,,,,,,,,,,,,,,,,
07_04,07,04,f,18,04/08/21,10/06/22,a,n,10.61,10.58,81.2,80.5,35.5,.,35.5,.,w,822087,822698,1,r,1,r,1,r,23,s,50,y,.,.,.,.,pu,.,.,.,.,.,.,.,.,.,.,,,,,,,,,,,,,,,,,,6,rb,,,,,,,,,,,,,,,,,,,,,,,,,,,,,,,,,,,,,,,,,,,,,,,,,,,,,,,,,,,,,,,,,,,,,,
07_04,07,04,f,18,04/08/21,10/06/22,a,n,10.61,10.58,81.2,80.5,35.5,.,35.5,.,w,822698,822699,1,r,1,r,1,r,23,s,50,y,.,.,.,.,pu,.,.,.,.,.,.,.,.,.,.,,,,,,,,,,,,,,,,,,6,rb,,,,,,,,,,,,,,,,,,79,y,.,.,.,.,th,.,.,.,.,.,.,.,.,.,.,,,,,,,,,,,,,,,,,,,,,,,,,,,,,,,,,,,,
07_04,07,04,f,18,04/08/21,10/06/22,a,n,10.61,10.58,81.2,80.5,35.5,.,35.5,.,w,822699,831777,1,r,1,r,1,r,23,s,50,y,.,.,.,.,pu,.,.,.,.,.,.,.,.,.,.,,,,,,,,,,,,,,,,,,,,,,,,,,,,,,,,,,,,,,,,,,,,,,,,,,,,,,,,,,,,,,,,,,,,,,,,,,,,,,,,,,,,,,,,,
07_04,07,04,f,18,04/08/21,10/06/22,a,n,10.61,10.58,81.2,80.5,35.5,.,35.5,.,w,831777,837420,1,r,1,r,1,r,,,,,,,,,,,,,,,,,,,,,,,,,,,,,,,,,,,,,,,,,,,,,,,,,,,,,,,,,,,,,,,,,,,,,,,,,,,,,,,,,,,,,,,,,,,,,,,,,,,,,,,,,,,,
07_04,07,04,f,18,04/08/21,10/06/22,a,n,10.61,10.58,81.2,80.5,35.5,.,35.5,.,w,837420,842045,1,r,1,r,1,r,24,ca,51,y,.,.,.,.,pu,.,.,.,.,.,.,.,.,.,.,,,,,,,,,,,,,,,,,,,,,,,,,,,,,,,,,,,,,,,,,,,,,,,,,,,,,,,,,,,,,,,,,,,,,,,,,,,,,,,,,,,,,,,,,
07_04,07,04,f,18,04/08/21,10/06/22,a,n,10.61,10.58,81.2,80.5,35.5,.,35.5,.,w,842045,846260,1,r,1,r,1,r,,,,,,,,,,,,,,,,,,,,,,,,,,,,,,,,,,,,,,,,,,,,,,,,,,,,,,,,,,,,,,,,,,,,,,,,,,,,,,,,,,,,,,,,,,,,,,,,,,,,,,,,,,,,
07_04,07,04,f,18,04/08/21,10/06/22,a,n,10.61,10.58,81.2,80.5,35.5,.,35.5,.,w,846260,846261,1,r,1,r,1,r,25,p,,,,,,,,,,,,,,,,,,52,y,.,.,.,.,f,.,.,.,.,.,.,.,.,.,y,,,,,,,,,,,,,,,,,,,,,,,,,,,,,,,,,,,,,,,,,,,,,,,,,,,,,,,,,,,,,,,,,,,,,,,,
07_04,07,04,f,18,04/08/21,10/06/22,a,n,10.61,10.58,81.2,80.5,35.5,.,35.5,.,w,846261,860711,1,r,1,r,1,r,25,p,53,y,.,.,.,.,t,.,.,.,.,.,.,.,.,.,.,,,,,,,,,,,,,,,,,,,,,,,,,,,,,,,,,,,,,,,,,,,,,,,,,,,,,,,,,,,,,,,,,,,,,,,,,,,,,,,,,,,,,,,,,
07_04,07,04,f,18,04/08/21,10/06/22,a,n,10.61,10.58,81.2,80.5,35.5,.,35.5,.,w,860711,862989,1,r,1,r,1,r,25,p,54,y,.,.,.,.,s,.,.,.,.,.,.,.,.,.,.,,,,,,,,,,,,,,,,,,,,,,,,,,,,,,,,,,,,,,,,,,,,,,,,,,,,,,,,,,,,,,,,,,,,,,,,,,,,,,,,,,,,,,,,,
07_04,07,04,f,18,04/08/21,10/06/22,a,n,10.61,10.58,81.2,80.5,35.5,.,35.5,.,w,862989,881077,1,r,1,r,1,r,25,p,55,y,.,.,.,.,t,.,.,.,.,.,.,.,.,.,.,,,,,,,,,,,,,,,,,,,,,,,,,,,,,,,,,,,,,,,,,,,,,,,,,,,,,,,,,,,,,,,,,,,,,,,,,,,,,,,,,,,,,,,,,
07_04,07,04,f,18,04/08/21,10/06/22,a,n,10.61,10.58,81.2,80.5,35.5,.,35.5,.,w,881077,884306,1,r,1,r,1,r,25,p,,,,,,,,,,,,,,,,,,,,,,,,,,,,,,,,,,,,,,,,,,,,,,,,,,,,,,,,,,,,,,,,,,,,,,,,,,,,,,,,,,,,,,,,,,,,,,,,,,,,,,,,,,
07_04,07,04,f,18,04/08/21,10/06/22,a,n,10.61,10.58,81.2,80.5,35.5,.,35.5,.,w,884306,898927,1,r,1,r,1,r,25,p,56,y,.,.,.,.,t,.,.,.,.,.,.,.,.,.,y,,,,,,,,,,,,,,,,,,,,,,,,,,,,,,,,,,,,,,,,,,,,,,,,,,,,,,,,,,,,,,,,,,,,,,,,,,,,,,,,,,,,,,,,,
07_04,07,04,f,18,04/08/21,10/06/22,a,n,10.61,10.58,81.2,80.5,35.5,.,35.5,.,w,898927,905760,1,r,1,r,1,r,,,,,,,,,,,,,,,,,,,,,,,,,,,,,,,,,,,,,,,,,,,,,,,,,,,,,,,,,,,,,,,,,,,,,,,,,,,,,,,,,,,,,,,,,,,,,,,,,,,,,,,,,,,,
07_04,07,04,f,18,04/08/21,10/06/22,a,n,10.61,10.58,81.2,80.5,35.5,.,35.5,.,w,905760,905761,1,r,1,r,1,r,26,b,,,,,,,,,,,,,,,,,,57,y,.,.,.,.,p,.,.,.,.,.,.,.,.,.,.,,,,,,,,,,,,,,,,,,,,,,,,,,,,,,,,,,,,,,,,,,,,,,,,,,,,,,,,,,,,,,,,,,,,,,,,
07_04,07,04,f,18,04/08/21,10/06/22,a,n,10.61,10.58,81.2,80.5,35.5,.,35.5,.,w,905761,924324,1,r,1,r,1,r,26,b,,,,,,,,,,,,,,,,,,,,,,,,,,,,,,,,,,,,,,,,,,,,,,,,,,,,,,,,,,,,,,,,,,,,,,,,,,,,,,,,,,,,,,,,,,,,,,,,,,,,,,,,,,
07_04,07,04,f,18,04/08/21,10/06/22,a,n,10.61,10.58,81.2,80.5,35.5,.,35.5,.,w,924324,924325,1,r,1,r,1,r,26,b,,,,,,,,,,,,,,,,,,58,y,.,.,.,.,d,.,.,.,.,.,.,.,.,.,.,,,,,,,,,,,,,,,,,,,,,,,,,,,,,,,,,,,,,,,,,,,,,,,,,,,,,,,,,,,,,,,,,,,,,,,,
07_04,07,04,f,18,04/08/21,10/06/22,a,n,10.61,10.58,81.2,80.5,35.5,.,35.5,.,w,924325,926194,1,r,1,r,1,r,,,,,,,,,,,,,,,,,,,,,,,,,,,,,,,,,,,,,,,,,,,,,,,,,,,,,,,,,,,,,,,,,,,,,,,,,,,,,,,,,,,,,,,,,,,,,,,,,,,,,,,,,,,,
07_04,07,04,f,18,04/08/21,10/06/22,a,n,10.61,10.58,81.2,80.5,35.5,.,35.5,.,w,926194,931533,1,r,1,r,1,r,27,s,59,y,.,.,.,.,pu,.,.,.,.,.,.,.,.,.,.,,,,,,,,,,,,,,,,,,,,,,,,,,,,,,,,,,,,,,,,,,,,,,,,,,,,,,,,,,,,,,,,,,,,,,,,,,,,,,,,,,,,,,,,,
07_04,07,04,f,18,04/08/21,10/06/22,a,n,10.61,10.58,81.2,80.5,35.5,.,35.5,.,w,931533,932314,1,r,1,r,1,r,,,,,,,,,,,,,,,,,,,,,,,,,,,,,,,,,,,,,,,,,,,,,,,,,,,,,,,,,,,,,,,,,,,,,,,,,,,,,,,,,,,,,,,,,,,,,,,,,,,,,,,,,,,,
07_04,07,04,f,18,04/08/21,10/06/22,a,n,10.61,10.58,81.2,80.5,35.5,.,35.5,.,w,932314,938401,1,r,1,r,1,r,28,a,60,y,.,.,.,.,t,y,.,.,.,.,.,.,.,.,.,,,,,,,,,,,,,,,,,,,,,,,,,,,,,,,,,,,,,,,,,,,,,,,,,,,,,,,,,,,,,,,,,,,,,,,,,,,,,,,,,,,,,,,,,
07_04,07,04,f,18,04/08/21,10/06/22,a,n,10.61,10.58,81.2,80.5,35.5,.,35.5,.,w,938401,939556,1,r,1,r,1,r,,,,,,,,,,,,,,,,,,,,,,,,,,,,,,,,,,,,,,,,,,,,,,,,,,,,,,,,,,,,,,,,,,,,,,,,,,,,,,,,,,,,,,,,,,,,,,,,,,,,,,,,,,,,
07_04,07,04,f,18,04/08/21,10/06/22,a,n,10.61,10.58,81.2,80.5,35.5,.,35.5,.,w,939556,944010,1,r,1,r,1,r,29,s,61,y,.,.,.,.,pu,.,.,.,.,.,.,.,.,.,.,,,,,,,,,,,,,,,,,,,,,,,,,,,,,,,,,,,,,,,,,,,,,,,,,,,,,,,,,,,,,,,,,,,,,,,,,,,,,,,,,,,,,,,,,
07_04,07,04,f,18,04/08/21,10/06/22,a,n,10.61,10.58,81.2,80.5,35.5,.,35.5,.,w,944010,944011,1,r,1,r,1,r,29,s,61,y,.,.,.,.,pu,.,.,.,.,.,.,.,.,.,.,62,.,.,.,.,y,o,.,.,.,y,.,.,.,.,.,.,7,r,,,,,,,,,,,,,,,,,,79,y,.,.,.,.,o,.,.,.,y,.,.,.,.,.,.,,,,,,,,,,,,,,,,,,,,,,,,,,,,,,,,,,,,
07_04,07,04,f,18,04/08/21,10/06/22,a,n,10.61,10.58,81.2,80.5,35.5,.,35.5,.,w,944011,945405,1,r,1,r,1,r,29,s,61,y,.,.,.,.,pu,.,.,.,.,.,.,.,.,.,.,,,,,,,,,,,,,,,,,,7,r,,,,,,,,,,,,,,,,,,,,,,,,,,,,,,,,,,,,,,,,,,,,,,,,,,,,,,,,,,,,,,,,,,,,,,
07_04,07,04,f,18,04/08/21,10/06/22,a,n,10.61,10.58,81.2,80.5,35.5,.,35.5,.,w,945405,945914,1,r,1,r,1,r,29,s,,,,,,,,,,,,,,,,,,,,,,,,,,,,,,,,,,,7,r,,,,,,,,,,,,,,,,,,,,,,,,,,,,,,,,,,,,,,,,,,,,,,,,,,,,,,,,,,,,,,,,,,,,,,
07_04,07,04,f,18,04/08/21,10/06/22,a,n,10.61,10.58,81.2,80.5,35.5,.,35.5,.,w,945914,946799,1,r,1,r,1,r,29,s,,,,,,,,,,,,,,,,,,,,,,,,,,,,,,,,,,,7,r,79,y,.,.,.,.,s,y,.,.,.,.,.,.,.,.,.,,,,,,,,,,,,,,,,,,,,,,,,,,,,,,,,,,,,,,,,,,,,,,,,,,,,,
07_04,07,04,f,18,04/08/21,10/06/22,a,n,10.61,10.58,81.2,80.5,35.5,.,35.5,.,w,946799,947240,1,r,1,r,1,r,29,s,,,,,,,,,,,,,,,,,,,,,,,,,,,,,,,,,,,7,r,,,,,,,,,,,,,,,,,,,,,,,,,,,,,,,,,,,,,,,,,,,,,,,,,,,,,,,,,,,,,,,,,,,,,,
07_04,07,04,f,18,04/08/21,10/06/22,a,n,10.61,10.58,81.2,80.5,35.5,.,35.5,.,w,947240,947241,1,r,1,r,1,r,29,s,,,,,,,,,,,,,,,,,,63,.,.,.,.,y,i,.,.,.,.,y,.,.,.,.,.,7,r,,,,,,,,,,,,,,,,,,79,y,.,.,.,.,i,.,.,.,.,y,.,.,.,.,.,,,,,,,,,,,,,,,,,,,,,,,,,,,,,,,,,,,,
07_04,07,04,f,18,04/08/21,10/06/22,a,n,10.61,10.58,81.2,80.5,35.5,.,35.5,.,w,947241,948940,1,r,1,r,1,r,29,s,,,,,,,,,,,,,,,,,,,,,,,,,,,,,,,,,,,7,r,,,,,,,,,,,,,,,,,,,,,,,,,,,,,,,,,,,,,,,,,,,,,,,,,,,,,,,,,,,,,,,,,,,,,,
07_04,07,04,f,18,04/08/21,10/06/22,a,n,10.61,10.58,81.2,80.5,35.5,.,35.5,.,w,948940,948941,1,r,1,r,1,r,29,s,,,,,,,,,,,,,,,,,,64,.,.,.,.,y,o,.,.,.,y,.,.,.,.,.,.,7,r,,,,,,,,,,,,,,,,,,79,y,.,.,.,.,o,.,.,.,y,.,.,.,.,.,.,,,,,,,,,,,,,,,,,,,,,,,,,,,,,,,,,,,,
07_04,07,04,f,18,04/08/21,10/06/22,a,n,10.61,10.58,81.2,80.5,35.5,.,35.5,.,w,948941,949416,1,r,1,r,1,r,29,s,,,,,,,,,,,,,,,,,,,,,,,,,,,,,,,,,,,7,r,,,,,,,,,,,,,,,,,,,,,,,,,,,,,,,,,,,,,,,,,,,,,,,,,,,,,,,,,,,,,,,,,,,,,,
07_04,07,04,f,18,04/08/21,10/06/22,a,n,10.61,10.58,81.2,80.5,35.5,.,35.5,.,w,949416,949417,1,r,1,r,1,r,29,s,,,,,,,,,,,,,,,,,,65,.,.,.,.,y,i,.,.,.,.,y,.,.,.,.,.,7,r,,,,,,,,,,,,,,,,,,79,y,.,.,.,.,i,.,.,.,.,y,.,.,.,.,.,,,,,,,,,,,,,,,,,,,,,,,,,,,,,,,,,,,,
07_04,07,04,f,18,04/08/21,10/06/22,a,n,10.61,10.58,81.2,80.5,35.5,.,35.5,.,w,949417,952953,1,r,1,r,1,r,29,s,,,,,,,,,,,,,,,,,,,,,,,,,,,,,,,,,,,7,r,,,,,,,,,,,,,,,,,,,,,,,,,,,,,,,,,,,,,,,,,,,,,,,,,,,,,,,,,,,,,,,,,,,,,,
07_04,07,04,f,18,04/08/21,10/06/22,a,n,10.61,10.58,81.2,80.5,35.5,.,35.5,.,w,952953,953157,1,r,1,r,1,r,29,s,,,,,,,,,,,,,,,,,,,,,,,,,,,,,,,,,,,,,,,,,,,,,,,,,,,,,,,,,,,,,,,,,,,,,,,,,,,,,,,,,,,,,,,,,,,,,,,,,,,,,,,,,,
07_04,07,04,f,18,04/08/21,10/06/22,a,n,10.61,10.58,81.2,80.5,35.5,.,35.5,.,w,953157,957746,1,r,1,r,1,r,,,,,,,,,,,,,,,,,,,,,,,,,,,,,,,,,,,,,,,,,,,,,,,,,,,,,,,,,,,,,,,,,,,,,,,,,,,,,,,,,,,,,,,,,,,,,,,,,,,,,,,,,,,,
07_04,07,04,f,18,04/08/21,10/06/22,a,n,10.61,10.58,81.2,80.5,35.5,.,35.5,.,w,957746,959005,1,r,1,r,1,r,30,b,,,,,,,,,,,,,,,,,,,,,,,,,,,,,,,,,,,,,,,,,,,,,,,,,,,,,,,,,,,,,,,,,,,,,,,,,,,,,,,,,,,,,,,,,,,,,,,,,,,,,,,,,,
07_04,07,04,f,18,04/08/21,10/06/22,a,n,10.61,10.58,81.2,80.5,35.5,.,35.5,.,w,959005,962710,1,r,1,r,1,r,,,,,,,,,,,,,,,,,,,,,,,,,,,,,,,,,,,,,,,,,,,,,,,,,,,,,,,,,,,,,,,,,,,,,,,,,,,,,,,,,,,,,,,,,,,,,,,,,,,,,,,,,,,,
07_04,07,04,f,18,04/08/21,10/06/22,a,n,10.61,10.58,81.2,80.5,35.5,.,35.5,.,w,962710,964002,1,r,1,r,1,r,31,g,,,,,,,,,,,,,,,,,,,,,,,,,,,,,,,,,,,,,,,,,,,,,,,,,,,,,,,,,,,,,,,,,,,,,,,,,,,,,,,,,,,,,,,,,,,,,,,,,,,,,,,,,,
07_04,07,04,f,18,04/08/21,10/06/22,a,n,10.61,10.58,81.2,80.5,35.5,.,35.5,.,w,964002,964003,1,r,1,r,1,r,31,g,,,,,,,,,,,,,,,,,,66,y,.,.,.,.,p,.,.,.,.,.,.,.,.,.,.,,,,,,,,,,,,,,,,,,,,,,,,,,,,,,,,,,,,,,,,,,,,,,,,,,,,,,,,,,,,,,,,,,,,,,,,
07_04,07,04,f,18,04/08/21,10/06/22,a,n,10.61,10.58,81.2,80.5,35.5,.,35.5,.,w,964003,964614,1,r,1,r,1,r,31,g,,,,,,,,,,,,,,,,,,,,,,,,,,,,,,,,,,,,,,,,,,,,,,,,,,,,,,,,,,,,,,,,,,,,,,,,,,,,,,,,,,,,,,,,,,,,,,,,,,,,,,,,,,
07_04,07,04,f,18,04/08/21,10/06/22,a,n,10.61,10.58,81.2,80.5,35.5,.,35.5,.,w,964614,964615,1,r,1,r,1,r,31,g,,,,,,,,,,,,,,,,,,67,y,.,.,.,.,d,.,.,.,.,.,.,.,.,.,.,,,,,,,,,,,,,,,,,,,,,,,,,,,,,,,,,,,,,,,,,,,,,,,,,,,,,,,,,,,,,,,,,,,,,,,,
07_04,07,04,f,18,04/08/21,10/06/22,a,n,10.61,10.58,81.2,80.5,35.5,.,35.5,.,w,964615,966348,1,r,1,r,1,r,31,g,,,,,,,,,,,,,,,,,,,,,,,,,,,,,,,,,,,,,,,,,,,,,,,,,,,,,,,,,,,,,,,,,,,,,,,,,,,,,,,,,,,,,,,,,,,,,,,,,,,,,,,,,,
07_04,07,04,f,18,04/08/21,10/06/22,a,n,10.61,10.58,81.2,80.5,35.5,.,35.5,.,w,966348,966349,1,r,1,r,1,r,31,g,,,,,,,,,,,,,,,,,,68,y,.,.,.,.,p,.,.,.,.,.,.,.,.,.,.,,,,,,,,,,,,,,,,,,,,,,,,,,,,,,,,,,,,,,,,,,,,,,,,,,,,,,,,,,,,,,,,,,,,,,,,
07_04,07,04,f,18,04/08/21,10/06/22,a,n,10.61,10.58,81.2,80.5,35.5,.,35.5,.,w,966349,968082,1,r,1,r,1,r,31,g,,,,,,,,,,,,,,,,,,,,,,,,,,,,,,,,,,,,,,,,,,,,,,,,,,,,,,,,,,,,,,,,,,,,,,,,,,,,,,,,,,,,,,,,,,,,,,,,,,,,,,,,,,
07_04,07,04,f,18,04/08/21,10/06/22,a,n,10.61,10.58,81.2,80.5,35.5,.,35.5,.,w,968082,968083,1,r,1,r,1,r,31,g,,,,,,,,,,,,,,,,,,69,y,.,.,.,.,d,.,.,.,.,.,.,.,.,.,.,,,,,,,,,,,,,,,,,,,,,,,,,,,,,,,,,,,,,,,,,,,,,,,,,,,,,,,,,,,,,,,,,,,,,,,,
07_04,07,04,f,18,04/08/21,10/06/22,a,n,10.61,10.58,81.2,80.5,35.5,.,35.5,.,w,968083,970190,1,r,1,r,1,r,,,,,,,,,,,,,,,,,,,,,,,,,,,,,,,,,,,,,,,,,,,,,,,,,,,,,,,,,,,,,,,,,,,,,,,,,,,,,,,,,,,,,,,,,,,,,,,,,,,,,,,,,,,,
07_04,07,04,f,18,04/08/21,10/06/22,a,n,10.61,10.58,81.2,80.5,35.5,.,35.5,.,w,970190,972061,1,r,1,r,1,r,32,s,70,y,.,.,.,.,pu,.,.,.,.,.,.,.,.,.,.,,,,,,,,,,,,,,,,,,,,,,,,,,,,,,,,,,,,,,,,,,,,,,,,,,,,,,,,,,,,,,,,,,,,,,,,,,,,,,,,,,,,,,,,,
07_04,07,04,f,18,04/08/21,10/06/22,a,n,10.61,10.58,81.2,80.5,35.5,.,35.5,.,w,972061,974814,1,r,1,r,1,r,,,,,,,,,,,,,,,,,,,,,,,,,,,,,,,,,,,,,,,,,,,,,,,,,,,,,,,,,,,,,,,,,,,,,,,,,,,,,,,,,,,,,,,,,,,,,,,,,,,,,,,,,,,,
07_04,07,04,f,18,04/08/21,10/06/22,a,n,10.61,10.58,81.2,80.5,35.5,.,35.5,.,w,974814,974815,1,r,1,r,1,r,33,pb,,,,,,,,,,,,,,,,,,71,y,.,.,.,.,p,.,.,.,.,.,.,.,.,.,.,,,,,,,,,,,,,,,,,,,,,,,,,,,,,,,,,,,,,,,,,,,,,,,,,,,,,,,,,,,,,,,,,,,,,,,,
07_04,07,04,f,18,04/08/21,10/06/22,a,n,10.61,10.58,81.2,80.5,35.5,.,35.5,.,w,974815,975766,1,r,1,r,1,r,33,pb,,,,,,,,,,,,,,,,,,,,,,,,,,,,,,,,,,,,,,,,,,,,,,,,,,,,,,,,,,,,,,,,,,,,,,,,,,,,,,,,,,,,,,,,,,,,,,,,,,,,,,,,,,
07_04,07,04,f,18,04/08/21,10/06/22,a,n,10.61,10.58,81.2,80.5,35.5,.,35.5,.,w,975766,975767,1,r,1,r,1,r,33,pb,,,,,,,,,,,,,,,,,,72,y,.,.,.,.,th,.,.,.,.,.,.,.,.,.,.,,,,,,,,,,,,,,,,,,,,,,,,,,,,,,,,,,,,,,,,,,,,,,,,,,,,,,,,,,,,,,,,,,,,,,,,
07_04,07,04,f,18,04/08/21,10/06/22,a,n,10.61,10.58,81.2,80.5,35.5,.,35.5,.,w,975767,980832,1,r,1,r,1,r,,,,,,,,,,,,,,,,,,,,,,,,,,,,,,,,,,,,,,,,,,,,,,,,,,,,,,,,,,,,,,,,,,,,,,,,,,,,,,,,,,,,,,,,,,,,,,,,,,,,,,,,,,,,
07_04,07,04,f,18,04/08/21,10/06/22,a,n,10.61,10.58,81.2,80.5,35.5,.,35.5,.,w,980832,983177,1,r,1,r,1,r,34,s,73,y,.,.,.,.,pu,.,.,.,.,.,.,.,.,.,.,,,,,,,,,,,,,,,,,,,,,,,,,,,,,,,,,,,,,,,,,,,,,,,,,,,,,,,,,,,,,,,,,,,,,,,,,,,,,,,,,,,,,,,,,
07_04,07,04,f,18,04/08/21,10/06/22,a,n,10.61,10.58,81.2,80.5,35.5,.,35.5,.,w,983177,983178,1,r,1,r,1,r,34,s,73,y,.,.,.,.,pu,.,.,.,.,.,.,.,.,.,.,74,y,.,.,.,.,p,.,.,.,.,.,.,.,.,.,.,,,,,,,,,,,,,,,,,,,,,,,,,,,,,,,,,,,,,,,,,,,,,,,,,,,,,,,,,,,,,,,,,,,,,,,,
07_04,07,04,f,18,04/08/21,10/06/22,a,n,10.61,10.58,81.2,80.5,35.5,.,35.5,.,w,983178,987973,1,r,1,r,1,r,34,s,73,y,.,.,.,.,pu,.,.,.,.,.,.,.,.,.,.,,,,,,,,,,,,,,,,,,,,,,,,,,,,,,,,,,,,,,,,,,,,,,,,,,,,,,,,,,,,,,,,,,,,,,,,,,,,,,,,,,,,,,,,,
07_04,07,04,f,18,04/08/21,10/06/22,a,n,10.61,10.58,81.2,80.5,35.5,.,35.5,.,w,987973,989808,1,r,1,r,1,r,,,,,,,,,,,,,,,,,,,,,,,,,,,,,,,,,,,,,,,,,,,,,,,,,,,,,,,,,,,,,,,,,,,,,,,,,,,,,,,,,,,,,,,,,,,,,,,,,,,,,,,,,,,,
07_04,07,04,f,18,04/08/21,10/06/22,a,n,10.61,10.58,81.2,80.5,35.5,.,35.5,.,w,989808,1003783,1,r,1,r,1,r,35,a,75,y,.,.,.,.,t,y,.,.,.,.,.,.,.,.,.,,,,,,,,,,,,,,,,,,,,,,,,,,,,,,,,,,,,,,,,,,,,,,,,,,,,,,,,,,,,,,,,,,,,,,,,,,,,,,,,,,,,,,,,,
07_04,07,04,f,18,04/08/21,10/06/22,a,n,10.61,10.58,81.2,80.5,35.5,.,35.5,.,w,1003783,1009630,1,r,1,r,1,r,,,,,,,,,,,,,,,,,,,,,,,,,,,,,,,,,,,,,,,,,,,,,,,,,,,,,,,,,,,,,,,,,,,,,,,,,,,,,,,,,,,,,,,,,,,,,,,,,,,,,,,,,,,,
07_04,07,04,f,18,04/08/21,10/06/22,a,n,10.61,10.58,81.2,80.5,35.5,.,35.5,.,w,1009630,1028739,1,r,1,r,1,r,36,s,76,y,.,.,.,.,pu,.,.,.,.,.,.,.,.,.,.,,,,,,,,,,,,,,,,,,,,,,,,,,,,,,,,,,,,,,,,,,,,,,,,,,,,,,,,,,,,,,,,,,,,,,,,,,,,,,,,,,,,,,,,,
07_04,07,04,f,18,04/08/21,10/06/22,a,n,10.61,10.58,81.2,80.5,35.5,.,35.5,.,w,1028739,1042984,1,r,1,r,1,r,36,s,,,,,,,,,,,,,,,,,,,,,,,,,,,,,,,,,,,,,,,,,,,,,,,,,,,,,,,,,,,,,,,,,,,,,,,,,,,,,,,,,,,,,,,,,,,,,,,,,,,,,,,,,,
07_04,07,04,f,18,04/08/21,10/06/22,a,n,10.61,10.58,81.2,80.5,35.5,.,35.5,.,w,1042984,1042985,1,r,1,r,1,r,36,s,,,,,,,,,,,,,,,,,,77,.,.,.,.,y,o,.,.,.,y,.,.,.,.,.,.,8,r,,,,,,,,,,,,,,,,,,79,y,.,.,.,.,o,.,.,.,y,.,.,.,.,.,.,,,,,,,,,,,,,,,,,,,,,,,,,,,,,,,,,,,,
07_04,07,04,f,18,04/08/21,10/06/22,a,n,10.61,10.58,81.2,80.5,35.5,.,35.5,.,w,1042985,1044549,1,r,1,r,1,r,36,s,,,,,,,,,,,,,,,,,,,,,,,,,,,,,,,,,,,8,r,,,,,,,,,,,,,,,,,,,,,,,,,,,,,,,,,,,,,,,,,,,,,,,,,,,,,,,,,,,,,,,,,,,,,,
07_04,07,04,f,18,04/08/21,10/06/22,a,n,10.61,10.58,81.2,80.5,35.5,.,35.5,.,w,1044549,1049954,1,r,1,r,1,r,,,,,,,,,,,,,,,,,,,,,,,,,,,,,,,,,,,,,8,r,,,,,,,,,,,,,,,,,,,,,,,,,,,,,,,,,,,,,,,,,,,,,,,,,,,,,,,,,,,,,,,,,,,,,,
07_04,07,04,f,18,04/08/21,10/06/22,a,n,10.61,10.58,81.2,80.5,35.5,.,35.5,.,w,1049954,1053389,1,r,1,r,1,r,,,,,,,,,,,,,,,,,,,,,,,,,,,,,,,,,,,,,8,r,79,y,.,.,.,.,t,.,.,.,.,.,.,.,.,.,.,,,,,,,,,,,,,,,,,,,,,,,,,,,,,,,,,,,,,,,,,,,,,,,,,,,,,
07_04,07,04,f,18,04/08/21,10/06/22,a,n,10.61,10.58,81.2,80.5,35.5,.,35.5,.,w,1053389,1055156,1,r,1,r,1,r,,,,,,,,,,,,,,,,,,,,,,,,,,,,,,,,,,,,,8,r,,,,,,,,,,,,,,,,,,,,,,,,,,,,,,,,,,,,,,,,,,,,,,,,,,,,,,,,,,,,,,,,,,,,,,
07_04,07,04,f,18,04/08/21,10/06/22,a,n,10.61,10.58,81.2,80.5,35.5,.,35.5,.,w,1055156,1055157,1,r,1,r,1,r,37,s,,,,,,,,,,,,,,,,,,78,.,.,.,.,y,i,.,.,.,.,y,.,.,.,.,.,8,r,,,,,,,,,,,,,,,,,,79,y,.,.,.,.,i,.,.,.,.,y,.,.,.,.,.,,,,,,,,,,,,,,,,,,,,,,,,,,,,,,,,,,,,
07_04,07,04,f,18,04/08/21,10/06/22,a,n,10.61,10.58,81.2,80.5,35.5,.,35.5,.,w,1055157,1056788,1,r,1,r,1,r,37,s,,,,,,,,,,,,,,,,,,,,,,,,,,,,,,,,,,,8,r,,,,,,,,,,,,,,,,,,,,,,,,,,,,,,,,,,,,,,,,,,,,,,,,,,,,,,,,,,,,,,,,,,,,,,
07_04,07,04,f,18,04/08/21,10/06/22,a,n,10.61,10.58,81.2,80.5,35.5,.,35.5,.,w,1056788,1056789,1,r,1,r,1,r,37,s,,,,,,,,,,,,,,,,,,79,.,.,.,.,y,o,.,.,.,y,.,.,.,.,.,.,8,r,,,,,,,,,,,,,,,,,,79,y,.,.,.,.,o,.,.,.,y,.,.,.,.,.,.,,,,,,,,,,,,,,,,,,,,,,,,,,,,,,,,,,,,
07_04,07,04,f,18,04/08/21,10/06/22,a,n,10.61,10.58,81.2,80.5,35.5,.,35.5,.,w,1056789,1070932,1,r,1,r,1,r,,,,,,,,,,,,,,,,,,,,,,,,,,,,,,,,,,,,,8,r,,,,,,,,,,,,,,,,,,,,,,,,,,,,,,,,,,,,,,,,,,,,,,,,,,,,,,,,,,,,,,,,,,,,,,
07_04,07,04,f,18,04/08/21,10/06/22,a,n,10.61,10.58,81.2,80.5,35.5,.,35.5,.,w,1070932,1070933,,,,,,,,,,,,,,,,,,,,,,,,,,,,,,,,,,,,,,,,,,,8,r,,,,,,,,,,,,,,,,,,,,,,,,,,,,,,,,,,,,,,,,,,,,,,,,,,,,,,,,,,,,,,,,,,,,,,
07_04,07,04,f,18,04/08/21,10/06/22,a,n,10.61,10.58,81.2,80.5,35.5,.,35.5,.,w,1070933,1223150,,,,,,,,,,,,,,,,,,,,,,,,,,,,,,,,,,,,,,,,,,,,,,,,,,,,,,,,,,,,,,,,,,,,,,,,,,,,,,,,,,,,,,,,,,,,,,,,,,,,,,,,,,,,,,,,,,
07_04,07,04,f,18,04/08/21,10/06/22,a,n,10.61,10.58,81.2,80.5,35.5,.,35.5,.,w,1223150,1846642,2,p,2,p,2,p,,,,,,,,,,,,,,,,,,,,,,,,,,,,,,,,,,,,,,,,,,,,,,,,,,,,,,,,,,,,,,,,,,,,,,,,,,,,,,,,,,,,,,,,,,,,,,,,,,,,,,,,,,,,
07_04,07,04,f,18,04/08/21,10/06/22,a,n,10.61,10.58,81.2,80.5,35.5,.,35.5,.,w,1846642,2149718,,,,,,,,,,,,,,,,,,,,,,,,,,,,,,,,,,,,,,,,,,,,,,,,,,,,,,,,,,,,,,,,,,,,,,,,,,,,,,,,,,,,,,,,,,,,,,,,,,,,,,,,,,,,,,,,,,
07_04,07,04,f,18,04/08/21,10/06/22,a,n,10.61,10.58,81.2,80.5,35.5,.,35.5,.,w,2149718,2582810,3,b,,,,,,,,,,,,,,,,,,,,,,,,,,,,,,,,,,,,,,,,,,,,,,,,,,,,,,,,,,,,,,,,,,,,,,,,,,,,,,,,,,,,,,,,,,,,,,,,,,,,,,,,,,,,,,,,
07_04,07,04,f,18,04/08/21,10/06/22,a,n,10.61,10.58,81.2,80.5,35.5,.,35.5,.,w,2582810,2610996,,,,,,,,,,,,,,,,,,,,,,,,,,,,,,,,,,,,,,,,,,,,,,,,,,,,,,,,,,,,,,,,,,,,,,,,,,,,,,,,,,,,,,,,,,,,,,,,,,,,,,,,,,,,,,,,,,
07_04,07,04,f,18,04/08/21,10/06/22,a,n,10.61,10.58,81.2,80.5,35.5,.,35.5,.,w,2610996,2852260,4,g,,,,,,,,,,,,,,,,,,,,,,,,,,,,,,,,,,,,,,,,,,,,,,,,,,,,,,,,,,,,,,,,,,,,,,,,,,,,,,,,,,,,,,,,,,,,,,,,,,,,,,,,,,,,,,,,
07_04,07,04,f,18,04/08/21,10/06/22,a,n,10.61,10.58,81.2,80.5,35.5,.,35.5,.,w,2852260,3044530,,,,,,,,,,,,,,,,,,,,,,,,,,,,,,,,,,,,,,,,,,,,,,,,,,,,,,,,,,,,,,,,,,,,,,,,,,,,,,,,,,,,,,,,,,,,,,,,,,,,,,,,,,,,,,,,,,
07_04,07,04,f,18,04/08/21,10/06/22,a,n,10.61,10.58,81.2,80.5,35.5,.,35.5,.,w,3044530,3133984,5,m,,,,,,,,,,,,,,,,,,,,,,,,,,,,,,,,,,,,,,,,,,,,,,,,,,,,,,,,,,,,,,,,,,,,,,,,,,,,,,,,,,,,,,,,,,,,,,,,,,,,,,,,,,,,,,,,
13_05,13,05,f,17,07/01/21,12/02/22,b,h,12.71,12.70,81.4,81.4,36,.,35.9,.,w,370430,1034926,1,p,1,p,1,p,,,,,,,,,,,,,,,,,,,,,,,,,,,,,,,,,,,,,,,,,,,,,,,,,,,,,,,,,,,,,,,,,,,,,,,,,,,,,,,,,,,,,,,,,,,,,,,,,,,,,,,,,,,,
13_05,13,05,f,17,07/01/21,12/02/22,b,h,12.71,12.70,81.4,81.4,36,.,35.9,.,w,1034926,1159196,,,,,,,,,,,,,,,,,,,,,,,,,,,,,,,,,,,,,,,,,,,,,,,,,,,,,,,,,,,,,,,,,,,,,,,,,,,,,,,,,,,,,,,,,,,,,,,,,,,,,,,,,,,,,,,,,,
13_05,13,05,f,17,07/01/21,12/02/22,b,h,12.71,12.70,81.4,81.4,36,.,35.9,.,w,1159196,1173952,2,r,2,r,2,r,,,,,,,,,,,,,,,,,,,,,,,,,,,,,,,,,,,,,,,,,,,,,,,,,,,,,,,,,,,,,,,,,,,,,,,,,,,,,,,,,,,,,,,,,,,,,,,,,,,,,,,,,,,,
13_05,13,05,f,17,07/01/21,12/02/22,b,h,12.71,12.70,81.4,81.4,36,.,35.9,.,w,1173952,1179392,2,r,2,r,2,r,1,g,,,,,,,,,,,,,,,,,,,,,,,,,,,,,,,,,,,,,,,,,,,,,,,,,,,,,,,,,,,,,,,,,,,,,,,,,,,,,,,,,,,,,,,,,,,,,,,,,,,,,,,,,,
13_05,13,05,f,17,07/01/21,12/02/22,b,h,12.71,12.70,81.4,81.4,36,.,35.9,.,w,1179392,1179393,2,r,2,r,2,r,1,g,,,,,,,,,,,,,,,,,,1,y,.,.,.,.,d,.,.,.,.,.,.,.,.,.,.,,,,,,,,,,,,,,,,,,,,,,,,,,,,,,,,,,,,,,,,,,,,,,,,,,,,,,,,,,,,,,,,,,,,,,,,
13_05,13,05,f,17,07/01/21,12/02/22,b,h,12.71,12.70,81.4,81.4,36,.,35.9,.,w,1179393,1187722,2,r,2,r,2,r,1,g,,,,,,,,,,,,,,,,,,,,,,,,,,,,,,,,,,,,,,,,,,,,,,,,,,,,,,,,,,,,,,,,,,,,,,,,,,,,,,,,,,,,,,,,,,,,,,,,,,,,,,,,,,
13_05,13,05,f,17,07/01/21,12/02/22,b,h,12.71,12.70,81.4,81.4,36,.,35.9,.,w,1187722,1188403,2,r,2,r,2,r,1,g,2,y,.,.,.,.,pu,.,.,.,.,.,.,.,.,.,.,,,,,,,,,,,,,,,,,,,,,,,,,,,,,,,,,,,,,,,,,,,,,,,,,,,,,,,,,,,,,,,,,,,,,,,,,,,,,,,,,,,,,,,,,
13_05,13,05,f,17,07/01/21,12/02/22,b,h,12.71,12.70,81.4,81.4,36,.,35.9,.,w,1188403,1190374,2,r,2,r,2,r,,,,,,,,,,,,,,,,,,,,,,,,,,,,,,,,,,,,,,,,,,,,,,,,,,,,,,,,,,,,,,,,,,,,,,,,,,,,,,,,,,,,,,,,,,,,,,,,,,,,,,,,,,,,
13_05,13,05,f,17,07/01/21,12/02/22,b,h,12.71,12.70,81.4,81.4,36,.,35.9,.,w,1190374,1190578,2,r,2,r,2,r,2,s,,,,,,,,,,,,,,,,,,,,,,,,,,,,,,,,,,,,,,,,,,,,,,,,,,,,,,,,,,,,,,,,,,,,,,,,,,,,,,,,,,,,,,,,,,,,,,,,,,,,,,,,,,
13_05,13,05,f,17,07/01/21,12/02/22,b,h,12.71,12.70,81.4,81.4,36,.,35.9,.,w,1190578,1240967,2,r,2,r,2,r,2,s,3,y,.,.,.,.,pu,.,.,.,.,.,.,.,.,.,.,,,,,,,,,,,,,,,,,,,,,,,,,,,,,,,,,,,,,,,,,,,,,,,,,,,,,,,,,,,,,,,,,,,,,,,,,,,,,,,,,,,,,,,,,
13_05,13,05,f,17,07/01/21,12/02/22,b,h,12.71,12.70,81.4,81.4,36,.,35.9,.,w,1240967,1245692,2,r,2,r,2,r,,,,,,,,,,,,,,,,,,,,,,,,,,,,,,,,,,,,,,,,,,,,,,,,,,,,,,,,,,,,,,,,,,,,,,,,,,,,,,,,,,,,,,,,,,,,,,,,,,,,,,,,,,,,
13_05,13,05,f,17,07/01/21,12/02/22,b,h,12.71,12.70,81.4,81.4,36,.,35.9,.,w,1245692,1246406,2,r,2,r,2,r,3,s,,,,,,,,,,,,,,,,,,,,,,,,,,,,,,,,,,,,,,,,,,,,,,,,,,,,,,,,,,,,,,,,,,,,,,,,,,,,,,,,,,,,,,,,,,,,,,,,,,,,,,,,,,
13_05,13,05,f,17,07/01/21,12/02/22,b,h,12.71,12.70,81.4,81.4,36,.,35.9,.,w,1246406,1255179,2,r,2,r,2,r,3,s,4,y,.,.,.,.,pu,.,.,.,.,.,.,.,.,.,.,,,,,,,,,,,,,,,,,,,,,,,,,,,,,,,,,,,,,,,,,,,,,,,,,,,,,,,,,,,,,,,,,,,,,,,,,,,,,,,,,,,,,,,,,
13_05,13,05,f,17,07/01/21,12/02/22,b,h,12.71,12.70,81.4,81.4,36,.,35.9,.,w,1255179,1256470,2,r,2,r,2,r,,,,,,,,,,,,,,,,,,,,,,,,,,,,,,,,,,,,,,,,,,,,,,,,,,,,,,,,,,,,,,,,,,,,,,,,,,,,,,,,,,,,,,,,,,,,,,,,,,,,,,,,,,,,
13_05,13,05,f,17,07/01/21,12/02/22,b,h,12.71,12.70,81.4,81.4,36,.,35.9,.,w,1256470,1272451,2,r,2,r,2,r,4,a,5,y,.,.,.,.,t,y,.,.,.,.,.,.,.,.,.,,,,,,,,,,,,,,,,,,,,,,,,,,,,,,,,,,,,,,,,,,,,,,,,,,,,,,,,,,,,,,,,,,,,,,,,,,,,,,,,,,,,,,,,,
13_05,13,05,f,17,07/01/21,12/02/22,b,h,12.71,12.70,81.4,81.4,36,.,35.9,.,w,1272451,1273504,2,r,2,r,2,r,,,,,,,,,,,,,,,,,,,,,,,,,,,,,,,,,,,,,,,,,,,,,,,,,,,,,,,,,,,,,,,,,,,,,,,,,,,,,,,,,,,,,,,,,,,,,,,,,,,,,,,,,,,,
13_05,13,05,f,17,07/01/21,12/02/22,b,h,12.71,12.70,81.4,81.4,36,.,35.9,.,w,1273504,1277109,2,r,2,r,2,r,5,s,6,y,.,.,.,.,pu,.,.,.,.,.,.,.,.,.,.,,,,,,,,,,,,,,,,,,,,,,,,,,,,,,,,,,,,,,,,,,,,,,,,,,,,,,,,,,,,,,,,,,,,,,,,,,,,,,,,,,,,,,,,,
13_05,13,05,f,17,07/01/21,12/02/22,b,h,12.71,12.70,81.4,81.4,36,.,35.9,.,w,1277109,1282888,2,r,2,r,2,r,,,,,,,,,,,,,,,,,,,,,,,,,,,,,,,,,,,,,,,,,,,,,,,,,,,,,,,,,,,,,,,,,,,,,,,,,,,,,,,,,,,,,,,,,,,,,,,,,,,,,,,,,,,,
13_05,13,05,f,17,07/01/21,12/02/22,b,h,12.71,12.70,81.4,81.4,36,.,35.9,.,w,1282888,1283568,2,r,2,r,2,r,6,bu,,,,,,,,,,,,,,,,,,,,,,,,,,,,,,,,,,,,,,,,,,,,,,,,,,,,,,,,,,,,,,,,,,,,,,,,,,,,,,,,,,,,,,,,,,,,,,,,,,,,,,,,,,
13_05,13,05,f,17,07/01/21,12/02/22,b,h,12.71,12.70,81.4,81.4,36,.,35.9,.,w,1283568,1284215,2,r,2,r,2,r,6,bu,7,y,.,.,.,.,pu,.,.,.,.,.,.,.,.,.,.,,,,,,,,,,,,,,,,,,,,,,,,,,,,,,,,,,,,,,,,,,,,,,,,,,,,,,,,,,,,,,,,,,,,,,,,,,,,,,,,,,,,,,,,,
13_05,13,05,f,17,07/01/21,12/02/22,b,h,12.71,12.70,81.4,81.4,36,.,35.9,.,w,1284215,1284248,2,r,2,r,2,r,6,bu,,,,,,,,,,,,,,,,,,,,,,,,,,,,,,,,,,,,,,,,,,,,,,,,,,,,,,,,,,,,,,,,,,,,,,,,,,,,,,,,,,,,,,,,,,,,,,,,,,,,,,,,,,
13_05,13,05,f,17,07/01/21,12/02/22,b,h,12.71,12.70,81.4,81.4,36,.,35.9,.,w,1284248,1284249,2,r,2,r,2,r,6,bu,,,,,,,,,,,,,,,,,,8,y,.,.,.,.,p,.,.,.,.,.,.,.,.,.,.,,,,,,,,,,,,,,,,,,,,,,,,,,,,,,,,,,,,,,,,,,,,,,,,,,,,,,,,,,,,,,,,,,,,,,,,
13_05,13,05,f,17,07/01/21,12/02/22,b,h,12.71,12.70,81.4,81.4,36,.,35.9,.,w,1284249,1288226,2,r,2,r,2,r,6,bu,,,,,,,,,,,,,,,,,,,,,,,,,,,,,,,,,,,,,,,,,,,,,,,,,,,,,,,,,,,,,,,,,,,,,,,,,,,,,,,,,,,,,,,,,,,,,,,,,,,,,,,,,,
13_05,13,05,f,17,07/01/21,12/02/22,b,h,12.71,12.70,81.4,81.4,36,.,35.9,.,w,1288226,1288227,2,r,2,r,2,r,6,bu,,,,,,,,,,,,,,,,,,9,y,.,.,.,.,o,.,.,.,y,.,.,.,.,.,.,,,,,,,,,,,,,,,,,,,,,,,,,,,,,,,,,,,,,,,,,,,,,,,,,,,,,,,,,,,,,,,,,,,,,,,,
13_05,13,05,f,17,07/01/21,12/02/22,b,h,12.71,12.70,81.4,81.4,36,.,35.9,.,w,1288227,1290708,2,r,2,r,2,r,6,bu,,,,,,,,,,,,,,,,,,,,,,,,,,,,,,,,,,,,,,,,,,,,,,,,,,,,,,,,,,,,,,,,,,,,,,,,,,,,,,,,,,,,,,,,,,,,,,,,,,,,,,,,,,
13_05,13,05,f,17,07/01/21,12/02/22,b,h,12.71,12.70,81.4,81.4,36,.,35.9,.,w,1290708,1290709,2,r,2,r,2,r,6,bu,,,,,,,,,,,,,,,,,,10,y,.,.,.,.,d,.,.,.,.,.,.,.,.,.,.,,,,,,,,,,,,,,,,,,,,,,,,,,,,,,,,,,,,,,,,,,,,,,,,,,,,,,,,,,,,,,,,,,,,,,,,
13_05,13,05,f,17,07/01/21,12/02/22,b,h,12.71,12.70,81.4,81.4,36,.,35.9,.,w,1290709,1292510,2,r,2,r,2,r,6,bu,,,,,,,,,,,,,,,,,,,,,,,,,,,,,,,,,,,,,,,,,,,,,,,,,,,,,,,,,,,,,,,,,,,,,,,,,,,,,,,,,,,,,,,,,,,,,,,,,,,,,,,,,,
13_05,13,05,f,17,07/01/21,12/02/22,b,h,12.71,12.70,81.4,81.4,36,.,35.9,.,w,1292510,1292511,2,r,2,r,2,r,6,bu,,,,,,,,,,,,,,,,,,11,y,.,.,.,.,o,.,.,.,y,.,.,.,.,.,.,,,,,,,,,,,,,,,,,,,,,,,,,,,,,,,,,,,,,,,,,,,,,,,,,,,,,,,,,,,,,,,,,,,,,,,,
13_05,13,05,f,17,07/01/21,12/02/22,b,h,12.71,12.70,81.4,81.4,36,.,35.9,.,w,1292511,1294754,2,r,2,r,2,r,6,bu,,,,,,,,,,,,,,,,,,,,,,,,,,,,,,,,,,,,,,,,,,,,,,,,,,,,,,,,,,,,,,,,,,,,,,,,,,,,,,,,,,,,,,,,,,,,,,,,,,,,,,,,,,
13_05,13,05,f,17,07/01/21,12/02/22,b,h,12.71,12.70,81.4,81.4,36,.,35.9,.,w,1294754,1294755,2,r,2,r,2,r,6,bu,,,,,,,,,,,,,,,,,,12,y,.,.,.,.,i,.,.,.,.,y,.,.,.,.,.,,,,,,,,,,,,,,,,,,,,,,,,,,,,,,,,,,,,,,,,,,,,,,,,,,,,,,,,,,,,,,,,,,,,,,,,
13_05,13,05,f,17,07/01/21,12/02/22,b,h,12.71,12.70,81.4,81.4,36,.,35.9,.,w,1294755,1296692,2,r,2,r,2,r,6,bu,,,,,,,,,,,,,,,,,,,,,,,,,,,,,,,,,,,,,,,,,,,,,,,,,,,,,,,,,,,,,,,,,,,,,,,,,,,,,,,,,,,,,,,,,,,,,,,,,,,,,,,,,,
13_05,13,05,f,17,07/01/21,12/02/22,b,h,12.71,12.70,81.4,81.4,36,.,35.9,.,w,1296692,1296693,2,r,2,r,2,r,6,bu,,,,,,,,,,,,,,,,,,13,y,.,.,.,.,p,.,.,.,.,.,.,.,.,.,.,,,,,,,,,,,,,,,,,,,,,,,,,,,,,,,,,,,,,,,,,,,,,,,,,,,,,,,,,,,,,,,,,,,,,,,,
13_05,13,05,f,17,07/01/21,12/02/22,b,h,12.71,12.70,81.4,81.4,36,.,35.9,.,w,1296693,1297916,2,r,2,r,2,r,6,bu,,,,,,,,,,,,,,,,,,,,,,,,,,,,,,,,,,,,,,,,,,,,,,,,,,,,,,,,,,,,,,,,,,,,,,,,,,,,,,,,,,,,,,,,,,,,,,,,,,,,,,,,,,
13_05,13,05,f,17,07/01/21,12/02/22,b,h,12.71,12.70,81.4,81.4,36,.,35.9,.,w,1297916,1297917,2,r,2,r,2,r,6,bu,,,,,,,,,,,,,,,,,,14,y,.,.,.,.,i,.,.,.,.,y,.,.,.,.,.,,,,,,,,,,,,,,,,,,,,,,,,,,,,,,,,,,,,,,,,,,,,,,,,,,,,,,,,,,,,,,,,,,,,,,,,
13_05,13,05,f,17,07/01/21,12/02/22,b,h,12.71,12.70,81.4,81.4,36,.,35.9,.,w,1297917,1299344,2,r,2,r,2,r,6,bu,,,,,,,,,,,,,,,,,,,,,,,,,,,,,,,,,,,,,,,,,,,,,,,,,,,,,,,,,,,,,,,,,,,,,,,,,,,,,,,,,,,,,,,,,,,,,,,,,,,,,,,,,,
13_05,13,05,f,17,07/01/21,12/02/22,b,h,12.71,12.70,81.4,81.4,36,.,35.9,.,w,1299344,1299345,2,r,2,r,2,r,6,bu,,,,,,,,,,,,,,,,,,15,y,.,.,.,.,p,.,.,.,.,.,.,.,.,.,.,,,,,,,,,,,,,,,,,,,,,,,,,,,,,,,,,,,,,,,,,,,,,,,,,,,,,,,,,,,,,,,,,,,,,,,,
13_05,13,05,f,17,07/01/21,12/02/22,b,h,12.71,12.70,81.4,81.4,36,.,35.9,.,w,1299345,1311380,2,r,2,r,2,r,6,bu,,,,,,,,,,,,,,,,,,,,,,,,,,,,,,,,,,,,,,,,,,,,,,,,,,,,,,,,,,,,,,,,,,,,,,,,,,,,,,,,,,,,,,,,,,,,,,,,,,,,,,,,,,
13_05,13,05,f,17,07/01/21,12/02/22,b,h,12.71,12.70,81.4,81.4,36,.,35.9,.,w,1311380,1311381,2,r,2,r,2,r,6,bu,,,,,,,,,,,,,,,,,,16,y,.,.,.,.,o,.,.,.,y,.,.,.,.,.,.,,,,,,,,,,,,,,,,,,,,,,,,,,,,,,,,,,,,,,,,,,,,,,,,,,,,,,,,,,,,,,,,,,,,,,,,
13_05,13,05,f,17,07/01/21,12/02/22,b,h,12.71,12.70,81.4,81.4,36,.,35.9,.,w,1311381,1312128,2,r,2,r,2,r,6,bu,,,,,,,,,,,,,,,,,,,,,,,,,,,,,,,,,,,,,,,,,,,,,,,,,,,,,,,,,,,,,,,,,,,,,,,,,,,,,,,,,,,,,,,,,,,,,,,,,,,,,,,,,,
13_05,13,05,f,17,07/01/21,12/02/22,b,h,12.71,12.70,81.4,81.4,36,.,35.9,.,w,1312128,1312129,2,r,2,r,2,r,6,bu,,,,,,,,,,,,,,,,,,17,y,.,.,.,.,d,.,.,.,.,.,.,.,.,.,.,,,,,,,,,,,,,,,,,,,,,,,,,,,,,,,,,,,,,,,,,,,,,,,,,,,,,,,,,,,,,,,,,,,,,,,,
13_05,13,05,f,17,07/01/21,12/02/22,b,h,12.71,12.70,81.4,81.4,36,.,35.9,.,w,1312129,1317126,2,r,2,r,2,r,6,bu,,,,,,,,,,,,,,,,,,,,,,,,,,,,,,,,,,,,,,,,,,,,,,,,,,,,,,,,,,,,,,,,,,,,,,,,,,,,,,,,,,,,,,,,,,,,,,,,,,,,,,,,,,
13_05,13,05,f,17,07/01/21,12/02/22,b,h,12.71,12.70,81.4,81.4,36,.,35.9,.,w,1317126,1317127,2,r,2,r,2,r,6,bu,,,,,,,,,,,,,,,,,,18,y,.,.,.,.,o,.,.,.,y,.,.,.,.,.,.,,,,,,,,,,,,,,,,,,,,,,,,,,,,,,,,,,,,,,,,,,,,,,,,,,,,,,,,,,,,,,,,,,,,,,,,
13_05,13,05,f,17,07/01/21,12/02/22,b,h,12.71,12.70,81.4,81.4,36,.,35.9,.,w,1317127,1317942,2,r,2,r,2,r,6,bu,,,,,,,,,,,,,,,,,,,,,,,,,,,,,,,,,,,,,,,,,,,,,,,,,,,,,,,,,,,,,,,,,,,,,,,,,,,,,,,,,,,,,,,,,,,,,,,,,,,,,,,,,,
13_05,13,05,f,17,07/01/21,12/02/22,b,h,12.71,12.70,81.4,81.4,36,.,35.9,.,w,1317942,1317943,2,r,2,r,2,r,6,bu,,,,,,,,,,,,,,,,,,19,y,.,.,.,.,d,.,.,.,.,.,.,.,.,.,.,,,,,,,,,,,,,,,,,,,,,,,,,,,,,,,,,,,,,,,,,,,,,,,,,,,,,,,,,,,,,,,,,,,,,,,,
13_05,13,05,f,17,07/01/21,12/02/22,b,h,12.71,12.70,81.4,81.4,36,.,35.9,.,w,1317943,1327258,2,r,2,r,2,r,6,bu,,,,,,,,,,,,,,,,,,,,,,,,,,,,,,,,,,,,,,,,,,,,,,,,,,,,,,,,,,,,,,,,,,,,,,,,,,,,,,,,,,,,,,,,,,,,,,,,,,,,,,,,,,
13_05,13,05,f,17,07/01/21,12/02/22,b,h,12.71,12.70,81.4,81.4,36,.,35.9,.,w,1327258,1327259,2,r,2,r,2,r,6,bu,,,,,,,,,,,,,,,,,,20,y,.,.,.,.,p,.,.,.,.,.,.,.,.,.,.,,,,,,,,,,,,,,,,,,,,,,,,,,,,,,,,,,,,,,,,,,,,,,,,,,,,,,,,,,,,,,,,,,,,,,,,
13_05,13,05,f,17,07/01/21,12/02/22,b,h,12.71,12.70,81.4,81.4,36,.,35.9,.,w,1327259,1327972,2,r,2,r,2,r,6,bu,,,,,,,,,,,,,,,,,,,,,,,,,,,,,,,,,,,,,,,,,,,,,,,,,,,,,,,,,,,,,,,,,,,,,,,,,,,,,,,,,,,,,,,,,,,,,,,,,,,,,,,,,,
13_05,13,05,f,17,07/01/21,12/02/22,b,h,12.71,12.70,81.4,81.4,36,.,35.9,.,w,1327972,1327973,2,r,2,r,2,r,6,bu,,,,,,,,,,,,,,,,,,21,y,.,.,.,.,i,.,.,.,.,y,.,.,.,.,.,,,,,,,,,,,,,,,,,,,,,,,,,,,,,,,,,,,,,,,,,,,,,,,,,,,,,,,,,,,,,,,,,,,,,,,,
13_05,13,05,f,17,07/01/21,12/02/22,b,h,12.71,12.70,81.4,81.4,36,.,35.9,.,w,1327973,1332630,2,r,2,r,2,r,6,bu,,,,,,,,,,,,,,,,,,,,,,,,,,,,,,,,,,,,,,,,,,,,,,,,,,,,,,,,,,,,,,,,,,,,,,,,,,,,,,,,,,,,,,,,,,,,,,,,,,,,,,,,,,
13_05,13,05,f,17,07/01/21,12/02/22,b,h,12.71,12.70,81.4,81.4,36,.,35.9,.,w,1332630,1332631,2,r,2,r,2,r,6,bu,,,,,,,,,,,,,,,,,,22,y,.,.,.,.,p,.,.,.,.,.,.,.,.,.,.,,,,,,,,,,,,,,,,,,,,,,,,,,,,,,,,,,,,,,,,,,,,,,,,,,,,,,,,,,,,,,,,,,,,,,,,
13_05,13,05,f,17,07/01/21,12/02/22,b,h,12.71,12.70,81.4,81.4,36,.,35.9,.,w,1332631,1337152,2,r,2,r,2,r,6,bu,,,,,,,,,,,,,,,,,,,,,,,,,,,,,,,,,,,,,,,,,,,,,,,,,,,,,,,,,,,,,,,,,,,,,,,,,,,,,,,,,,,,,,,,,,,,,,,,,,,,,,,,,,
13_05,13,05,f,17,07/01/21,12/02/22,b,h,12.71,12.70,81.4,81.4,36,.,35.9,.,w,1337152,1337833,2,r,2,r,2,r,6,bu,23,y,.,.,.,.,pu,.,.,.,.,.,.,.,.,.,.,,,,,,,,,,,,,,,,,,,,,,,,,,,,,,,,,,,,,,,,,,,,,,,,,,,,,,,,,,,,,,,,,,,,,,,,,,,,,,,,,,,,,,,,,
13_05,13,05,f,17,07/01/21,12/02/22,b,h,12.71,12.70,81.4,81.4,36,.,35.9,.,w,1337833,1337900,2,r,2,r,2,r,6,bu,,,,,,,,,,,,,,,,,,,,,,,,,,,,,,,,,,,,,,,,,,,,,,,,,,,,,,,,,,,,,,,,,,,,,,,,,,,,,,,,,,,,,,,,,,,,,,,,,,,,,,,,,,
13_05,13,05,f,17,07/01/21,12/02/22,b,h,12.71,12.70,81.4,81.4,36,.,35.9,.,w,1337900,1337901,2,r,2,r,2,r,6,bu,,,,,,,,,,,,,,,,,,24,y,.,.,.,.,p,.,.,.,.,.,.,.,.,.,.,,,,,,,,,,,,,,,,,,,,,,,,,,,,,,,,,,,,,,,,,,,,,,,,,,,,,,,,,,,,,,,,,,,,,,,,
13_05,13,05,f,17,07/01/21,12/02/22,b,h,12.71,12.70,81.4,81.4,36,.,35.9,.,w,1337901,1338682,2,r,2,r,2,r,6,bu,,,,,,,,,,,,,,,,,,,,,,,,,,,,,,,,,,,,,,,,,,,,,,,,,,,,,,,,,,,,,,,,,,,,,,,,,,,,,,,,,,,,,,,,,,,,,,,,,,,,,,,,,,
13_05,13,05,f,17,07/01/21,12/02/22,b,h,12.71,12.70,81.4,81.4,36,.,35.9,.,w,1338682,1338683,2,r,2,r,2,r,6,bu,,,,,,,,,,,,,,,,,,25,y,.,.,.,.,i,.,.,.,.,y,.,.,.,.,.,,,,,,,,,,,,,,,,,,,,,,,,,,,,,,,,,,,,,,,,,,,,,,,,,,,,,,,,,,,,,,,,,,,,,,,,
13_05,13,05,f,17,07/01/21,12/02/22,b,h,12.71,12.70,81.4,81.4,36,.,35.9,.,w,1338683,1339532,2,r,2,r,2,r,6,bu,,,,,,,,,,,,,,,,,,,,,,,,,,,,,,,,,,,,,,,,,,,,,,,,,,,,,,,,,,,,,,,,,,,,,,,,,,,,,,,,,,,,,,,,,,,,,,,,,,,,,,,,,,
13_05,13,05,f,17,07/01/21,12/02/22,b,h,12.71,12.70,81.4,81.4,36,.,35.9,.,w,1339532,1339533,2,r,2,r,2,r,6,bu,,,,,,,,,,,,,,,,,,26,y,.,.,.,.,p,.,.,.,.,.,.,.,.,.,.,,,,,,,,,,,,,,,,,,,,,,,,,,,,,,,,,,,,,,,,,,,,,,,,,,,,,,,,,,,,,,,,,,,,,,,,
13_05,13,05,f,17,07/01/21,12/02/22,b,h,12.71,12.70,81.4,81.4,36,.,35.9,.,w,1339533,1349052,2,r,2,r,2,r,6,bu,,,,,,,,,,,,,,,,,,,,,,,,,,,,,,,,,,,,,,,,,,,,,,,,,,,,,,,,,,,,,,,,,,,,,,,,,,,,,,,,,,,,,,,,,,,,,,,,,,,,,,,,,,
13_05,13,05,f,17,07/01/21,12/02/22,b,h,12.71,12.70,81.4,81.4,36,.,35.9,.,w,1349052,1349053,2,r,2,r,2,r,6,bu,,,,,,,,,,,,,,,,,,27,y,.,.,.,.,i,.,.,.,.,y,.,.,.,.,.,,,,,,,,,,,,,,,,,,,,,,,,,,,,,,,,,,,,,,,,,,,,,,,,,,,,,,,,,,,,,,,,,,,,,,,,
13_05,13,05,f,17,07/01/21,12/02/22,b,h,12.71,12.70,81.4,81.4,36,.,35.9,.,w,1349053,1349188,2,r,2,r,2,r,,,,,,,,,,,,,,,,,,,,,,,,,,,,,,,,,,,,,,,,,,,,,,,,,,,,,,,,,,,,,,,,,,,,,,,,,,,,,,,,,,,,,,,,,,,,,,,,,,,,,,,,,,,,
13_05,13,05,f,17,07/01/21,12/02/22,b,h,12.71,12.70,81.4,81.4,36,.,35.9,.,w,1349188,1349290,2,r,2,r,2,r,7,s,,,,,,,,,,,,,,,,,,,,,,,,,,,,,,,,,,,,,,,,,,,,,,,,,,,,,,,,,,,,,,,,,,,,,,,,,,,,,,,,,,,,,,,,,,,,,,,,,,,,,,,,,,
13_05,13,05,f,17,07/01/21,12/02/22,b,h,12.71,12.70,81.4,81.4,36,.,35.9,.,w,1349290,1349291,2,r,2,r,2,r,7,s,,,,,,,,,,,,,,,,,,28,.,.,.,.,y,i,.,.,.,.,y,.,.,.,.,.,,,,,,,,,,,,,,,,,,,,,,,,,,,,,,,,,,,,,,,,,,,,,,,,,,,,,,,,,,,,,,,,,,,,,,,,
13_05,13,05,f,17,07/01/21,12/02/22,b,h,12.71,12.70,81.4,81.4,36,.,35.9,.,w,1349291,1349529,2,r,2,r,2,r,7,s,,,,,,,,,,,,,,,,,,,,,,,,,,,,,,,,,,,,,,,,,,,,,,,,,,,,,,,,,,,,,,,,,,,,,,,,,,,,,,,,,,,,,,,,,,,,,,,,,,,,,,,,,,
13_05,13,05,f,17,07/01/21,12/02/22,b,h,12.71,12.70,81.4,81.4,36,.,35.9,.,w,1349529,1353030,2,r,2,r,2,r,,,,,,,,,,,,,,,,,,,,,,,,,,,,,,,,,,,,,,,,,,,,,,,,,,,,,,,,,,,,,,,,,,,,,,,,,,,,,,,,,,,,,,,,,,,,,,,,,,,,,,,,,,,,
13_05,13,05,f,17,07/01/21,12/02/22,b,h,12.71,12.70,81.4,81.4,36,.,35.9,.,w,1353030,1367107,2,r,2,r,2,r,8,s,29,y,.,.,.,.,pu,.,.,.,.,.,.,.,.,.,.,,,,,,,,,,,,,,,,,,,,,,,,,,,,,,,,,,,,,,,,,,,,,,,,,,,,,,,,,,,,,,,,,,,,,,,,,,,,,,,,,,,,,,,,,
13_05,13,05,f,17,07/01/21,12/02/22,b,h,12.71,12.70,81.4,81.4,36,.,35.9,.,w,1367107,1371832,2,r,2,r,2,r,8,s,,,,,,,,,,,,,,,,,,,,,,,,,,,,,,,,,,,,,,,,,,,,,,,,,,,,,,,,,,,,,,,,,,,,,,,,,,,,,,,,,,,,,,,,,,,,,,,,,,,,,,,,,,
13_05,13,05,f,17,07/01/21,12/02/22,b,h,12.71,12.70,81.4,81.4,36,.,35.9,.,w,1371832,1372241,2,r,2,r,2,r,8,s,30,y,.,.,.,.,pu,.,.,.,.,.,.,.,.,.,.,,,,,,,,,,,,,,,,,,,,,,,,,,,,,,,,,,,,,,,,,,,,,,,,,,,,,,,,,,,,,,,,,,,,,,,,,,,,,,,,,,,,,,,,,
13_05,13,05,f,17,07/01/21,12/02/22,b,h,12.71,12.70,81.4,81.4,36,.,35.9,.,w,1372241,1372343,2,r,2,r,2,r,8,s,,,,,,,,,,,,,,,,,,,,,,,,,,,,,,,,,,,,,,,,,,,,,,,,,,,,,,,,,,,,,,,,,,,,,,,,,,,,,,,,,,,,,,,,,,,,,,,,,,,,,,,,,,
13_05,13,05,f,17,07/01/21,12/02/22,b,h,12.71,12.70,81.4,81.4,36,.,35.9,.,w,1372343,1376286,2,r,2,r,2,r,,,,,,,,,,,,,,,,,,,,,,,,,,,,,,,,,,,,,,,,,,,,,,,,,,,,,,,,,,,,,,,,,,,,,,,,,,,,,,,,,,,,,,,,,,,,,,,,,,,,,,,,,,,,
13_05,13,05,f,17,07/01/21,12/02/22,b,h,12.71,12.70,81.4,81.4,36,.,35.9,.,w,1376286,1376660,2,r,2,r,2,r,9,s,,,,,,,,,,,,,,,,,,,,,,,,,,,,,,,,,,,,,,,,,,,,,,,,,,,,,,,,,,,,,,,,,,,,,,,,,,,,,,,,,,,,,,,,,,,,,,,,,,,,,,,,,,
13_05,13,05,f,17,07/01/21,12/02/22,b,h,12.71,12.70,81.4,81.4,36,.,35.9,.,w,1376660,1384821,2,r,2,r,2,r,9,s,31,y,.,.,.,.,pu,.,.,.,.,.,.,.,.,.,.,,,,,,,,,,,,,,,,,,,,,,,,,,,,,,,,,,,,,,,,,,,,,,,,,,,,,,,,,,,,,,,,,,,,,,,,,,,,,,,,,,,,,,,,,
13_05,13,05,f,17,07/01/21,12/02/22,b,h,12.71,12.70,81.4,81.4,36,.,35.9,.,w,1384821,1385092,2,r,2,r,2,r,,,,,,,,,,,,,,,,,,,,,,,,,,,,,,,,,,,,,,,,,,,,,,,,,,,,,,,,,,,,,,,,,,,,,,,,,,,,,,,,,,,,,,,,,,,,,,,,,,,,,,,,,,,,
13_05,13,05,f,17,07/01/21,12/02/22,b,h,12.71,12.70,81.4,81.4,36,.,35.9,.,w,1385092,1390431,2,r,2,r,2,r,10,bu,32,y,.,.,.,.,pu,.,.,.,.,.,.,.,.,.,.,,,,,,,,,,,,,,,,,,,,,,,,,,,,,,,,,,,,,,,,,,,,,,,,,,,,,,,,,,,,,,,,,,,,,,,,,,,,,,,,,,,,,,,,,
13_05,13,05,f,17,07/01/21,12/02/22,b,h,12.71,12.70,81.4,81.4,36,.,35.9,.,w,1390431,1390464,2,r,2,r,2,r,10,bu,,,,,,,,,,,,,,,,,,,,,,,,,,,,,,,,,,,,,,,,,,,,,,,,,,,,,,,,,,,,,,,,,,,,,,,,,,,,,,,,,,,,,,,,,,,,,,,,,,,,,,,,,,
13_05,13,05,f,17,07/01/21,12/02/22,b,h,12.71,12.70,81.4,81.4,36,.,35.9,.,w,1390464,1390465,2,r,2,r,2,r,10,bu,,,,,,,,,,,,,,,,,,33,y,.,.,.,.,p,.,.,.,.,.,.,.,.,.,.,,,,,,,,,,,,,,,,,,,,,,,,,,,,,,,,,,,,,,,,,,,,,,,,,,,,,,,,,,,,,,,,,,,,,,,,
13_05,13,05,f,17,07/01/21,12/02/22,b,h,12.71,12.70,81.4,81.4,36,.,35.9,.,w,1390465,1395870,2,r,2,r,2,r,10,bu,,,,,,,,,,,,,,,,,,,,,,,,,,,,,,,,,,,,,,,,,,,,,,,,,,,,,,,,,,,,,,,,,,,,,,,,,,,,,,,,,,,,,,,,,,,,,,,,,,,,,,,,,,
13_05,13,05,f,17,07/01/21,12/02/22,b,h,12.71,12.70,81.4,81.4,36,.,35.9,.,w,1395870,1395871,2,r,2,r,2,r,10,bu,,,,,,,,,,,,,,,,,,34,y,.,.,.,.,d,.,.,.,.,.,.,.,.,.,.,,,,,,,,,,,,,,,,,,,,,,,,,,,,,,,,,,,,,,,,,,,,,,,,,,,,,,,,,,,,,,,,,,,,,,,,
13_05,13,05,f,17,07/01/21,12/02/22,b,h,12.71,12.70,81.4,81.4,36,.,35.9,.,w,1395871,1398726,2,r,2,r,2,r,,,,,,,,,,,,,,,,,,,,,,,,,,,,,,,,,,,,,,,,,,,,,,,,,,,,,,,,,,,,,,,,,,,,,,,,,,,,,,,,,,,,,,,,,,,,,,,,,,,,,,,,,,,,
13_05,13,05,f,17,07/01/21,12/02/22,b,h,12.71,12.70,81.4,81.4,36,.,35.9,.,w,1398726,1403078,2,r,2,r,2,r,11,s,,,,,,,,,,,,,,,,,,,,,,,,,,,,,,,,,,,,,,,,,,,,,,,,,,,,,,,,,,,,,,,,,,,,,,,,,,,,,,,,,,,,,,,,,,,,,,,,,,,,,,,,,,
13_05,13,05,f,17,07/01/21,12/02/22,b,h,12.71,12.70,81.4,81.4,36,.,35.9,.,w,1403078,1407363,2,r,2,r,2,r,11,s,35,y,.,.,.,.,t,.,.,.,.,.,.,.,.,.,.,,,,,,,,,,,,,,,,,,,,,,,,,,,,,,,,,,,,,,,,,,,,,,,,,,,,,,,,,,,,,,,,,,,,,,,,,,,,,,,,,,,,,,,,,
13_05,13,05,f,17,07/01/21,12/02/22,b,h,12.71,12.70,81.4,81.4,36,.,35.9,.,w,1407363,1411544,2,r,2,r,2,r,11,s,,,,,,,,,,,,,,,,,,,,,,,,,,,,,,,,,,,,,,,,,,,,,,,,,,,,,,,,,,,,,,,,,,,,,,,,,,,,,,,,,,,,,,,,,,,,,,,,,,,,,,,,,,
13_05,13,05,f,17,07/01/21,12/02/22,b,h,12.71,12.70,81.4,81.4,36,.,35.9,.,w,1411544,1412871,2,r,2,r,2,r,11,s,36,y,.,.,.,.,t,.,.,.,.,.,.,.,.,.,.,,,,,,,,,,,,,,,,,,,,,,,,,,,,,,,,,,,,,,,,,,,,,,,,,,,,,,,,,,,,,,,,,,,,,,,,,,,,,,,,,,,,,,,,,
13_05,13,05,f,17,07/01/21,12/02/22,b,h,12.71,12.70,81.4,81.4,36,.,35.9,.,w,1412871,1415385,2,r,2,r,2,r,11,s,,,,,,,,,,,,,,,,,,,,,,,,,,,,,,,,,,,,,,,,,,,,,,,,,,,,,,,,,,,,,,,,,,,,,,,,,,,,,,,,,,,,,,,,,,,,,,,,,,,,,,,,,,
13_05,13,05,f,17,07/01/21,12/02/22,b,h,12.71,12.70,81.4,81.4,36,.,35.9,.,w,1415385,1415863,2,r,2,r,2,r,11,s,37,y,.,.,.,.,pu,.,.,.,.,.,.,.,.,.,.,,,,,,,,,,,,,,,,,,,,,,,,,,,,,,,,,,,,,,,,,,,,,,,,,,,,,,,,,,,,,,,,,,,,,,,,,,,,,,,,,,,,,,,,,
13_05,13,05,f,17,07/01/21,12/02/22,b,h,12.71,12.70,81.4,81.4,36,.,35.9,.,w,1415863,1420724,2,r,2,r,2,r,11,s,,,,,,,,,,,,,,,,,,,,,,,,,,,,,,,,,,,,,,,,,,,,,,,,,,,,,,,,,,,,,,,,,,,,,,,,,,,,,,,,,,,,,,,,,,,,,,,,,,,,,,,,,,
13_05,13,05,f,17,07/01/21,12/02/22,b,h,12.71,12.70,81.4,81.4,36,.,35.9,.,w,1420724,1421337,2,r,2,r,2,r,11,s,38,y,.,.,.,.,pu,.,.,.,.,.,.,.,.,.,.,,,,,,,,,,,,,,,,,,,,,,,,,,,,,,,,,,,,,,,,,,,,,,,,,,,,,,,,,,,,,,,,,,,,,,,,,,,,,,,,,,,,,,,,,
13_05,13,05,f,17,07/01/21,12/02/22,b,h,12.71,12.70,81.4,81.4,36,.,35.9,.,w,1421337,1448604,2,r,2,r,2,r,,,,,,,,,,,,,,,,,,,,,,,,,,,,,,,,,,,,,,,,,,,,,,,,,,,,,,,,,,,,,,,,,,,,,,,,,,,,,,,,,,,,,,,,,,,,,,,,,,,,,,,,,,,,
13_05,13,05,f,17,07/01/21,12/02/22,b,h,12.71,12.70,81.4,81.4,36,.,35.9,.,w,1448604,1450101,2,r,2,r,2,r,12,s,39,y,.,.,.,.,pu,.,.,.,.,.,.,.,.,.,.,,,,,,,,,,,,,,,,,,,,,,,,,,,,,,,,,,,,,,,,,,,,,,,,,,,,,,,,,,,,,,,,,,,,,,,,,,,,,,,,,,,,,,,,,
13_05,13,05,f,17,07/01/21,12/02/22,b,h,12.71,12.70,81.4,81.4,36,.,35.9,.,w,1450101,1453704,2,r,2,r,2,r,,,,,,,,,,,,,,,,,,,,,,,,,,,,,,,,,,,,,,,,,,,,,,,,,,,,,,,,,,,,,,,,,,,,,,,,,,,,,,,,,,,,,,,,,,,,,,,,,,,,,,,,,,,,
13_05,13,05,f,17,07/01/21,12/02/22,b,h,12.71,12.70,81.4,81.4,36,.,35.9,.,w,1453704,1456901,2,r,2,r,2,r,13,s,40,y,.,.,.,.,pu,.,.,.,.,.,.,.,.,.,.,,,,,,,,,,,,,,,,,,,,,,,,,,,,,,,,,,,,,,,,,,,,,,,,,,,,,,,,,,,,,,,,,,,,,,,,,,,,,,,,,,,,,,,,,
13_05,13,05,f,17,07/01/21,12/02/22,b,h,12.71,12.70,81.4,81.4,36,.,35.9,.,w,1456901,1463496,2,r,2,r,2,r,,,,,,,,,,,,,,,,,,,,,,,,,,,,,,,,,,,,,,,,,,,,,,,,,,,,,,,,,,,,,,,,,,,,,,,,,,,,,,,,,,,,,,,,,,,,,,,,,,,,,,,,,,,,
13_05,13,05,f,17,07/01/21,12/02/22,b,h,12.71,12.70,81.4,81.4,36,.,35.9,.,w,1463496,1525173,2,r,2,r,2,r,14,s,41,y,.,.,.,.,pu,.,.,.,.,.,.,.,.,.,.,,,,,,,,,,,,,,,,,,,,,,,,,,,,,,,,,,,,,,,,,,,,,,,,,,,,,,,,,,,,,,,,,,,,,,,,,,,,,,,,,,,,,,,,,
13_05,13,05,f,17,07/01/21,12/02/22,b,h,12.71,12.70,81.4,81.4,36,.,35.9,.,w,1525173,1534148,2,r,2,r,2,r,,,,,,,,,,,,,,,,,,,,,,,,,,,,,,,,,,,,,,,,,,,,,,,,,,,,,,,,,,,,,,,,,,,,,,,,,,,,,,,,,,,,,,,,,,,,,,,,,,,,,,,,,,,,
13_05,13,05,f,17,07/01/21,12/02/22,b,h,12.71,12.70,81.4,81.4,36,.,35.9,.,w,1534148,1534149,2,r,2,r,2,r,15,cu,,,,,,,,,,,,,,,,,,42,y,.,.,.,.,p,.,.,.,.,.,.,.,.,.,.,,,,,,,,,,,,,,,,,,,,,,,,,,,,,,,,,,,,,,,,,,,,,,,,,,,,,,,,,,,,,,,,,,,,,,,,
13_05,13,05,f,17,07/01/21,12/02/22,b,h,12.71,12.70,81.4,81.4,36,.,35.9,.,w,1534149,1538092,2,r,2,r,2,r,15,cu,,,,,,,,,,,,,,,,,,,,,,,,,,,,,,,,,,,,,,,,,,,,,,,,,,,,,,,,,,,,,,,,,,,,,,,,,,,,,,,,,,,,,,,,,,,,,,,,,,,,,,,,,,
13_05,13,05,f,17,07/01/21,12/02/22,b,h,12.71,12.70,81.4,81.4,36,.,35.9,.,w,1538092,1538093,2,r,2,r,2,r,15,cu,,,,,,,,,,,,,,,,,,43,y,.,.,.,.,i,.,.,.,.,y,.,.,.,.,.,1,s,,,,,,,,,,,,,,,,,,70,.,.,.,.,y,i,.,.,.,.,y,.,.,.,.,.,,,,,,,,,,,,,,,,,,,,,,,,,,,,,,,,,,,,
13_05,13,05,f,17,07/01/21,12/02/22,b,h,12.71,12.70,81.4,81.4,36,.,35.9,.,w,1538093,1538433,2,r,2,r,2,r,15,cu,,,,,,,,,,,,,,,,,,,,,,,,,,,,,,,,,,,1,s,,,,,,,,,,,,,,,,,,,,,,,,,,,,,,,,,,,,,,,,,,,,,,,,,,,,,,,,,,,,,,,,,,,,,,
13_05,13,05,f,17,07/01/21,12/02/22,b,h,12.71,12.70,81.4,81.4,36,.,35.9,.,w,1538433,1542138,2,r,2,r,2,r,,,,,,,,,,,,,,,,,,,,,,,,,,,,,,,,,,,,,,,,,,,,,,,,,,,,,,,,,,,,,,,,,,,,,,,,,,,,,,,,,,,,,,,,,,,,,,,,,,,,,,,,,,,,
13_05,13,05,f,17,07/01/21,12/02/22,b,h,12.71,12.70,81.4,81.4,36,.,35.9,.,w,1542138,1542139,2,r,2,r,2,r,16,cu,,,,,,,,,,,,,,,,,,44,y,.,.,.,.,p,.,.,.,.,.,.,.,.,.,.,,,,,,,,,,,,,,,,,,,,,,,,,,,,,,,,,,,,,,,,,,,,,,,,,,,,,,,,,,,,,,,,,,,,,,,,
13_05,13,05,f,17,07/01/21,12/02/22,b,h,12.71,12.70,81.4,81.4,36,.,35.9,.,w,1542139,1546898,2,r,2,r,2,r,16,cu,,,,,,,,,,,,,,,,,,,,,,,,,,,,,,,,,,,,,,,,,,,,,,,,,,,,,,,,,,,,,,,,,,,,,,,,,,,,,,,,,,,,,,,,,,,,,,,,,,,,,,,,,,
13_05,13,05,f,17,07/01/21,12/02/22,b,h,12.71,12.70,81.4,81.4,36,.,35.9,.,w,1546898,1546899,2,r,2,r,2,r,16,cu,,,,,,,,,,,,,,,,,,45,y,.,.,.,.,i,.,.,.,.,y,.,.,.,.,.,2,s,,,,,,,,,,,,,,,,,,70,.,.,.,.,y,i,.,.,.,.,y,.,.,.,.,.,,,,,,,,,,,,,,,,,,,,,,,,,,,,,,,,,,,,
13_05,13,05,f,17,07/01/21,12/02/22,b,h,12.71,12.70,81.4,81.4,36,.,35.9,.,w,1546899,1546933,2,r,2,r,2,r,16,cu,,,,,,,,,,,,,,,,,,,,,,,,,,,,,,,,,,,2,s,,,,,,,,,,,,,,,,,,,,,,,,,,,,,,,,,,,,,,,,,,,,,,,,,,,,,,,,,,,,,,,,,,,,,,
13_05,13,05,f,17,07/01/21,12/02/22,b,h,12.71,12.70,81.4,81.4,36,.,35.9,.,w,1546933,1547375,2,r,2,r,2,r,,,,,,,,,,,,,,,,,,,,,,,,,,,,,,,,,,,,,2,s,,,,,,,,,,,,,,,,,,,,,,,,,,,,,,,,,,,,,,,,,,,,,,,,,,,,,,,,,,,,,,,,,,,,,,
13_05,13,05,f,17,07/01/21,12/02/22,b,h,12.71,12.70,81.4,81.4,36,.,35.9,.,w,1547375,1551148,2,r,2,r,2,r,,,,,,,,,,,,,,,,,,,,,,,,,,,,,,,,,,,,,,,,,,,,,,,,,,,,,,,,,,,,,,,,,,,,,,,,,,,,,,,,,,,,,,,,,,,,,,,,,,,,,,,,,,,,
13_05,13,05,f,17,07/01/21,12/02/22,b,h,12.71,12.70,81.4,81.4,36,.,35.9,.,w,1551148,1551149,2,r,2,r,2,r,17,cu,,,,,,,,,,,,,,,,,,46,y,.,.,.,.,p,.,.,.,.,.,.,.,.,.,.,,,,,,,,,,,,,,,,,,,,,,,,,,,,,,,,,,,,,,,,,,,,,,,,,,,,,,,,,,,,,,,,,,,,,,,,
13_05,13,05,f,17,07/01/21,12/02/22,b,h,12.71,12.70,81.4,81.4,36,.,35.9,.,w,1551149,1558152,2,r,2,r,2,r,17,cu,,,,,,,,,,,,,,,,,,,,,,,,,,,,,,,,,,,,,,,,,,,,,,,,,,,,,,,,,,,,,,,,,,,,,,,,,,,,,,,,,,,,,,,,,,,,,,,,,,,,,,,,,,
13_05,13,05,f,17,07/01/21,12/02/22,b,h,12.71,12.70,81.4,81.4,36,.,35.9,.,w,1558152,1558153,2,r,2,r,2,r,17,cu,,,,,,,,,,,,,,,,,,47,y,.,.,.,.,i,.,.,.,.,y,.,.,.,.,.,3,s,,,,,,,,,,,,,,,,,,70,.,.,.,.,y,i,.,.,.,.,y,.,.,.,.,.,,,,,,,,,,,,,,,,,,,,,,,,,,,,,,,,,,,,
13_05,13,05,f,17,07/01/21,12/02/22,b,h,12.71,12.70,81.4,81.4,36,.,35.9,.,w,1558153,1559547,2,r,2,r,2,r,17,cu,,,,,,,,,,,,,,,,,,,,,,,,,,,,,,,,,,,3,s,70,.,.,.,.,y,pu,.,.,.,.,.,.,.,.,.,.,,,,,,,,,,,,,,,,,,,,,,,,,,,,,,,,,,,,,,,,,,,,,,,,,,,,,
13_05,13,05,f,17,07/01/21,12/02/22,b,h,12.71,12.70,81.4,81.4,36,.,35.9,.,w,1559547,1560464,2,r,2,r,2,r,,,,,,,,,,,,,,,,,,,,,,,,,,,,,,,,,,,,,,,,,,,,,,,,,,,,,,,,,,,,,,,,,,,,,,,,,,,,,,,,,,,,,,,,,,,,,,,,,,,,,,,,,,,,
13_05,13,05,f,17,07/01/21,12/02/22,b,h,12.71,12.70,81.4,81.4,36,.,35.9,.,w,1560464,1560566,2,r,2,r,2,r,18,s,,,,,,,,,,,,,,,,,,,,,,,,,,,,,,,,,,,,,,,,,,,,,,,,,,,,,,,,,,,,,,,,,,,,,,,,,,,,,,,,,,,,,,,,,,,,,,,,,,,,,,,,,,
13_05,13,05,f,17,07/01/21,12/02/22,b,h,12.71,12.70,81.4,81.4,36,.,35.9,.,w,1560566,1562369,2,r,2,r,2,r,18,s,48,y,.,.,.,.,pu,.,.,.,.,.,.,.,.,.,.,,,,,,,,,,,,,,,,,,,,,,,,,,,,,,,,,,,,,,,,,,,,,,,,,,,,,,,,,,,,,,,,,,,,,,,,,,,,,,,,,,,,,,,,,
13_05,13,05,f,17,07/01/21,12/02/22,b,h,12.71,12.70,81.4,81.4,36,.,35.9,.,w,1562369,1565394,2,r,2,r,2,r,,,,,,,,,,,,,,,,,,,,,,,,,,,,,,,,,,,,,,,,,,,,,,,,,,,,,,,,,,,,,,,,,,,,,,,,,,,,,,,,,,,,,,,,,,,,,,,,,,,,,,,,,,,,
13_05,13,05,f,17,07/01/21,12/02/22,b,h,12.71,12.70,81.4,81.4,36,.,35.9,.,w,1565394,1565395,2,r,2,r,2,r,19,cu,,,,,,,,,,,,,,,,,,49,y,.,.,.,.,p,.,.,.,.,.,.,.,.,.,.,,,,,,,,,,,,,,,,,,,,,,,,,,,,,,,,,,,,,,,,,,,,,,,,,,,,,,,,,,,,,,,,,,,,,,,,
13_05,13,05,f,17,07/01/21,12/02/22,b,h,12.71,12.70,81.4,81.4,36,.,35.9,.,w,1565395,1569746,2,r,2,r,2,r,19,cu,,,,,,,,,,,,,,,,,,,,,,,,,,,,,,,,,,,,,,,,,,,,,,,,,,,,,,,,,,,,,,,,,,,,,,,,,,,,,,,,,,,,,,,,,,,,,,,,,,,,,,,,,,
13_05,13,05,f,17,07/01/21,12/02/22,b,h,12.71,12.70,81.4,81.4,36,.,35.9,.,w,1569746,1569747,2,r,2,r,2,r,19,cu,,,,,,,,,,,,,,,,,,50,y,.,.,.,.,i,.,.,.,.,y,.,.,.,.,.,4,s,,,,,,,,,,,,,,,,,,70,.,.,.,.,y,i,.,.,.,.,y,.,.,.,.,.,,,,,,,,,,,,,,,,,,,,,,,,,,,,,,,,,,,,
13_05,13,05,f,17,07/01/21,12/02/22,b,h,12.71,12.70,81.4,81.4,36,.,35.9,.,w,1569747,1569781,2,r,2,r,2,r,19,cu,,,,,,,,,,,,,,,,,,,,,,,,,,,,,,,,,,,4,s,,,,,,,,,,,,,,,,,,,,,,,,,,,,,,,,,,,,,,,,,,,,,,,,,,,,,,,,,,,,,,,,,,,,,,
13_05,13,05,f,17,07/01/21,12/02/22,b,h,12.71,12.70,81.4,81.4,36,.,35.9,.,w,1569781,1573690,2,r,2,r,2,r,19,cu,,,,,,,,,,,,,,,,,,,,,,,,,,,,,,,,,,,,,,,,,,,,,,,,,,,,,,,,,,,,,,,,,,,,,,,,,,,,,,,,,,,,,,,,,,,,,,,,,,,,,,,,,,
13_05,13,05,f,17,07/01/21,12/02/22,b,h,12.71,12.70,81.4,81.4,36,.,35.9,.,w,1573690,1573691,2,r,2,r,2,r,19,cu,,,,,,,,,,,,,,,,,,51,y,.,.,.,.,p,.,.,.,.,.,.,.,.,.,.,,,,,,,,,,,,,,,,,,,,,,,,,,,,,,,,,,,,,,,,,,,,,,,,,,,,,,,,,,,,,,,,,,,,,,,,
13_05,13,05,f,17,07/01/21,12/02/22,b,h,12.71,12.70,81.4,81.4,36,.,35.9,.,w,1573691,1576206,2,r,2,r,2,r,19,cu,,,,,,,,,,,,,,,,,,,,,,,,,,,,,,,,,,,,,,,,,,,,,,,,,,,,,,,,,,,,,,,,,,,,,,,,,,,,,,,,,,,,,,,,,,,,,,,,,,,,,,,,,,
13_05,13,05,f,17,07/01/21,12/02/22,b,h,12.71,12.70,81.4,81.4,36,.,35.9,.,w,1576206,1576207,2,r,2,r,2,r,19,cu,,,,,,,,,,,,,,,,,,52,y,.,.,.,.,i,.,.,.,.,y,.,.,.,.,.,5,s,,,,,,,,,,,,,,,,,,70,.,.,.,.,y,i,.,.,.,.,y,.,.,.,.,.,,,,,,,,,,,,,,,,,,,,,,,,,,,,,,,,,,,,
13_05,13,05,f,17,07/01/21,12/02/22,b,h,12.71,12.70,81.4,81.4,36,.,35.9,.,w,1576207,1576241,2,r,2,r,2,r,19,cu,,,,,,,,,,,,,,,,,,,,,,,,,,,,,,,,,,,5,s,,,,,,,,,,,,,,,,,,,,,,,,,,,,,,,,,,,,,,,,,,,,,,,,,,,,,,,,,,,,,,,,,,,,,,
13_05,13,05,f,17,07/01/21,12/02/22,b,h,12.71,12.70,81.4,81.4,36,.,35.9,.,w,1576241,1579776,2,r,2,r,2,r,19,cu,,,,,,,,,,,,,,,,,,,,,,,,,,,,,,,,,,,,,,,,,,,,,,,,,,,,,,,,,,,,,,,,,,,,,,,,,,,,,,,,,,,,,,,,,,,,,,,,,,,,,,,,,,
13_05,13,05,f,17,07/01/21,12/02/22,b,h,12.71,12.70,81.4,81.4,36,.,35.9,.,w,1579776,1579777,2,r,2,r,2,r,19,cu,,,,,,,,,,,,,,,,,,53,y,.,.,.,.,p,.,.,.,.,.,.,.,.,.,.,,,,,,,,,,,,,,,,,,,,,,,,,,,,,,,,,,,,,,,,,,,,,,,,,,,,,,,,,,,,,,,,,,,,,,,,
13_05,13,05,f,17,07/01/21,12/02/22,b,h,12.71,12.70,81.4,81.4,36,.,35.9,.,w,1579777,1584060,2,r,2,r,2,r,19,cu,,,,,,,,,,,,,,,,,,,,,,,,,,,,,,,,,,,,,,,,,,,,,,,,,,,,,,,,,,,,,,,,,,,,,,,,,,,,,,,,,,,,,,,,,,,,,,,,,,,,,,,,,,
13_05,13,05,f,17,07/01/21,12/02/22,b,h,12.71,12.70,81.4,81.4,36,.,35.9,.,w,1584060,1584061,2,r,2,r,2,r,19,cu,,,,,,,,,,,,,,,,,,54,y,.,.,.,.,i,.,.,.,.,y,.,.,.,.,.,6,s,,,,,,,,,,,,,,,,,,70,.,.,.,.,y,i,.,.,.,.,y,.,.,.,.,.,,,,,,,,,,,,,,,,,,,,,,,,,,,,,,,,,,,,
13_05,13,05,f,17,07/01/21,12/02/22,b,h,12.71,12.70,81.4,81.4,36,.,35.9,.,w,1584061,1585625,2,r,2,r,2,r,19,cu,,,,,,,,,,,,,,,,,,,,,,,,,,,,,,,,,,,6,s,,,,,,,,,,,,,,,,,,,,,,,,,,,,,,,,,,,,,,,,,,,,,,,,,,,,,,,,,,,,,,,,,,,,,,
13_05,13,05,f,17,07/01/21,12/02/22,b,h,12.71,12.70,81.4,81.4,36,.,35.9,.,w,1585625,1586984,2,r,2,r,2,r,,,,,,,,,,,,,,,,,,,,,,,,,,,,,,,,,,,,,,,,,,,,,,,,,,,,,,,,,,,,,,,,,,,,,,,,,,,,,,,,,,,,,,,,,,,,,,,,,,,,,,,,,,,,
13_05,13,05,f,17,07/01/21,12/02/22,b,h,12.71,12.70,81.4,81.4,36,.,35.9,.,w,1586984,1610445,2,r,2,r,2,r,20,s,55,y,.,.,.,.,pu,.,.,.,.,.,.,.,.,.,.,,,,,,,,,,,,,,,,,,,,,,,,,,,,,,,,,,,,,,,,,,,,,,,,,,,,,,,,,,,,,,,,,,,,,,,,,,,,,,,,,,,,,,,,,
13_05,13,05,f,17,07/01/21,12/02/22,b,h,12.71,12.70,81.4,81.4,36,.,35.9,.,w,1610445,1614048,2,r,2,r,2,r,,,,,,,,,,,,,,,,,,,,,,,,,,,,,,,,,,,,,,,,,,,,,,,,,,,,,,,,,,,,,,,,,,,,,,,,,,,,,,,,,,,,,,,,,,,,,,,,,,,,,,,,,,,,
13_05,13,05,f,17,07/01/21,12/02/22,b,h,12.71,12.70,81.4,81.4,36,.,35.9,.,w,1614048,1615272,2,r,2,r,2,r,21,b,,,,,,,,,,,,,,,,,,,,,,,,,,,,,,,,,,,,,,,,,,,,,,,,,,,,,,,,,,,,,,,,,,,,,,,,,,,,,,,,,,,,,,,,,,,,,,,,,,,,,,,,,,
13_05,13,05,f,17,07/01/21,12/02/22,b,h,12.71,12.70,81.4,81.4,36,.,35.9,.,w,1615272,1615273,2,r,2,r,2,r,21,b,,,,,,,,,,,,,,,,,,56,y,.,.,.,.,p,.,.,.,.,.,.,.,.,.,.,,,,,,,,,,,,,,,,,,,,,,,,,,,,,,,,,,,,,,,,,,,,,,,,,,,,,,,,,,,,,,,,,,,,,,,,
13_05,13,05,f,17,07/01/21,12/02/22,b,h,12.71,12.70,81.4,81.4,36,.,35.9,.,w,1615273,1627512,2,r,2,r,2,r,21,b,,,,,,,,,,,,,,,,,,,,,,,,,,,,,,,,,,,,,,,,,,,,,,,,,,,,,,,,,,,,,,,,,,,,,,,,,,,,,,,,,,,,,,,,,,,,,,,,,,,,,,,,,,
13_05,13,05,f,17,07/01/21,12/02/22,b,h,12.71,12.70,81.4,81.4,36,.,35.9,.,w,1627512,1629859,2,r,2,r,2,r,21,b,,,,,,,,,,,,,,,,,,,,,,,,,,,,,,,,,,,7,c,70,y,.,.,.,.,t,.,.,.,.,.,.,.,.,.,.,,,,,,,,,,,,,,,,,,,,,,,,,,,,,,,,,,,,,,,,,,,,,,,,,,,,,
13_05,13,05,f,17,07/01/21,12/02/22,b,h,12.71,12.70,81.4,81.4,36,.,35.9,.,w,1629859,1630334,2,r,2,r,2,r,21,b,,,,,,,,,,,,,,,,,,,,,,,,,,,,,,,,,,,7,c,,,,,,,,,,,,,,,,,,,,,,,,,,,,,,,,,,,,,,,,,,,,,,,,,,,,,,,,,,,,,,,,,,,,,,
13_05,13,05,f,17,07/01/21,12/02/22,b,h,12.71,12.70,81.4,81.4,36,.,35.9,.,w,1630334,1634177,2,r,2,r,2,r,21,b,,,,,,,,,,,,,,,,,,,,,,,,,,,,,,,,,,,7,c,70,y,.,.,.,.,pu,.,.,.,.,.,.,.,y,.,.,,,,,,,,,,,,,,,,,,,,,,,,,,,,,,,,,,,,,,,,,,,,,,,,,,,,,
13_05,13,05,f,17,07/01/21,12/02/22,b,h,12.71,12.70,81.4,81.4,36,.,35.9,.,w,1634177,1641384,2,r,2,r,2,r,21,b,,,,,,,,,,,,,,,,,,,,,,,,,,,,,,,,,,,,,,,,,,,,,,,,,,,,,,,,,,,,,,,,,,,,,,,,,,,,,,,,,,,,,,,,,,,,,,,,,,,,,,,,,,
13_05,13,05,f,17,07/01/21,12/02/22,b,h,12.71,12.70,81.4,81.4,36,.,35.9,.,w,1641384,1641385,2,r,2,r,2,r,21,b,,,,,,,,,,,,,,,,,,57,y,.,.,.,.,d,.,.,.,.,.,.,.,.,.,.,,,,,,,,,,,,,,,,,,,,,,,,,,,,,,,,,,,,,,,,,,,,,,,,,,,,,,,,,,,,,,,,,,,,,,,,
13_05,13,05,f,17,07/01/21,12/02/22,b,h,12.71,12.70,81.4,81.4,36,.,35.9,.,w,1641385,1646824,2,r,2,r,2,r,,,,,,,,,,,,,,,,,,,,,,,,,,,,,,,,,,,,,,,,,,,,,,,,,,,,,,,,,,,,,,,,,,,,,,,,,,,,,,,,,,,,,,,,,,,,,,,,,,,,,,,,,,,,
13_05,13,05,f,17,07/01/21,12/02/22,b,h,12.71,12.70,81.4,81.4,36,.,35.9,.,w,1646824,1652944,2,r,2,r,2,r,22,c,,,,,,,,,,,,,,,,,,,,,,,,,,,,,,,,,,,,,,,,,,,,,,,,,,,,,,,,,,,,,,,,,,,,,,,,,,,,,,,,,,,,,,,,,,,,,,,,,,,,,,,,,,
13_05,13,05,f,17,07/01/21,12/02/22,b,h,12.71,12.70,81.4,81.4,36,.,35.9,.,w,1652944,1652945,2,r,2,r,2,r,22,c,,,,,,,,,,,,,,,,,,58,y,.,.,.,.,o,.,.,.,y,.,.,.,.,.,.,,,,,,,,,,,,,,,,,,,,,,,,,,,,,,,,,,,,,,,,,,,,,,,,,,,,,,,,,,,,,,,,,,,,,,,,
13_05,13,05,f,17,07/01/21,12/02/22,b,h,12.71,12.70,81.4,81.4,36,.,35.9,.,w,1652945,1657602,2,r,2,r,2,r,22,c,,,,,,,,,,,,,,,,,,,,,,,,,,,,,,,,,,,,,,,,,,,,,,,,,,,,,,,,,,,,,,,,,,,,,,,,,,,,,,,,,,,,,,,,,,,,,,,,,,,,,,,,,,
13_05,13,05,f,17,07/01/21,12/02/22,b,h,12.71,12.70,81.4,81.4,36,.,35.9,.,w,1657602,1657603,2,r,2,r,2,r,22,c,,,,,,,,,,,,,,,,,,59,y,.,.,.,.,i,.,.,.,.,y,.,.,.,.,.,,,,,,,,,,,,,,,,,,,,,,,,,,,,,,,,,,,,,,,,,,,,,,,,,,,,,,,,,,,,,,,,,,,,,,,,
13_05,13,05,f,17,07/01/21,12/02/22,b,h,12.71,12.70,81.4,81.4,36,.,35.9,.,w,1657603,1658996,2,r,2,r,2,r,22,c,,,,,,,,,,,,,,,,,,,,,,,,,,,,,,,,,,,,,,,,,,,,,,,,,,,,,,,,,,,,,,,,,,,,,,,,,,,,,,,,,,,,,,,,,,,,,,,,,,,,,,,,,,
13_05,13,05,f,17,07/01/21,12/02/22,b,h,12.71,12.70,81.4,81.4,36,.,35.9,.,w,1658996,1680451,2,r,2,r,2,r,22,c,60,y,.,.,.,.,pu,.,.,.,.,.,.,.,y,y,.,,,,,,,,,,,,,,,,,,,,,,,,,,,,,,,,,,,,,,,,,,,,,,,,,,,,,,,,,,,,,,,,,,,,,,,,,,,,,,,,,,,,,,,,,
13_05,13,05,f,17,07/01/21,12/02/22,b,h,12.71,12.70,81.4,81.4,36,.,35.9,.,w,1680451,1685822,2,r,2,r,2,r,22,c,,,,,,,,,,,,,,,,,,,,,,,,,,,,,,,,,,,,,,,,,,,,,,,,,,,,,,,,,,,,,,,,,,,,,,,,,,,,,,,,,,,,,,,,,,,,,,,,,,,,,,,,,,
13_05,13,05,f,17,07/01/21,12/02/22,b,h,12.71,12.70,81.4,81.4,36,.,35.9,.,w,1685822,1689291,2,r,2,r,2,r,22,c,61,y,.,.,.,.,pu,.,.,.,.,.,.,.,y,.,.,,,,,,,,,,,,,,,,,,,,,,,,,,,,,,,,,,,,,,,,,,,,,,,,,,,,,,,,,,,,,,,,,,,,,,,,,,,,,,,,,,,,,,,,,
13_05,13,05,f,17,07/01/21,12/02/22,b,h,12.71,12.70,81.4,81.4,36,.,35.9,.,w,1689291,1689392,2,r,2,r,2,r,22,c,,,,,,,,,,,,,,,,,,,,,,,,,,,,,,,,,,,,,,,,,,,,,,,,,,,,,,,,,,,,,,,,,,,,,,,,,,,,,,,,,,,,,,,,,,,,,,,,,,,,,,,,,,
13_05,13,05,f,17,07/01/21,12/02/22,b,h,12.71,12.70,81.4,81.4,36,.,35.9,.,w,1689392,1689393,2,r,2,r,2,r,22,c,,,,,,,,,,,,,,,,,,62,y,.,.,.,.,o,.,.,.,y,.,.,.,.,.,.,,,,,,,,,,,,,,,,,,,,,,,,,,,,,,,,,,,,,,,,,,,,,,,,,,,,,,,,,,,,,,,,,,,,,,,,
13_05,13,05,f,17,07/01/21,12/02/22,b,h,12.71,12.70,81.4,81.4,36,.,35.9,.,w,1689393,1691534,2,r,2,r,2,r,22,c,,,,,,,,,,,,,,,,,,,,,,,,,,,,,,,,,,,,,,,,,,,,,,,,,,,,,,,,,,,,,,,,,,,,,,,,,,,,,,,,,,,,,,,,,,,,,,,,,,,,,,,,,,
13_05,13,05,f,17,07/01/21,12/02/22,b,h,12.71,12.70,81.4,81.4,36,.,35.9,.,w,1691534,1692419,2,r,2,r,2,r,22,c,63,y,.,.,.,.,pu,.,.,.,.,.,.,.,.,y,.,,,,,,,,,,,,,,,,,,,,,,,,,,,,,,,,,,,,,,,,,,,,,,,,,,,,,,,,,,,,,,,,,,,,,,,,,,,,,,,,,,,,,,,,,
13_05,13,05,f,17,07/01/21,12/02/22,b,h,12.71,12.70,81.4,81.4,36,.,35.9,.,w,1692419,1703502,2,r,2,r,2,r,22,c,,,,,,,,,,,,,,,,,,,,,,,,,,,,,,,,,,,,,,,,,,,,,,,,,,,,,,,,,,,,,,,,,,,,,,,,,,,,,,,,,,,,,,,,,,,,,,,,,,,,,,,,,,
13_05,13,05,f,17,07/01/21,12/02/22,b,h,12.71,12.70,81.4,81.4,36,.,35.9,.,w,1703502,1705169,2,r,2,r,2,r,22,c,64,y,.,.,.,.,pu,.,.,.,.,.,.,.,y,.,.,,,,,,,,,,,,,,,,,,,,,,,,,,,,,,,,,,,,,,,,,,,,,,,,,,,,,,,,,,,,,,,,,,,,,,,,,,,,,,,,,,,,,,,,,
13_05,13,05,f,17,07/01/21,12/02/22,b,h,12.71,12.70,81.4,81.4,36,.,35.9,.,w,1705169,1707616,2,r,2,r,2,r,22,c,,,,,,,,,,,,,,,,,,,,,,,,,,,,,,,,,,,,,,,,,,,,,,,,,,,,,,,,,,,,,,,,,,,,,,,,,,,,,,,,,,,,,,,,,,,,,,,,,,,,,,,,,,
13_05,13,05,f,17,07/01/21,12/02/22,b,h,12.71,12.70,81.4,81.4,36,.,35.9,.,w,1707616,1707617,2,r,2,r,2,r,22,c,,,,,,,,,,,,,,,,,,65,y,.,.,.,.,i,.,.,.,.,y,.,.,.,.,.,,,,,,,,,,,,,,,,,,,,,,,,,,,,,,,,,,,,,,,,,,,,,,,,,,,,,,,,,,,,,,,,,,,,,,,,
13_05,13,05,f,17,07/01/21,12/02/22,b,h,12.71,12.70,81.4,81.4,36,.,35.9,.,w,1707617,1708636,2,r,2,r,2,r,22,c,,,,,,,,,,,,,,,,,,,,,,,,,,,,,,,,,,,,,,,,,,,,,,,,,,,,,,,,,,,,,,,,,,,,,,,,,,,,,,,,,,,,,,,,,,,,,,,,,,,,,,,,,,
13_05,13,05,f,17,07/01/21,12/02/22,b,h,12.71,12.70,81.4,81.4,36,.,35.9,.,w,1708636,1711901,2,r,2,r,2,r,22,c,66,y,.,.,.,.,pu,.,.,.,.,.,.,.,.,y,.,,,,,,,,,,,,,,,,,,,,,,,,,,,,,,,,,,,,,,,,,,,,,,,,,,,,,,,,,,,,,,,,,,,,,,,,,,,,,,,,,,,,,,,,,
13_05,13,05,f,17,07/01/21,12/02/22,b,h,12.71,12.70,81.4,81.4,36,.,35.9,.,w,1711901,1712071,2,r,2,r,2,r,22,c,,,,,,,,,,,,,,,,,,,,,,,,,,,,,,,,,,,,,,,,,,,,,,,,,,,,,,,,,,,,,,,,,,,,,,,,,,,,,,,,,,,,,,,,,,,,,,,,,,,,,,,,,,
13_05,13,05,f,17,07/01/21,12/02/22,b,h,12.71,12.70,81.4,81.4,36,.,35.9,.,w,1712071,1714926,2,r,2,r,2,r,,,,,,,,,,,,,,,,,,,,,,,,,,,,,,,,,,,,,,,,,,,,,,,,,,,,,,,,,,,,,,,,,,,,,,,,,,,,,,,,,,,,,,,,,,,,,,,,,,,,,,,,,,,,
13_05,13,05,f,17,07/01/21,12/02/22,b,h,12.71,12.70,81.4,81.4,36,.,35.9,.,w,1714926,1744065,2,r,2,r,2,r,23,s,67,y,.,.,.,.,pu,.,.,.,.,.,.,.,.,.,.,,,,,,,,,,,,,,,,,,,,,,,,,,,,,,,,,,,,,,,,,,,,,,,,,,,,,,,,,,,,,,,,,,,,,,,,,,,,,,,,,,,,,,,,,
13_05,13,05,f,17,07/01/21,12/02/22,b,h,12.71,12.70,81.4,81.4,36,.,35.9,.,w,1744065,1746444,2,r,2,r,2,r,,,,,,,,,,,,,,,,,,,,,,,,,,,,,,,,,,,,,,,,,,,,,,,,,,,,,,,,,,,,,,,,,,,,,,,,,,,,,,,,,,,,,,,,,,,,,,,,,,,,,,,,,,,,
13_05,13,05,f,17,07/01/21,12/02/22,b,h,12.71,12.70,81.4,81.4,36,.,35.9,.,w,1746444,1749130,2,r,2,r,2,r,24,cu,,,,,,,,,,,,,,,,,,,,,,,,,,,,,,,,,,,,,,,,,,,,,,,,,,,,,,,,,,,,,,,,,,,,,,,,,,,,,,,,,,,,,,,,,,,,,,,,,,,,,,,,,,
13_05,13,05,f,17,07/01/21,12/02/22,b,h,12.71,12.70,81.4,81.4,36,.,35.9,.,w,1749130,1749131,2,r,2,r,2,r,24,cu,,,,,,,,,,,,,,,,,,68,y,.,.,.,.,o,.,.,.,y,.,.,.,.,.,.,8,s,,,,,,,,,,,,,,,,,,70,.,.,.,.,y,o,.,.,.,y,.,.,.,.,.,.,,,,,,,,,,,,,,,,,,,,,,,,,,,,,,,,,,,,
13_05,13,05,f,17,07/01/21,12/02/22,b,h,12.71,12.70,81.4,81.4,36,.,35.9,.,w,1749131,1752836,2,r,2,r,2,r,24,cu,,,,,,,,,,,,,,,,,,,,,,,,,,,,,,,,,,,8,s,,,,,,,,,,,,,,,,,,,,,,,,,,,,,,,,,,,,,,,,,,,,,,,,,,,,,,,,,,,,,,,,,,,,,,
13_05,13,05,f,17,07/01/21,12/02/22,b,h,12.71,12.70,81.4,81.4,36,.,35.9,.,w,1752836,1752837,2,r,2,r,2,r,24,cu,,,,,,,,,,,,,,,,,,69,y,.,.,.,.,i,.,.,.,.,y,.,.,.,.,.,8,s,,,,,,,,,,,,,,,,,,70,.,.,.,.,y,i,.,.,.,.,y,.,.,.,.,.,,,,,,,,,,,,,,,,,,,,,,,,,,,,,,,,,,,,
13_05,13,05,f,17,07/01/21,12/02/22,b,h,12.71,12.70,81.4,81.4,36,.,35.9,.,w,1752837,1755183,2,r,2,r,2,r,24,cu,,,,,,,,,,,,,,,,,,,,,,,,,,,,,,,,,,,8,s,,,,,,,,,,,,,,,,,,,,,,,,,,,,,,,,,,,,,,,,,,,,,,,,,,,,,,,,,,,,,,,,,,,,,,
13_05,13,05,f,17,07/01/21,12/02/22,b,h,12.71,12.70,81.4,81.4,36,.,35.9,.,w,1755183,1761983,2,r,2,r,2,r,,,,,,,,,,,,,,,,,,,,,,,,,,,,,,,,,,,,,8,s,,,,,,,,,,,,,,,,,,,,,,,,,,,,,,,,,,,,,,,,,,,,,,,,,,,,,,,,,,,,,,,,,,,,,,
13_05,13,05,f,17,07/01/21,12/02/22,b,h,12.71,12.70,81.4,81.4,36,.,35.9,.,w,1761983,1767966,2,r,2,r,2,r,,,,,,,,,,,,,,,,,,,,,,,,,,,,,,,,,,,,,,,,,,,,,,,,,,,,,,,,,,,,,,,,,,,,,,,,,,,,,,,,,,,,,,,,,,,,,,,,,,,,,,,,,,,,
13_05,13,05,f,17,07/01/21,12/02/22,b,h,12.71,12.70,81.4,81.4,36,.,35.9,.,w,1767966,1770686,2,r,2,r,2,r,25,s,70,y,.,.,.,.,pu,.,.,.,.,.,.,.,.,.,.,,,,,,,,,,,,,,,,,,,,,,,,,,,,,,,,,,,,,,,,,,,,,,,,,,,,,,,,,,,,,,,,,,,,,,,,,,,,,,,,,,,,,,,,,
13_05,13,05,f,17,07/01/21,12/02/22,b,h,12.71,12.70,81.4,81.4,36,.,35.9,.,w,1770686,1770687,,,,,,,25,s,70,y,.,.,.,.,pu,.,.,.,.,.,.,.,.,.,.,,,,,,,,,,,,,,,,,,,,,,,,,,,,,,,,,,,,,,,,,,,,,,,,,,,,,,,,,,,,,,,,,,,,,,,,,,,,,,,,,,,,,,,,,
13_05,13,05,f,17,07/01/21,12/02/22,b,h,12.71,12.70,81.4,81.4,36,.,35.9,.,w,1770687,2023238,,,,,,,,,,,,,,,,,,,,,,,,,,,,,,,,,,,,,,,,,,,,,,,,,,,,,,,,,,,,,,,,,,,,,,,,,,,,,,,,,,,,,,,,,,,,,,,,,,,,,,,,,,,,,,,,,,
13_05,13,05,f,17,07/01/21,12/02/22,b,h,12.71,12.70,81.4,81.4,36,.,35.9,.,w,2023238,2382346,3,b,,,,,,,,,,,,,,,,,,,,,,,,,,,,,,,,,,,,,,,,,,,,,,,,,,,,,,,,,,,,,,,,,,,,,,,,,,,,,,,,,,,,,,,,,,,,,,,,,,,,,,,,,,,,,,,,
13_05,13,05,f,17,07/01/21,12/02/22,b,h,12.71,12.70,81.4,81.4,36,.,35.9,.,w,2382346,2414136,,,,,,,,,,,,,,,,,,,,,,,,,,,,,,,,,,,,,,,,,,,,,,,,,,,,,,,,,,,,,,,,,,,,,,,,,,,,,,,,,,,,,,,,,,,,,,,,,,,,,,,,,,,,,,,,,,
13_05,13,05,f,17,07/01/21,12/02/22,b,h,12.71,12.70,81.4,81.4,36,.,35.9,.,w,2414136,2578594,4,g,,,,,,,,,,,,,,,,,,,,,,,,,,,,,,,,,,,,,,,,,,,,,,,,,,,,,,,,,,,,,,,,,,,,,,,,,,,,,,,,,,,,,,,,,,,,,,,,,,,,,,,,,,,,,,,,
17_11,17,11,f,15,05/01/22,07/25/23,w,h,9.35,9.35,74.7,74.5,33.5,.,33.5,.,w,622166,1248072,1,p,1,p,1,p,,,,,,,,,,,,,,,,,,,,,,,,,,,,,,,,,,,,,,,,,,,,,,,,,,,,,,,,,,,,,,,,,,,,,,,,,,,,,,,,,,,,,,,,,,,,,,,,,,,,,,,,,,,,
17_11,17,11,f,15,05/01/22,07/25/23,w,h,9.35,9.35,74.7,74.5,33.5,.,33.5,.,w,1248072,1418548,,,,,,,,,,,,,,,,,,,,,,,,,,,,,,,,,,,,,,,,,,,,,,,,,,,,,,,,,,,,,,,,,,,,,,,,,,,,,,,,,,,,,,,,,,,,,,,,,,,,,,,,,,,,,,,,,,
17_11,17,11,f,15,05/01/22,07/25/23,w,h,9.35,9.35,74.7,74.5,33.5,.,33.5,.,w,1418548,1606942,2,m,,,,,,,,,,,,,,,,,,,,,,,,,,,,,,,,,,,,,,,,,,,,,,,,,,,,,,,,,,,,,,,,,,,,,,,,,,,,,,,,,,,,,,,,,,,,,,,,,,,,,,,,,,,,,,,,
17_11,17,11,f,15,05/01/22,07/25/23,w,h,9.35,9.35,74.7,74.5,33.5,.,33.5,.,w,1606942,1772556,,,,,,,,,,,,,,,,,,,,,,,,,,,,,,,,,,,,,,,,,,,,,,,,,,,,,,,,,,,,,,,,,,,,,,,,,,,,,,,,,,,,,,,,,,,,,,,,,,,,,,,,,,,,,,,,,,
17_11,17,11,f,15,05/01/22,07/25/23,w,h,9.35,9.35,74.7,74.5,33.5,.,33.5,.,w,1772556,1788128,3,r,2,r,2,r,,,,,,,,,,,,,,,,,,,,,,,,,,,,,,,,,,,,,,,,,,,,,,,,,,,,,,,,,,,,,,,,,,,,,,,,,,,,,,,,,,,,,,,,,,,,,,,,,,,,,,,,,,,,
17_11,17,11,f,15,05/01/22,07/25/23,w,h,9.35,9.35,74.7,74.5,33.5,.,33.5,.,w,1788128,1802375,3,r,2,r,2,r,1,m,1,y,.,.,.,.,t,y,.,.,.,.,.,.,.,.,.,,,,,,,,,,,,,,,,,,,,,,,,,,,,,,,,,,,,,,,,,,,,,,,,,,,,,,,,,,,,,,,,,,,,,,,,,,,,,,,,,,,,,,,,,
17_11,17,11,f,15,05/01/22,07/25/23,w,h,9.35,9.35,74.7,74.5,33.5,.,33.5,.,w,1802375,1805638,3,r,2,r,2,r,,,,,,,,,,,,,,,,,,,,,,,,,,,,,,,,,,,,,,,,,,,,,,,,,,,,,,,,,,,,,,,,,,,,,,,,,,,,,,,,,,,,,,,,,,,,,,,,,,,,,,,,,,,,
17_11,17,11,f,15,05/01/22,07/25/23,w,h,9.35,9.35,74.7,74.5,33.5,.,33.5,.,w,1805638,1810161,3,r,2,r,2,r,2,m,2,y,.,.,.,.,t,y,.,.,.,.,.,.,.,.,.,,,,,,,,,,,,,,,,,,,,,,,,,,,,,,,,,,,,,,,,,,,,,,,,,,,,,,,,,,,,,,,,,,,,,,,,,,,,,,,,,,,,,,,,,
17_11,17,11,f,15,05/01/22,07/25/23,w,h,9.35,9.35,74.7,74.5,33.5,.,33.5,.,w,1810161,1813832,3,r,2,r,2,r,,,,,,,,,,,,,,,,,,,,,,,,,,,,,,,,,,,,,,,,,,,,,,,,,,,,,,,,,,,,,,,,,,,,,,,,,,,,,,,,,,,,,,,,,,,,,,,,,,,,,,,,,,,,
17_11,17,11,f,15,05/01/22,07/25/23,w,h,9.35,9.35,74.7,74.5,33.5,.,33.5,.,w,1813832,1835015,3,r,2,r,2,r,3,m,3,y,.,.,.,.,t,y,.,.,.,.,.,.,.,.,.,,,,,,,,,,,,,,,,,,,,,,,,,,,,,,,,,,,,,,,,,,,,,,,,,,,,,,,,,,,,,,,,,,,,,,,,,,,,,,,,,,,,,,,,,
17_11,17,11,f,15,05/01/22,07/25/23,w,h,9.35,9.35,74.7,74.5,33.5,.,33.5,.,w,1835015,1865682,3,r,2,r,2,r,,,,,,,,,,,,,,,,,,,,,,,,,,,,,,,,,,,,,,,,,,,,,,,,,,,,,,,,,,,,,,,,,,,,,,,,,,,,,,,,,,,,,,,,,,,,,,,,,,,,,,,,,,,,
17_11,17,11,f,15,05/01/22,07/25/23,w,h,9.35,9.35,74.7,74.5,33.5,.,33.5,.,w,1865682,1866057,3,r,2,r,2,r,4,a,4,y,.,.,.,.,t,y,.,.,.,.,.,.,.,.,.,,,,,,,,,,,,,,,,,,,,,,,,,,,,,,,,,,,,,,,,,,,,,,,,,,,,,,,,,,,,,,,,,,,,,,,,,,,,,,,,,,,,,,,,,
17_11,17,11,f,15,05/01/22,07/25/23,w,h,9.35,9.35,74.7,74.5,33.5,.,33.5,.,w,1866057,1869116,3,r,2,r,2,r,,,,,,,,,,,,,,,,,,,,,,,,,,,,,,,,,,,,,,,,,,,,,,,,,,,,,,,,,,,,,,,,,,,,,,,,,,,,,,,,,,,,,,,,,,,,,,,,,,,,,,,,,,,,
17_11,17,11,f,15,05/01/22,07/25/23,w,h,9.35,9.35,74.7,74.5,33.5,.,33.5,.,w,1869116,1909475,3,r,2,r,2,r,5,a,5,y,.,.,.,.,t,y,.,.,.,.,.,.,.,.,.,,,,,,,,,,,,,,,,,,,,,,,,,,,,,,,,,,,,,,,,,,,,,,,,,,,,,,,,,,,,,,,,,,,,,,,,,,,,,,,,,,,,,,,,,
17_11,17,11,f,15,05/01/22,07/25/23,w,h,9.35,9.35,74.7,74.5,33.5,.,33.5,.,w,1909475,1914880,3,r,2,r,2,r,,,,,,,,,,,,,,,,,,,,,,,,,,,,,,,,,,,,,,,,,,,,,,,,,,,,,,,,,,,,,,,,,,,,,,,,,,,,,,,,,,,,,,,,,,,,,,,,,,,,,,,,,,,,
17_11,17,11,f,15,05/01/22,07/25/23,w,h,9.35,9.35,74.7,74.5,33.5,.,33.5,.,w,1914880,1967547,3,r,2,r,2,r,6,a,6,y,.,.,.,.,t,y,.,.,.,.,.,.,.,.,.,,,,,,,,,,,,,,,,,,,,,,,,,,,,,,,,,,,,,,,,,,,,,,,,,,,,,,,,,,,,,,,,,,,,,,,,,,,,,,,,,,,,,,,,,
17_11,17,11,f,15,05/01/22,07/25/23,w,h,9.35,9.35,74.7,74.5,33.5,.,33.5,.,w,1967547,1972476,3,r,2,r,2,r,,,,,,,,,,,,,,,,,,,,,,,,,,,,,,,,,,,,,,,,,,,,,,,,,,,,,,,,,,,,,,,,,,,,,,,,,,,,,,,,,,,,,,,,,,,,,,,,,,,,,,,,,,,,
17_11,17,11,f,15,05/01/22,07/25/23,w,h,9.35,9.35,74.7,74.5,33.5,.,33.5,.,w,1972476,1978597,3,r,2,r,2,r,7,a,7,y,.,.,.,.,t,.,.,.,.,.,.,.,.,.,.,,,,,,,,,,,,,,,,,,,,,,,,,,,,,,,,,,,,,,,,,,,,,,,,,,,,,,,,,,,,,,,,,,,,,,,,,,,,,,,,,,,,,,,,,
17_11,17,11,f,15,05/01/22,07/25/23,w,h,9.35,9.35,74.7,74.5,33.5,.,33.5,.,w,1978597,2015146,3,r,2,r,2,r,,,,,,,,,,,,,,,,,,,,,,,,,,,,,,,,,,,,,,,,,,,,,,,,,,,,,,,,,,,,,,,,,,,,,,,,,,,,,,,,,,,,,,,,,,,,,,,,,,,,,,,,,,,,
17_11,17,11,f,15,05/01/22,07/25/23,w,h,9.35,9.35,74.7,74.5,33.5,.,33.5,.,w,2015146,2044625,3,r,2,r,2,r,8,t,8,y,.,.,.,.,t,.,.,.,.,.,.,.,.,.,.,,,,,,,,,,,,,,,,,,,,,,,,,,,,,,,,,,,,,,,,,,,,,,,,,,,,,,,,,,,,,,,,,,,,,,,,,,,,,,,,,,,,,,,,,
17_11,17,11,f,15,05/01/22,07/25/23,w,h,9.35,9.35,74.7,74.5,33.5,.,33.5,.,w,2044625,2057408,3,r,2,r,2,r,8,t,,,,,,,,,,,,,,,,,,,,,,,,,,,,,,,,,,,,,,,,,,,,,,,,,,,,,,,,,,,,,,,,,,,,,,,,,,,,,,,,,,,,,,,,,,,,,,,,,,,,,,,,,,
17_11,17,11,f,15,05/01/22,07/25/23,w,h,9.35,9.35,74.7,74.5,33.5,.,33.5,.,w,2057408,2079169,3,r,2,r,2,r,8,t,9,y,.,.,.,.,t,.,.,.,.,.,.,.,.,.,.,,,,,,,,,,,,,,,,,,,,,,,,,,,,,,,,,,,,,,,,,,,,,,,,,,,,,,,,,,,,,,,,,,,,,,,,,,,,,,,,,,,,,,,,,
17_11,17,11,f,15,05/01/22,07/25/23,w,h,9.35,9.35,74.7,74.5,33.5,.,33.5,.,w,2079169,2083894,3,r,2,r,2,r,8,t,,,,,,,,,,,,,,,,,,,,,,,,,,,,,,,,,,,,,,,,,,,,,,,,,,,,,,,,,,,,,,,,,,,,,,,,,,,,,,,,,,,,,,,,,,,,,,,,,,,,,,,,,,
17_11,17,11,f,15,05/01/22,07/25/23,w,h,9.35,9.35,74.7,74.5,33.5,.,33.5,.,w,2083894,2144211,3,r,2,r,2,r,8,t,10,y,.,.,.,.,t,.,.,.,.,.,.,.,.,.,.,,,,,,,,,,,,,,,,,,,,,,,,,,,,,,,,,,,,,,,,,,,,,,,,,,,,,,,,,,,,,,,,,,,,,,,,,,,,,,,,,,,,,,,,,
17_11,17,11,f,15,05/01/22,07/25/23,w,h,9.35,9.35,74.7,74.5,33.5,.,33.5,.,w,2144211,2148324,3,r,2,r,2,r,8,t,,,,,,,,,,,,,,,,,,,,,,,,,,,,,,,,,,,,,,,,,,,,,,,,,,,,,,,,,,,,,,,,,,,,,,,,,,,,,,,,,,,,,,,,,,,,,,,,,,,,,,,,,,
17_11,17,11,f,15,05/01/22,07/25/23,w,h,9.35,9.35,74.7,74.5,33.5,.,33.5,.,w,2148324,2206737,3,r,2,r,2,r,8,t,11,y,.,.,.,.,t,.,.,.,.,.,.,.,.,.,.,,,,,,,,,,,,,,,,,,,,,,,,,,,,,,,,,,,,,,,,,,,,,,,,,,,,,,,,,,,,,,,,,,,,,,,,,,,,,,,,,,,,,,,,,
17_11,17,11,f,15,05/01/22,07/25/23,w,h,9.35,9.35,74.7,74.5,33.5,.,33.5,.,w,2206737,2228054,3,r,2,r,2,r,,,,,,,,,,,,,,,,,,,,,,,,,,,,,,,,,,,,,,,,,,,,,,,,,,,,,,,,,,,,,,,,,,,,,,,,,,,,,,,,,,,,,,,,,,,,,,,,,,,,,,,,,,,,
17_11,17,11,f,15,05/01/22,07/25/23,w,h,9.35,9.35,74.7,74.5,33.5,.,33.5,.,w,2228054,2230129,3,r,2,r,2,r,9,t,12,y,.,.,.,.,t,.,.,.,.,.,.,.,.,.,.,,,,,,,,,,,,,,,,,,,,,,,,,,,,,,,,,,,,,,,,,,,,,,,,,,,,,,,,,,,,,,,,,,,,,,,,,,,,,,,,,,,,,,,,,
17_11,17,11,f,15,05/01/22,07/25/23,w,h,9.35,9.35,74.7,74.5,33.5,.,33.5,.,w,2230129,2233256,3,r,2,r,2,r,,,,,,,,,,,,,,,,,,,,,,,,,,,,,,,,,,,,,,,,,,,,,,,,,,,,,,,,,,,,,,,,,,,,,,,,,,,,,,,,,,,,,,,,,,,,,,,,,,,,,,,,,,,,
17_11,17,11,f,15,05/01/22,07/25/23,w,h,9.35,9.35,74.7,74.5,33.5,.,33.5,.,w,2233256,2246653,3,r,2,r,2,r,10,t,13,y,.,.,.,.,t,.,.,.,.,.,.,.,.,.,.,,,,,,,,,,,,,,,,,,,,,,,,,,,,,,,,,,,,,,,,,,,,,,,,,,,,,,,,,,,,,,,,,,,,,,,,,,,,,,,,,,,,,,,,,
17_11,17,11,f,15,05/01/22,07/25/23,w,h,9.35,9.35,74.7,74.5,33.5,.,33.5,.,w,2246653,2266951,3,r,2,r,2,r,10,t,,,,,,,,,,,,,,,,,,,,,,,,,,,,,,,,,,,,,,,,,,,,,,,,,,,,,,,,,,,,,,,,,,,,,,,,,,,,,,,,,,,,,,,,,,,,,,,,,,,,,,,,,,
17_11,17,11,f,15,05/01/22,07/25/23,w,h,9.35,9.35,74.7,74.5,33.5,.,33.5,.,w,2266951,2274294,3,r,2,r,2,r,,,,,,,,,,,,,,,,,,,,,,,,,,,,,,,,,,,,,,,,,,,,,,,,,,,,,,,,,,,,,,,,,,,,,,,,,,,,,,,,,,,,,,,,,,,,,,,,,,,,,,,,,,,,
17_11,17,11,f,15,05/01/22,07/25/23,w,h,9.35,9.35,74.7,74.5,33.5,.,33.5,.,w,2274294,2294797,3,r,2,r,2,r,11,t,14,y,.,.,.,.,t,.,.,.,.,.,.,.,.,.,.,,,,,,,,,,,,,,,,,,,,,,,,,,,,,,,,,,,,,,,,,,,,,,,,,,,,,,,,,,,,,,,,,,,,,,,,,,,,,,,,,,,,,,,,,
17_11,17,11,f,15,05/01/22,07/25/23,w,h,9.35,9.35,74.7,74.5,33.5,.,33.5,.,w,2294797,2351508,3,r,2,r,2,r,,,,,,,,,,,,,,,,,,,,,,,,,,,,,,,,,,,,,,,,,,,,,,,,,,,,,,,,,,,,,,,,,,,,,,,,,,,,,,,,,,,,,,,,,,,,,,,,,,,,,,,,,,,,
17_11,17,11,f,15,05/01/22,07/25/23,w,h,9.35,9.35,74.7,74.5,33.5,.,33.5,.,w,2351508,2377621,3,r,2,r,2,r,12,f,15,y,.,.,.,.,t,.,.,.,.,.,.,.,.,.,.,,,,,,,,,,,,,,,,,,,,,,,,,,,,,,,,,,,,,,,,,,,,,,,,,,,,,,,,,,,,,,,,,,,,,,,,,,,,,,,,,,,,,,,,,
17_11,17,11,f,15,05/01/22,07/25/23,w,h,9.35,9.35,74.7,74.5,33.5,.,33.5,.,w,2377621,2380748,3,r,2,r,2,r,,,,,,,,,,,,,,,,,,,,,,,,,,,,,,,,,,,,,,,,,,,,,,,,,,,,,,,,,,,,,,,,,,,,,,,,,,,,,,,,,,,,,,,,,,,,,,,,,,,,,,,,,,,,
17_11,17,11,f,15,05/01/22,07/25/23,w,h,9.35,9.35,74.7,74.5,33.5,.,33.5,.,w,2380748,2380749,3,r,2,r,2,r,13,bs,,,,,,,,,,,,,,,,,,16,y,.,.,.,.,p,.,.,.,.,.,.,.,.,.,.,,,,,,,,,,,,,,,,,,,,,,,,,,,,,,,,,,,,,,,,,,,,,,,,,,,,,,,,,,,,,,,,,,,,,,,,
17_11,17,11,f,15,05/01/22,07/25/23,w,h,9.35,9.35,74.7,74.5,33.5,.,33.5,.,w,2380749,2411790,3,r,2,r,2,r,13,bs,,,,,,,,,,,,,,,,,,,,,,,,,,,,,,,,,,,,,,,,,,,,,,,,,,,,,,,,,,,,,,,,,,,,,,,,,,,,,,,,,,,,,,,,,,,,,,,,,,,,,,,,,,
17_11,17,11,f,15,05/01/22,07/25/23,w,h,9.35,9.35,74.7,74.5,33.5,.,33.5,.,w,2411790,2411791,,,,,,,13,bs,,,,,,,,,,,,,,,,,,17,y,.,.,.,.,d,.,.,.,.,.,.,.,.,.,.,,,,,,,,,,,,,,,,,,,,,,,,,,,,,,,,,,,,,,,,,,,,,,,,,,,,,,,,,,,,,,,,,,,,,,,,
17_11,17,11,f,15,05/01/22,07/25/23,w,h,9.35,9.35,74.7,74.5,33.5,.,33.5,.,w,2411791,2577540,,,,,,,,,,,,,,,,,,,,,,,,,,,,,,,,,,,,,,,,,,,,,,,,,,,,,,,,,,,,,,,,,,,,,,,,,,,,,,,,,,,,,,,,,,,,,,,,,,,,,,,,,,,,,,,,,,
17_11,17,11,f,15,05/01/22,07/25/23,w,h,9.35,9.35,74.7,74.5,33.5,.,33.5,.,w,2577540,2977482,4,b,,,,,,,,,,,,,,,,,,,,,,,,,,,,,,,,,,,,,,,,,,,,,,,,,,,,,,,,,,,,,,,,,,,,,,,,,,,,,,,,,,,,,,,,,,,,,,,,,,,,,,,,,,,,,,,,
17_11,17,11,f,15,05/01/22,07/25/23,w,h,9.35,9.35,74.7,74.5,33.5,.,33.5,.,w,2977482,3012264,,,,,,,,,,,,,,,,,,,,,,,,,,,,,,,,,,,,,,,,,,,,,,,,,,,,,,,,,,,,,,,,,,,,,,,,,,,,,,,,,,,,,,,,,,,,,,,,,,,,,,,,,,,,,,,,,,
17_11,17,11,f,15,05/01/22,07/25/23,w,h,9.35,9.35,74.7,74.5,33.5,.,33.5,.,w,3012264,3312017,5,g,,,,,,,,,,,,,,,,,,,,,,,,,,,,,,,,,,,,,,,,,,,,,,,,,,,,,,,,,,,,,,,,,,,,,,,,,,,,,,,,,,,,,,,,,,,,,,,,,,,,,,,,,,,,,,,,
17_12,17,12,f,17,05/01/22,10/02/23,w,h,9.92,9.92,78.0,78.2,35.5,.,35.5,.,w,305252,917592,1,p,1,p,1,p,,,,,,,,,,,,,,,,,,,,,,,,,,,,,,,,,,,,,,,,,,,,,,,,,,,,,,,,,,,,,,,,,,,,,,,,,,,,,,,,,,,,,,,,,,,,,,,,,,,,,,,,,,,,
17_12,17,12,f,17,05/01/22,10/02/23,w,h,9.92,9.92,78.0,78.2,35.5,.,35.5,.,w,917592,1102756,,,,,,,,,,,,,,,,,,,,,,,,,,,,,,,,,,,,,,,,,,,,,,,,,,,,,,,,,,,,,,,,,,,,,,,,,,,,,,,,,,,,,,,,,,,,,,,,,,,,,,,,,,,,,,,,,,
17_12,17,12,f,17,05/01/22,10/02/23,w,h,9.92,9.92,78.0,78.2,35.5,.,35.5,.,w,1102756,1118566,2,r,2,r,2,r,,,,,,,,,,,,,,,,,,,,,,,,,,,,,,,,,,,,,,,,,,,,,,,,,,,,,,,,,,,,,,,,,,,,,,,,,,,,,,,,,,,,,,,,,,,,,,,,,,,,,,,,,,,,
17_12,17,12,f,17,05/01/22,10/02/23,w,h,9.92,9.92,78.0,78.2,35.5,.,35.5,.,w,1118566,1124788,2,r,2,r,2,r,1,f,1,y,.,.,.,.,t,.,.,.,.,.,y,.,.,.,.,,,,,,,,,,,,,,,,,,,,,,,,,,,,,,,,,,,,,,,,,,,,,,,,,,,,,,,,,,,,,,,,,,,,,,,,,,,,,,,,,,,,,,,,,
17_12,17,12,f,17,05/01/22,10/02/23,w,h,9.92,9.92,78.0,78.2,35.5,.,35.5,.,w,1124788,1124789,2,r,2,r,2,r,1,f,1,y,.,.,.,.,t,.,.,.,.,.,y,.,.,.,.,,,,,,,,,,,,,,,,,,,,,,,,,,,,,,,,,,,,,,,,,,,,,,,,,,,,,,,,,,,,,,,,,,,,,,,,,,,,,,,,,,,,,,,,,
17_12,17,12,f,17,05/01/22,10/02/23,w,h,9.92,9.92,78.0,78.2,35.5,.,35.5,.,w,1124789,1128087,2,r,2,r,2,r,1,f,2,y,.,.,.,.,t,.,.,.,.,.,.,y,.,.,.,,,,,,,,,,,,,,,,,,,,,,,,,,,,,,,,,,,,,,,,,,,,,,,,,,,,,,,,,,,,,,,,,,,,,,,,,,,,,,,,,,,,,,,,,
17_12,17,12,f,17,05/01/22,10/02/23,w,h,9.92,9.92,78.0,78.2,35.5,.,35.5,.,w,1128087,1139612,2,r,2,r,2,r,,,,,,,,,,,,,,,,,,,,,,,,,,,,,,,,,,,,,,,,,,,,,,,,,,,,,,,,,,,,,,,,,,,,,,,,,,,,,,,,,,,,,,,,,,,,,,,,,,,,,,,,,,,,
17_12,17,12,f,17,05/01/22,10/02/23,w,h,9.92,9.92,78.0,78.2,35.5,.,35.5,.,w,1139612,1189355,2,r,2,r,2,r,2,a,3,y,.,.,.,.,t,y,.,.,.,.,.,.,.,.,.,,,,,,,,,,,,,,,,,,,,,,,,,,,,,,,,,,,,,,,,,,,,,,,,,,,,,,,,,,,,,,,,,,,,,,,,,,,,,,,,,,,,,,,,,
17_12,17,12,f,17,05/01/22,10/02/23,w,h,9.92,9.92,78.0,78.2,35.5,.,35.5,.,w,1189355,1198908,2,r,2,r,2,r,,,,,,,,,,,,,,,,,,,,,,,,,,,,,,,,,,,,,,,,,,,,,,,,,,,,,,,,,,,,,,,,,,,,,,,,,,,,,,,,,,,,,,,,,,,,,,,,,,,,,,,,,,,,
17_12,17,12,f,17,05/01/22,10/02/23,w,h,9.92,9.92,78.0,78.2,35.5,.,35.5,.,w,1198908,1200609,2,r,2,r,2,r,3,g,4,y,.,.,.,.,t,.,.,.,.,.,.,.,.,.,.,,,,,,,,,,,,,,,,,,,,,,,,,,,,,,,,,,,,,,,,,,,,,,,,,,,,,,,,,,,,,,,,,,,,,,,,,,,,,,,,,,,,,,,,,
17_12,17,12,f,17,05/01/22,10/02/23,w,h,9.92,9.92,78.0,78.2,35.5,.,35.5,.,w,1200609,1206592,2,r,2,r,2,r,,,,,,,,,,,,,,,,,,,,,,,,,,,,,,,,,,,,,,,,,,,,,,,,,,,,,,,,,,,,,,,,,,,,,,,,,,,,,,,,,,,,,,,,,,,,,,,,,,,,,,,,,,,,
17_12,17,12,f,17,05/01/22,10/02/23,w,h,9.92,9.92,78.0,78.2,35.5,.,35.5,.,w,1206592,1208938,2,r,2,r,2,r,4,bu,,,,,,,,,,,,,,,,,,,,,,,,,,,,,,,,,,,,,,,,,,,,,,,,,,,,,,,,,,,,,,,,,,,,,,,,,,,,,,,,,,,,,,,,,,,,,,,,,,,,,,,,,,
17_12,17,12,f,17,05/01/22,10/02/23,w,h,9.92,9.92,78.0,78.2,35.5,.,35.5,.,w,1208938,1208939,2,r,2,r,2,r,4,bu,,,,,,,,,,,,,,,,,,5,y,.,.,.,.,o,.,.,.,y,.,.,.,.,.,.,,,,,,,,,,,,,,,,,,,,,,,,,,,,,,,,,,,,,,,,,,,,,,,,,,,,,,,,,,,,,,,,,,,,,,,,
17_12,17,12,f,17,05/01/22,10/02/23,w,h,9.92,9.92,78.0,78.2,35.5,.,35.5,.,w,1208939,1213426,2,r,2,r,2,r,4,bu,,,,,,,,,,,,,,,,,,,,,,,,,,,,,,,,,,,,,,,,,,,,,,,,,,,,,,,,,,,,,,,,,,,,,,,,,,,,,,,,,,,,,,,,,,,,,,,,,,,,,,,,,,
17_12,17,12,f,17,05/01/22,10/02/23,w,h,9.92,9.92,78.0,78.2,35.5,.,35.5,.,w,1213426,1213427,2,r,2,r,2,r,4,bu,,,,,,,,,,,,,,,,,,6,y,.,.,.,.,th,.,.,.,.,.,.,.,.,.,.,,,,,,,,,,,,,,,,,,,,,,,,,,,,,,,,,,,,,,,,,,,,,,,,,,,,,,,,,,,,,,,,,,,,,,,,
17_12,17,12,f,17,05/01/22,10/02/23,w,h,9.92,9.92,78.0,78.2,35.5,.,35.5,.,w,1213427,1217812,2,r,2,r,2,r,4,bu,,,,,,,,,,,,,,,,,,,,,,,,,,,,,,,,,,,,,,,,,,,,,,,,,,,,,,,,,,,,,,,,,,,,,,,,,,,,,,,,,,,,,,,,,,,,,,,,,,,,,,,,,,
17_12,17,12,f,17,05/01/22,10/02/23,w,h,9.92,9.92,78.0,78.2,35.5,.,35.5,.,w,1217812,1217813,2,r,2,r,2,r,4,bu,,,,,,,,,,,,,,,,,,7,y,.,.,.,.,o,.,.,.,y,.,.,.,.,.,.,,,,,,,,,,,,,,,,,,,,,,,,,,,,,,,,,,,,,,,,,,,,,,,,,,,,,,,,,,,,,,,,,,,,,,,,
17_12,17,12,f,17,05/01/22,10/02/23,w,h,9.92,9.92,78.0,78.2,35.5,.,35.5,.,w,1217813,1218492,2,r,2,r,2,r,4,bu,,,,,,,,,,,,,,,,,,,,,,,,,,,,,,,,,,,,,,,,,,,,,,,,,,,,,,,,,,,,,,,,,,,,,,,,,,,,,,,,,,,,,,,,,,,,,,,,,,,,,,,,,,
17_12,17,12,f,17,05/01/22,10/02/23,w,h,9.92,9.92,78.0,78.2,35.5,.,35.5,.,w,1218492,1218493,2,r,2,r,2,r,4,bu,,,,,,,,,,,,,,,,,,8,y,.,.,.,.,th,.,.,.,.,.,.,.,.,.,.,,,,,,,,,,,,,,,,,,,,,,,,,,,,,,,,,,,,,,,,,,,,,,,,,,,,,,,,,,,,,,,,,,,,,,,,
17_12,17,12,f,17,05/01/22,10/02/23,w,h,9.92,9.92,78.0,78.2,35.5,.,35.5,.,w,1218493,1221960,2,r,2,r,2,r,4,bu,,,,,,,,,,,,,,,,,,,,,,,,,,,,,,,,,,,,,,,,,,,,,,,,,,,,,,,,,,,,,,,,,,,,,,,,,,,,,,,,,,,,,,,,,,,,,,,,,,,,,,,,,,
17_12,17,12,f,17,05/01/22,10/02/23,w,h,9.92,9.92,78.0,78.2,35.5,.,35.5,.,w,1221960,1221961,2,r,2,r,2,r,4,bu,,,,,,,,,,,,,,,,,,9,y,.,.,.,.,o,.,.,.,y,.,.,.,.,.,.,,,,,,,,,,,,,,,,,,,,,,,,,,,,,,,,,,,,,,,,,,,,,,,,,,,,,,,,,,,,,,,,,,,,,,,,
17_12,17,12,f,17,05/01/22,10/02/23,w,h,9.92,9.92,78.0,78.2,35.5,.,35.5,.,w,1221961,1222810,2,r,2,r,2,r,4,bu,,,,,,,,,,,,,,,,,,,,,,,,,,,,,,,,,,,,,,,,,,,,,,,,,,,,,,,,,,,,,,,,,,,,,,,,,,,,,,,,,,,,,,,,,,,,,,,,,,,,,,,,,,
17_12,17,12,f,17,05/01/22,10/02/23,w,h,9.92,9.92,78.0,78.2,35.5,.,35.5,.,w,1222810,1222811,2,r,2,r,2,r,4,bu,,,,,,,,,,,,,,,,,,10,y,.,.,.,.,d,.,.,.,.,.,.,.,.,.,.,,,,,,,,,,,,,,,,,,,,,,,,,,,,,,,,,,,,,,,,,,,,,,,,,,,,,,,,,,,,,,,,,,,,,,,,
17_12,17,12,f,17,05/01/22,10/02/23,w,h,9.92,9.92,78.0,78.2,35.5,.,35.5,.,w,1222811,1225700,2,r,2,r,2,r,4,bu,,,,,,,,,,,,,,,,,,,,,,,,,,,,,,,,,,,,,,,,,,,,,,,,,,,,,,,,,,,,,,,,,,,,,,,,,,,,,,,,,,,,,,,,,,,,,,,,,,,,,,,,,,
17_12,17,12,f,17,05/01/22,10/02/23,w,h,9.92,9.92,78.0,78.2,35.5,.,35.5,.,w,1225700,1225701,2,r,2,r,2,r,4,bu,,,,,,,,,,,,,,,,,,11,y,.,.,.,.,o,.,.,.,y,.,.,.,.,.,.,,,,,,,,,,,,,,,,,,,,,,,,,,,,,,,,,,,,,,,,,,,,,,,,,,,,,,,,,,,,,,,,,,,,,,,,
17_12,17,12,f,17,05/01/22,10/02/23,w,h,9.92,9.92,78.0,78.2,35.5,.,35.5,.,w,1225701,1226142,2,r,2,r,2,r,4,bu,,,,,,,,,,,,,,,,,,,,,,,,,,,,,,,,,,,,,,,,,,,,,,,,,,,,,,,,,,,,,,,,,,,,,,,,,,,,,,,,,,,,,,,,,,,,,,,,,,,,,,,,,,
17_12,17,12,f,17,05/01/22,10/02/23,w,h,9.92,9.92,78.0,78.2,35.5,.,35.5,.,w,1226142,1226143,2,r,2,r,2,r,4,bu,,,,,,,,,,,,,,,,,,12,y,.,.,.,.,d,.,.,.,.,.,.,.,.,.,.,,,,,,,,,,,,,,,,,,,,,,,,,,,,,,,,,,,,,,,,,,,,,,,,,,,,,,,,,,,,,,,,,,,,,,,,
17_12,17,12,f,17,05/01/22,10/02/23,w,h,9.92,9.92,78.0,78.2,35.5,.,35.5,.,w,1226143,1228692,2,r,2,r,2,r,4,bu,,,,,,,,,,,,,,,,,,,,,,,,,,,,,,,,,,,,,,,,,,,,,,,,,,,,,,,,,,,,,,,,,,,,,,,,,,,,,,,,,,,,,,,,,,,,,,,,,,,,,,,,,,
17_12,17,12,f,17,05/01/22,10/02/23,w,h,9.92,9.92,78.0,78.2,35.5,.,35.5,.,w,1228692,1228693,2,r,2,r,2,r,4,bu,,,,,,,,,,,,,,,,,,13,y,.,.,.,.,o,.,.,.,y,.,.,.,.,.,.,,,,,,,,,,,,,,,,,,,,,,,,,,,,,,,,,,,,,,,,,,,,,,,,,,,,,,,,,,,,,,,,,,,,,,,,
17_12,17,12,f,17,05/01/22,10/02/23,w,h,9.92,9.92,78.0,78.2,35.5,.,35.5,.,w,1228693,1229406,2,r,2,r,2,r,4,bu,,,,,,,,,,,,,,,,,,,,,,,,,,,,,,,,,,,,,,,,,,,,,,,,,,,,,,,,,,,,,,,,,,,,,,,,,,,,,,,,,,,,,,,,,,,,,,,,,,,,,,,,,,
17_12,17,12,f,17,05/01/22,10/02/23,w,h,9.92,9.92,78.0,78.2,35.5,.,35.5,.,w,1229406,1229407,2,r,2,r,2,r,4,bu,,,,,,,,,,,,,,,,,,14,y,.,.,.,.,d,.,.,.,.,.,.,.,.,.,.,,,,,,,,,,,,,,,,,,,,,,,,,,,,,,,,,,,,,,,,,,,,,,,,,,,,,,,,,,,,,,,,,,,,,,,,
17_12,17,12,f,17,05/01/22,10/02/23,w,h,9.92,9.92,78.0,78.2,35.5,.,35.5,.,w,1229407,1231888,2,r,2,r,2,r,4,bu,,,,,,,,,,,,,,,,,,,,,,,,,,,,,,,,,,,,,,,,,,,,,,,,,,,,,,,,,,,,,,,,,,,,,,,,,,,,,,,,,,,,,,,,,,,,,,,,,,,,,,,,,,
17_12,17,12,f,17,05/01/22,10/02/23,w,h,9.92,9.92,78.0,78.2,35.5,.,35.5,.,w,1231888,1231889,2,r,2,r,2,r,4,bu,,,,,,,,,,,,,,,,,,15,y,.,.,.,.,o,.,.,.,y,.,.,.,.,.,.,,,,,,,,,,,,,,,,,,,,,,,,,,,,,,,,,,,,,,,,,,,,,,,,,,,,,,,,,,,,,,,,,,,,,,,,
17_12,17,12,f,17,05/01/22,10/02/23,w,h,9.92,9.92,78.0,78.2,35.5,.,35.5,.,w,1231889,1232466,2,r,2,r,2,r,4,bu,,,,,,,,,,,,,,,,,,,,,,,,,,,,,,,,,,,,,,,,,,,,,,,,,,,,,,,,,,,,,,,,,,,,,,,,,,,,,,,,,,,,,,,,,,,,,,,,,,,,,,,,,,
17_12,17,12,f,17,05/01/22,10/02/23,w,h,9.92,9.92,78.0,78.2,35.5,.,35.5,.,w,1232466,1232467,2,r,2,r,2,r,4,bu,,,,,,,,,,,,,,,,,,16,y,.,.,.,.,th,.,.,.,.,.,.,.,.,.,.,,,,,,,,,,,,,,,,,,,,,,,,,,,,,,,,,,,,,,,,,,,,,,,,,,,,,,,,,,,,,,,,,,,,,,,,
17_12,17,12,f,17,05/01/22,10/02/23,w,h,9.92,9.92,78.0,78.2,35.5,.,35.5,.,w,1232467,1236240,2,r,2,r,2,r,4,bu,,,,,,,,,,,,,,,,,,,,,,,,,,,,,,,,,,,,,,,,,,,,,,,,,,,,,,,,,,,,,,,,,,,,,,,,,,,,,,,,,,,,,,,,,,,,,,,,,,,,,,,,,,
17_12,17,12,f,17,05/01/22,10/02/23,w,h,9.92,9.92,78.0,78.2,35.5,.,35.5,.,w,1236240,1236241,2,r,2,r,2,r,4,bu,,,,,,,,,,,,,,,,,,17,y,.,.,.,.,p,.,.,.,.,.,.,.,.,.,.,,,,,,,,,,,,,,,,,,,,,,,,,,,,,,,,,,,,,,,,,,,,,,,,,,,,,,,,,,,,,,,,,,,,,,,,
17_12,17,12,f,17,05/01/22,10/02/23,w,h,9.92,9.92,78.0,78.2,35.5,.,35.5,.,w,1236241,1236920,2,r,2,r,2,r,4,bu,,,,,,,,,,,,,,,,,,,,,,,,,,,,,,,,,,,,,,,,,,,,,,,,,,,,,,,,,,,,,,,,,,,,,,,,,,,,,,,,,,,,,,,,,,,,,,,,,,,,,,,,,,
17_12,17,12,f,17,05/01/22,10/02/23,w,h,9.92,9.92,78.0,78.2,35.5,.,35.5,.,w,1236920,1236921,2,r,2,r,2,r,4,bu,,,,,,,,,,,,,,,,,,18,y,.,.,.,.,i,.,.,.,.,y,.,.,.,.,.,,,,,,,,,,,,,,,,,,,,,,,,,,,,,,,,,,,,,,,,,,,,,,,,,,,,,,,,,,,,,,,,,,,,,,,,
17_12,17,12,f,17,05/01/22,10/02/23,w,h,9.92,9.92,78.0,78.2,35.5,.,35.5,.,w,1236921,1242020,2,r,2,r,2,r,4,bu,,,,,,,,,,,,,,,,,,,,,,,,,,,,,,,,,,,,,,,,,,,,,,,,,,,,,,,,,,,,,,,,,,,,,,,,,,,,,,,,,,,,,,,,,,,,,,,,,,,,,,,,,,
17_12,17,12,f,17,05/01/22,10/02/23,w,h,9.92,9.92,78.0,78.2,35.5,.,35.5,.,w,1242020,1242021,2,r,2,r,2,r,4,bu,,,,,,,,,,,,,,,,,,19,y,.,.,.,.,p,.,.,.,.,.,.,.,.,.,.,,,,,,,,,,,,,,,,,,,,,,,,,,,,,,,,,,,,,,,,,,,,,,,,,,,,,,,,,,,,,,,,,,,,,,,,
17_12,17,12,f,17,05/01/22,10/02/23,w,h,9.92,9.92,78.0,78.2,35.5,.,35.5,.,w,1242021,1243006,2,r,2,r,2,r,4,bu,,,,,,,,,,,,,,,,,,,,,,,,,,,,,,,,,,,,,,,,,,,,,,,,,,,,,,,,,,,,,,,,,,,,,,,,,,,,,,,,,,,,,,,,,,,,,,,,,,,,,,,,,,
17_12,17,12,f,17,05/01/22,10/02/23,w,h,9.92,9.92,78.0,78.2,35.5,.,35.5,.,w,1243006,1243007,2,r,2,r,2,r,4,bu,,,,,,,,,,,,,,,,,,20,y,.,.,.,.,i,.,.,.,.,y,.,.,.,.,.,,,,,,,,,,,,,,,,,,,,,,,,,,,,,,,,,,,,,,,,,,,,,,,,,,,,,,,,,,,,,,,,,,,,,,,,
17_12,17,12,f,17,05/01/22,10/02/23,w,h,9.92,9.92,78.0,78.2,35.5,.,35.5,.,w,1243007,1250588,2,r,2,r,2,r,4,bu,,,,,,,,,,,,,,,,,,,,,,,,,,,,,,,,,,,,,,,,,,,,,,,,,,,,,,,,,,,,,,,,,,,,,,,,,,,,,,,,,,,,,,,,,,,,,,,,,,,,,,,,,,
17_12,17,12,f,17,05/01/22,10/02/23,w,h,9.92,9.92,78.0,78.2,35.5,.,35.5,.,w,1250588,1250589,2,r,2,r,2,r,4,bu,,,,,,,,,,,,,,,,,,21,y,.,.,.,.,p,.,.,.,.,.,.,.,.,.,.,,,,,,,,,,,,,,,,,,,,,,,,,,,,,,,,,,,,,,,,,,,,,,,,,,,,,,,,,,,,,,,,,,,,,,,,
17_12,17,12,f,17,05/01/22,10/02/23,w,h,9.92,9.92,78.0,78.2,35.5,.,35.5,.,w,1250589,1252696,2,r,2,r,2,r,4,bu,,,,,,,,,,,,,,,,,,,,,,,,,,,,,,,,,,,,,,,,,,,,,,,,,,,,,,,,,,,,,,,,,,,,,,,,,,,,,,,,,,,,,,,,,,,,,,,,,,,,,,,,,,
17_12,17,12,f,17,05/01/22,10/02/23,w,h,9.92,9.92,78.0,78.2,35.5,.,35.5,.,w,1252696,1252697,2,r,2,r,2,r,4,bu,,,,,,,,,,,,,,,,,,22,y,.,.,.,.,i,.,.,.,.,y,.,.,.,.,.,,,,,,,,,,,,,,,,,,,,,,,,,,,,,,,,,,,,,,,,,,,,,,,,,,,,,,,,,,,,,,,,,,,,,,,,
17_12,17,12,f,17,05/01/22,10/02/23,w,h,9.92,9.92,78.0,78.2,35.5,.,35.5,.,w,1252697,1261945,2,r,2,r,2,r,4,bu,,,,,,,,,,,,,,,,,,,,,,,,,,,,,,,,,,,,,,,,,,,,,,,,,,,,,,,,,,,,,,,,,,,,,,,,,,,,,,,,,,,,,,,,,,,,,,,,,,,,,,,,,,
17_12,17,12,f,17,05/01/22,10/02/23,w,h,9.92,9.92,78.0,78.2,35.5,.,35.5,.,w,1261945,1266296,2,r,2,r,2,r,,,,,,,,,,,,,,,,,,,,,,,,,,,,,,,,,,,,,,,,,,,,,,,,,,,,,,,,,,,,,,,,,,,,,,,,,,,,,,,,,,,,,,,,,,,,,,,,,,,,,,,,,,,,
17_12,17,12,f,17,05/01/22,10/02/23,w,h,9.92,9.92,78.0,78.2,35.5,.,35.5,.,w,1266296,1266297,2,r,2,r,2,r,5,bu,,,,,,,,,,,,,,,,,,23,y,.,.,.,.,p,.,.,.,.,.,.,.,.,.,.,,,,,,,,,,,,,,,,,,,,,,,,,,,,,,,,,,,,,,,,,,,,,,,,,,,,,,,,,,,,,,,,,,,,,,,,
17_12,17,12,f,17,05/01/22,10/02/23,w,h,9.92,9.92,78.0,78.2,35.5,.,35.5,.,w,1266297,1269764,2,r,2,r,2,r,5,bu,,,,,,,,,,,,,,,,,,,,,,,,,,,,,,,,,,,,,,,,,,,,,,,,,,,,,,,,,,,,,,,,,,,,,,,,,,,,,,,,,,,,,,,,,,,,,,,,,,,,,,,,,,
17_12,17,12,f,17,05/01/22,10/02/23,w,h,9.92,9.92,78.0,78.2,35.5,.,35.5,.,w,1269764,1269765,2,r,2,r,2,r,5,bu,,,,,,,,,,,,,,,,,,24,y,.,.,.,.,i,.,.,.,.,y,.,.,.,.,.,,,,,,,,,,,,,,,,,,,,,,,,,,,,,,,,,,,,,,,,,,,,,,,,,,,,,,,,,,,,,,,,,,,,,,,,
17_12,17,12,f,17,05/01/22,10/02/23,w,h,9.92,9.92,78.0,78.2,35.5,.,35.5,.,w,1269765,1269867,2,r,2,r,2,r,5,bu,,,,,,,,,,,,,,,,,,,,,,,,,,,,,,,,,,,,,,,,,,,,,,,,,,,,,,,,,,,,,,,,,,,,,,,,,,,,,,,,,,,,,,,,,,,,,,,,,,,,,,,,,,
17_12,17,12,f,17,05/01/22,10/02/23,w,h,9.92,9.92,78.0,78.2,35.5,.,35.5,.,w,1269867,1274286,2,r,2,r,2,r,,,,,,,,,,,,,,,,,,,,,,,,,,,,,,,,,,,,,,,,,,,,,,,,,,,,,,,,,,,,,,,,,,,,,,,,,,,,,,,,,,,,,,,,,,,,,,,,,,,,,,,,,,,,
17_12,17,12,f,17,05/01/22,10/02/23,w,h,9.92,9.92,78.0,78.2,35.5,.,35.5,.,w,1274286,1274287,2,r,2,r,2,r,6,bu,,,,,,,,,,,,,,,,,,25,y,.,.,.,.,p,.,.,.,.,.,.,.,.,.,.,,,,,,,,,,,,,,,,,,,,,,,,,,,,,,,,,,,,,,,,,,,,,,,,,,,,,,,,,,,,,,,,,,,,,,,,
17_12,17,12,f,17,05/01/22,10/02/23,w,h,9.92,9.92,78.0,78.2,35.5,.,35.5,.,w,1274287,1276292,2,r,2,r,2,r,6,bu,,,,,,,,,,,,,,,,,,,,,,,,,,,,,,,,,,,,,,,,,,,,,,,,,,,,,,,,,,,,,,,,,,,,,,,,,,,,,,,,,,,,,,,,,,,,,,,,,,,,,,,,,,
17_12,17,12,f,17,05/01/22,10/02/23,w,h,9.92,9.92,78.0,78.2,35.5,.,35.5,.,w,1276292,1276293,2,r,2,r,2,r,6,bu,,,,,,,,,,,,,,,,,,26,y,.,.,.,.,i,.,.,.,.,y,.,.,.,.,.,,,,,,,,,,,,,,,,,,,,,,,,,,,,,,,,,,,,,,,,,,,,,,,,,,,,,,,,,,,,,,,,,,,,,,,,
17_12,17,12,f,17,05/01/22,10/02/23,w,h,9.92,9.92,78.0,78.2,35.5,.,35.5,.,w,1276293,1279081,2,r,2,r,2,r,6,bu,,,,,,,,,,,,,,,,,,,,,,,,,,,,,,,,,,,,,,,,,,,,,,,,,,,,,,,,,,,,,,,,,,,,,,,,,,,,,,,,,,,,,,,,,,,,,,,,,,,,,,,,,,
17_12,17,12,f,17,05/01/22,10/02/23,w,h,9.92,9.92,78.0,78.2,35.5,.,35.5,.,w,1279081,1290640,2,r,2,r,2,r,,,,,,,,,,,,,,,,,,,,,,,,,,,,,,,,,,,,,,,,,,,,,,,,,,,,,,,,,,,,,,,,,,,,,,,,,,,,,,,,,,,,,,,,,,,,,,,,,,,,,,,,,,,,
17_12,17,12,f,17,05/01/22,10/02/23,w,h,9.92,9.92,78.0,78.2,35.5,.,35.5,.,w,1290640,1290641,2,r,2,r,2,r,7,cu,,,,,,,,,,,,,,,,,,27,y,.,.,.,.,p,.,.,.,.,.,.,.,.,.,.,,,,,,,,,,,,,,,,,,,,,,,,,,,,,,,,,,,,,,,,,,,,,,,,,,,,,,,,,,,,,,,,,,,,,,,,
17_12,17,12,f,17,05/01/22,10/02/23,w,h,9.92,9.92,78.0,78.2,35.5,.,35.5,.,w,1290641,1293360,2,r,2,r,2,r,7,cu,,,,,,,,,,,,,,,,,,,,,,,,,,,,,,,,,,,,,,,,,,,,,,,,,,,,,,,,,,,,,,,,,,,,,,,,,,,,,,,,,,,,,,,,,,,,,,,,,,,,,,,,,,
17_12,17,12,f,17,05/01/22,10/02/23,w,h,9.92,9.92,78.0,78.2,35.5,.,35.5,.,w,1293360,1293361,2,r,2,r,2,r,7,cu,,,,,,,,,,,,,,,,,,28,y,.,.,.,.,p,.,.,.,.,.,.,.,.,.,.,,,,,,,,,,,,,,,,,,,,,,,,,,,,,,,,,,,,,,,,,,,,,,,,,,,,,,,,,,,,,,,,,,,,,,,,
17_12,17,12,f,17,05/01/22,10/02/23,w,h,9.92,9.92,78.0,78.2,35.5,.,35.5,.,w,1293361,1305124,2,r,2,r,2,r,7,cu,,,,,,,,,,,,,,,,,,,,,,,,,,,,,,,,,,,,,,,,,,,,,,,,,,,,,,,,,,,,,,,,,,,,,,,,,,,,,,,,,,,,,,,,,,,,,,,,,,,,,,,,,,
17_12,17,12,f,17,05/01/22,10/02/23,w,h,9.92,9.92,78.0,78.2,35.5,.,35.5,.,w,1305124,1307335,2,r,2,r,2,r,7,cu,29,y,.,.,.,.,s,.,.,.,.,.,.,.,.,.,.,,,,,,,,,,,,,,,,,,,,,,,,,,,,,,,,,,,,,,,,,,,,,,,,,,,,,,,,,,,,,,,,,,,,,,,,,,,,,,,,,,,,,,,,,
17_12,17,12,f,17,05/01/22,10/02/23,w,h,9.92,9.92,78.0,78.2,35.5,.,35.5,.,w,1307335,1308116,2,r,2,r,2,r,7,cu,,,,,,,,,,,,,,,,,,,,,,,,,,,,,,,,,,,,,,,,,,,,,,,,,,,,,,,,,,,,,,,,,,,,,,,,,,,,,,,,,,,,,,,,,,,,,,,,,,,,,,,,,,
17_12,17,12,f,17,05/01/22,10/02/23,w,h,9.92,9.92,78.0,78.2,35.5,.,35.5,.,w,1308116,1308117,2,r,2,r,2,r,7,cu,,,,,,,,,,,,,,,,,,30,y,.,.,.,.,d,.,.,.,.,.,.,.,.,.,.,,,,,,,,,,,,,,,,,,,,,,,,,,,,,,,,,,,,,,,,,,,,,,,,,,,,,,,,,,,,,,,,,,,,,,,,
17_12,17,12,f,17,05/01/22,10/02/23,w,h,9.92,9.92,78.0,78.2,35.5,.,35.5,.,w,1308117,1310462,2,r,2,r,2,r,7,cu,,,,,,,,,,,,,,,,,,,,,,,,,,,,,,,,,,,,,,,,,,,,,,,,,,,,,,,,,,,,,,,,,,,,,,,,,,,,,,,,,,,,,,,,,,,,,,,,,,,,,,,,,,
17_12,17,12,f,17,05/01/22,10/02/23,w,h,9.92,9.92,78.0,78.2,35.5,.,35.5,.,w,1310462,1310463,2,r,2,r,2,r,7,cu,,,,,,,,,,,,,,,,,,31,y,.,.,.,.,d,.,.,.,.,.,.,.,.,.,.,,,,,,,,,,,,,,,,,,,,,,,,,,,,,,,,,,,,,,,,,,,,,,,,,,,,,,,,,,,,,,,,,,,,,,,,
17_12,17,12,f,17,05/01/22,10/02/23,w,h,9.92,9.92,78.0,78.2,35.5,.,35.5,.,w,1310463,1323110,2,r,2,r,2,r,,,,,,,,,,,,,,,,,,,,,,,,,,,,,,,,,,,,,,,,,,,,,,,,,,,,,,,,,,,,,,,,,,,,,,,,,,,,,,,,,,,,,,,,,,,,,,,,,,,,,,,,,,,,
17_12,17,12,f,17,05/01/22,10/02/23,w,h,9.92,9.92,78.0,78.2,35.5,.,35.5,.,w,1323110,1350147,2,r,2,r,2,r,8,a,32,y,.,.,.,.,t,y,.,.,.,.,.,.,.,.,.,,,,,,,,,,,,,,,,,,,,,,,,,,,,,,,,,,,,,,,,,,,,,,,,,,,,,,,,,,,,,,,,,,,,,,,,,,,,,,,,,,,,,,,,,
17_12,17,12,f,17,05/01/22,10/02/23,w,h,9.92,9.92,78.0,78.2,35.5,.,35.5,.,w,1350147,1357518,2,r,2,r,2,r,,,,,,,,,,,,,,,,,,,,,,,,,,,,,,,,,,,,,,,,,,,,,,,,,,,,,,,,,,,,,,,,,,,,,,,,,,,,,,,,,,,,,,,,,,,,,,,,,,,,,,,,,,,,
17_12,17,12,f,17,05/01/22,10/02/23,w,h,9.92,9.92,78.0,78.2,35.5,.,35.5,.,w,1357518,1378327,2,r,2,r,2,r,9,a,33,y,.,.,.,.,t,y,.,.,.,.,.,.,.,.,.,,,,,,,,,,,,,,,,,,,,,,,,,,,,,,,,,,,,,,,,,,,,,,,,,,,,,,,,,,,,,,,,,,,,,,,,,,,,,,,,,,,,,,,,,
17_12,17,12,f,17,05/01/22,10/02/23,w,h,9.92,9.92,78.0,78.2,35.5,.,35.5,.,w,1378327,1387982,2,r,2,r,2,r,,,,,,,,,,,,,,,,,,,,,,,,,,,,,,,,,,,,,,,,,,,,,,,,,,,,,,,,,,,,,,,,,,,,,,,,,,,,,,,,,,,,,,,,,,,,,,,,,,,,,,,,,,,,
17_12,17,12,f,17,05/01/22,10/02/23,w,h,9.92,9.92,78.0,78.2,35.5,.,35.5,.,w,1387982,1389377,2,r,2,r,2,r,10,p,34,y,.,.,.,.,t,y,.,.,.,.,.,.,y,.,.,,,,,,,,,,,,,,,,,,,,,,,,,,,,,,,,,,,,,,,,,,,,,,,,,,,,,,,,,,,,,,,,,,,,,,,,,,,,,,,,,,,,,,,,,
17_12,17,12,f,17,05/01/22,10/02/23,w,h,9.92,9.92,78.0,78.2,35.5,.,35.5,.,w,1389377,1391076,2,r,2,r,2,r,10,p,,,,,,,,,,,,,,,,,,,,,,,,,,,,,,,,,,,,,,,,,,,,,,,,,,,,,,,,,,,,,,,,,,,,,,,,,,,,,,,,,,,,,,,,,,,,,,,,,,,,,,,,,,
17_12,17,12,f,17,05/01/22,10/02/23,w,h,9.92,9.92,78.0,78.2,35.5,.,35.5,.,w,1391076,1391077,2,r,2,r,2,r,10,p,,,,,,,,,,,,,,,,,,35,y,.,.,.,.,p,.,.,.,.,.,.,.,.,.,.,,,,,,,,,,,,,,,,,,,,,,,,,,,,,,,,,,,,,,,,,,,,,,,,,,,,,,,,,,,,,,,,,,,,,,,,
17_12,17,12,f,17,05/01/22,10/02/23,w,h,9.92,9.92,78.0,78.2,35.5,.,35.5,.,w,1391077,1394306,2,r,2,r,2,r,10,p,,,,,,,,,,,,,,,,,,,,,,,,,,,,,,,,,,,,,,,,,,,,,,,,,,,,,,,,,,,,,,,,,,,,,,,,,,,,,,,,,,,,,,,,,,,,,,,,,,,,,,,,,,
17_12,17,12,f,17,05/01/22,10/02/23,w,h,9.92,9.92,78.0,78.2,35.5,.,35.5,.,w,1394306,1394307,2,r,2,r,2,r,10,p,,,,,,,,,,,,,,,,,,36,y,.,.,.,.,i,y,.,.,.,y,.,.,.,.,.,,,,,,,,,,,,,,,,,,,,,,,,,,,,,,,,,,,,,,,,,,,,,,,,,,,,,,,,,,,,,,,,,,,,,,,,
17_12,17,12,f,17,05/01/22,10/02/23,w,h,9.92,9.92,78.0,78.2,35.5,.,35.5,.,w,1394307,1396754,2,r,2,r,2,r,10,p,,,,,,,,,,,,,,,,,,,,,,,,,,,,,,,,,,,,,,,,,,,,,,,,,,,,,,,,,,,,,,,,,,,,,,,,,,,,,,,,,,,,,,,,,,,,,,,,,,,,,,,,,,
17_12,17,12,f,17,05/01/22,10/02/23,w,h,9.92,9.92,78.0,78.2,35.5,.,35.5,.,w,1396754,1396755,2,r,2,r,2,r,10,p,,,,,,,,,,,,,,,,,,37,y,.,.,.,.,p,.,.,.,.,.,.,.,.,.,.,,,,,,,,,,,,,,,,,,,,,,,,,,,,,,,,,,,,,,,,,,,,,,,,,,,,,,,,,,,,,,,,,,,,,,,,
17_12,17,12,f,17,05/01/22,10/02/23,w,h,9.92,9.92,78.0,78.2,35.5,.,35.5,.,w,1396755,1397774,2,r,2,r,2,r,10,p,,,,,,,,,,,,,,,,,,,,,,,,,,,,,,,,,,,,,,,,,,,,,,,,,,,,,,,,,,,,,,,,,,,,,,,,,,,,,,,,,,,,,,,,,,,,,,,,,,,,,,,,,,
17_12,17,12,f,17,05/01/22,10/02/23,w,h,9.92,9.92,78.0,78.2,35.5,.,35.5,.,w,1397774,1397775,2,r,2,r,2,r,10,p,,,,,,,,,,,,,,,,,,38,y,.,.,.,.,i,y,.,.,.,y,.,.,.,.,.,,,,,,,,,,,,,,,,,,,,,,,,,,,,,,,,,,,,,,,,,,,,,,,,,,,,,,,,,,,,,,,,,,,,,,,,
17_12,17,12,f,17,05/01/22,10/02/23,w,h,9.92,9.92,78.0,78.2,35.5,.,35.5,.,w,1397775,1404404,2,r,2,r,2,r,10,p,,,,,,,,,,,,,,,,,,,,,,,,,,,,,,,,,,,,,,,,,,,,,,,,,,,,,,,,,,,,,,,,,,,,,,,,,,,,,,,,,,,,,,,,,,,,,,,,,,,,,,,,,,
17_12,17,12,f,17,05/01/22,10/02/23,w,h,9.92,9.92,78.0,78.2,35.5,.,35.5,.,w,1404404,1404405,2,r,2,r,2,r,10,p,,,,,,,,,,,,,,,,,,39,y,.,.,.,.,o,.,.,.,y,.,.,.,.,.,.,,,,,,,,,,,,,,,,,,,,,,,,,,,,,,,,,,,,,,,,,,,,,,,,,,,,,,,,,,,,,,,,,,,,,,,,
17_12,17,12,f,17,05/01/22,10/02/23,w,h,9.92,9.92,78.0,78.2,35.5,.,35.5,.,w,1404405,1407838,2,r,2,r,2,r,10,p,,,,,,,,,,,,,,,,,,,,,,,,,,,,,,,,,,,,,,,,,,,,,,,,,,,,,,,,,,,,,,,,,,,,,,,,,,,,,,,,,,,,,,,,,,,,,,,,,,,,,,,,,,
17_12,17,12,f,17,05/01/22,10/02/23,w,h,9.92,9.92,78.0,78.2,35.5,.,35.5,.,w,1407838,1407839,2,r,2,r,2,r,10,p,,,,,,,,,,,,,,,,,,40,y,.,.,.,.,i,y,.,.,.,y,.,.,.,.,.,,,,,,,,,,,,,,,,,,,,,,,,,,,,,,,,,,,,,,,,,,,,,,,,,,,,,,,,,,,,,,,,,,,,,,,,
17_12,17,12,f,17,05/01/22,10/02/23,w,h,9.92,9.92,78.0,78.2,35.5,.,35.5,.,w,1407839,1417222,2,r,2,r,2,r,10,p,,,,,,,,,,,,,,,,,,,,,,,,,,,,,,,,,,,,,,,,,,,,,,,,,,,,,,,,,,,,,,,,,,,,,,,,,,,,,,,,,,,,,,,,,,,,,,,,,,,,,,,,,,
17_12,17,12,f,17,05/01/22,10/02/23,w,h,9.92,9.92,78.0,78.2,35.5,.,35.5,.,w,1417222,1421166,2,r,2,r,2,r,10,p,41,y,.,.,.,.,t,.,.,.,.,.,.,.,.,.,.,,,,,,,,,,,,,,,,,,,,,,,,,,,,,,,,,,,,,,,,,,,,,,,,,,,,,,,,,,,,,,,,,,,,,,,,,,,,,,,,,,,,,,,,,
17_12,17,12,f,17,05/01/22,10/02/23,w,h,9.92,9.92,78.0,78.2,35.5,.,35.5,.,w,1421166,1423308,2,r,2,r,2,r,10,p,42,y,.,.,.,.,t,.,.,.,.,.,.,.,.,y,.,,,,,,,,,,,,,,,,,,,,,,,,,,,,,,,,,,,,,,,,,,,,,,,,,,,,,,,,,,,,,,,,,,,,,,,,,,,,,,,,,,,,,,,,,
17_12,17,12,f,17,05/01/22,10/02/23,w,h,9.92,9.92,78.0,78.2,35.5,.,35.5,.,w,1423308,1434392,2,r,2,r,2,r,10,p,43,y,.,.,.,.,t,y,.,.,.,.,.,.,.,.,.,,,,,,,,,,,,,,,,,,,,,,,,,,,,,,,,,,,,,,,,,,,,,,,,,,,,,,,,,,,,,,,,,,,,,,,,,,,,,,,,,,,,,,,,,
17_12,17,12,f,17,05/01/22,10/02/23,w,h,9.92,9.92,78.0,78.2,35.5,.,35.5,.,w,1434392,1436908,2,r,2,r,2,r,10,p,44,y,.,.,.,.,t,y,.,.,.,.,.,.,.,y,.,,,,,,,,,,,,,,,,,,,,,,,,,,,,,,,,,,,,,,,,,,,,,,,,,,,,,,,,,,,,,,,,,,,,,,,,,,,,,,,,,,,,,,,,,
17_12,17,12,f,17,05/01/22,10/02/23,w,h,9.92,9.92,78.0,78.2,35.5,.,35.5,.,w,1436908,1474894,2,r,2,r,2,r,10,p,45,y,.,.,.,.,t,y,.,.,.,.,.,.,.,.,.,,,,,,,,,,,,,,,,,,,,,,,,,,,,,,,,,,,,,,,,,,,,,,,,,,,,,,,,,,,,,,,,,,,,,,,,,,,,,,,,,,,,,,,,,
17_12,17,12,f,17,05/01/22,10/02/23,w,h,9.92,9.92,78.0,78.2,35.5,.,35.5,.,w,1474894,1476587,2,r,2,r,2,r,10,p,46,y,.,.,.,.,t,y,.,.,.,.,.,.,y,.,.,,,,,,,,,,,,,,,,,,,,,,,,,,,,,,,,,,,,,,,,,,,,,,,,,,,,,,,,,,,,,,,,,,,,,,,,,,,,,,,,,,,,,,,,,
17_12,17,12,f,17,05/01/22,10/02/23,w,h,9.92,9.92,78.0,78.2,35.5,.,35.5,.,w,1476587,1480700,2,r,2,r,2,r,10,p,,,,,,,,,,,,,,,,,,,,,,,,,,,,,,,,,,,,,,,,,,,,,,,,,,,,,,,,,,,,,,,,,,,,,,,,,,,,,,,,,,,,,,,,,,,,,,,,,,,,,,,,,,
17_12,17,12,f,17,05/01/22,10/02/23,w,h,9.92,9.92,78.0,78.2,35.5,.,35.5,.,w,1480700,1480701,2,r,2,r,2,r,10,p,,,,,,,,,,,,,,,,,,47,y,.,.,.,.,o,.,.,.,y,.,.,.,.,.,.,,,,,,,,,,,,,,,,,,,,,,,,,,,,,,,,,,,,,,,,,,,,,,,,,,,,,,,,,,,,,,,,,,,,,,,,
17_12,17,12,f,17,05/01/22,10/02/23,w,h,9.92,9.92,78.0,78.2,35.5,.,35.5,.,w,1480701,1487024,2,r,2,r,2,r,10,p,,,,,,,,,,,,,,,,,,,,,,,,,,,,,,,,,,,,,,,,,,,,,,,,,,,,,,,,,,,,,,,,,,,,,,,,,,,,,,,,,,,,,,,,,,,,,,,,,,,,,,,,,,
17_12,17,12,f,17,05/01/22,10/02/23,w,h,9.92,9.92,78.0,78.2,35.5,.,35.5,.,w,1487024,1487025,2,r,2,r,2,r,10,p,,,,,,,,,,,,,,,,,,48,y,.,.,.,.,i,y,.,.,.,y,.,.,.,.,.,,,,,,,,,,,,,,,,,,,,,,,,,,,,,,,,,,,,,,,,,,,,,,,,,,,,,,,,,,,,,,,,,,,,,,,,
17_12,17,12,f,17,05/01/22,10/02/23,w,h,9.92,9.92,78.0,78.2,35.5,.,35.5,.,w,1487025,1496612,2,r,2,r,2,r,10,p,,,,,,,,,,,,,,,,,,,,,,,,,,,,,,,,,,,,,,,,,,,,,,,,,,,,,,,,,,,,,,,,,,,,,,,,,,,,,,,,,,,,,,,,,,,,,,,,,,,,,,,,,,
17_12,17,12,f,17,05/01/22,10/02/23,w,h,9.92,9.92,78.0,78.2,35.5,.,35.5,.,w,1496612,1496613,2,r,2,r,2,r,10,p,,,,,,,,,,,,,,,,,,49,y,.,.,.,.,i,y,.,.,.,y,.,.,.,.,.,,,,,,,,,,,,,,,,,,,,,,,,,,,,,,,,,,,,,,,,,,,,,,,,,,,,,,,,,,,,,,,,,,,,,,,,
17_12,17,12,f,17,05/01/22,10/02/23,w,h,9.92,9.92,78.0,78.2,35.5,.,35.5,.,w,1496613,1499162,2,r,2,r,2,r,10,p,,,,,,,,,,,,,,,,,,,,,,,,,,,,,,,,,,,,,,,,,,,,,,,,,,,,,,,,,,,,,,,,,,,,,,,,,,,,,,,,,,,,,,,,,,,,,,,,,,,,,,,,,,
17_12,17,12,f,17,05/01/22,10/02/23,w,h,9.92,9.92,78.0,78.2,35.5,.,35.5,.,w,1499162,1499163,2,r,2,r,2,r,10,p,,,,,,,,,,,,,,,,,,50,y,.,.,.,.,p,.,.,.,.,.,.,.,.,.,.,,,,,,,,,,,,,,,,,,,,,,,,,,,,,,,,,,,,,,,,,,,,,,,,,,,,,,,,,,,,,,,,,,,,,,,,
17_12,17,12,f,17,05/01/22,10/02/23,w,h,9.92,9.92,78.0,78.2,35.5,.,35.5,.,w,1499163,1500930,2,r,2,r,2,r,10,p,,,,,,,,,,,,,,,,,,,,,,,,,,,,,,,,,,,,,,,,,,,,,,,,,,,,,,,,,,,,,,,,,,,,,,,,,,,,,,,,,,,,,,,,,,,,,,,,,,,,,,,,,,
17_12,17,12,f,17,05/01/22,10/02/23,w,h,9.92,9.92,78.0,78.2,35.5,.,35.5,.,w,1500930,1500931,2,r,2,r,2,r,10,p,,,,,,,,,,,,,,,,,,51,y,.,.,.,.,i,.,.,.,.,y,.,.,.,.,.,,,,,,,,,,,,,,,,,,,,,,,,,,,,,,,,,,,,,,,,,,,,,,,,,,,,,,,,,,,,,,,,,,,,,,,,
17_12,17,12,f,17,05/01/22,10/02/23,w,h,9.92,9.92,78.0,78.2,35.5,.,35.5,.,w,1500931,1510518,2,r,2,r,2,r,10,p,,,,,,,,,,,,,,,,,,,,,,,,,,,,,,,,,,,,,,,,,,,,,,,,,,,,,,,,,,,,,,,,,,,,,,,,,,,,,,,,,,,,,,,,,,,,,,,,,,,,,,,,,,
17_12,17,12,f,17,05/01/22,10/02/23,w,h,9.92,9.92,78.0,78.2,35.5,.,35.5,.,w,1510518,1510519,2,r,2,r,2,r,10,p,53,y,.,.,.,.,t,y,.,.,.,.,.,.,.,.,.,52,y,.,.,.,.,t,y,.,.,.,.,.,.,.,y,.,,,,,,,,,,,,,,,,,,,,,,,,,,,,,,,,,,,,,,,,,,,,,,,,,,,,,,,,,,,,,,,,,,,,,,,,
17_12,17,12,f,17,05/01/22,10/02/23,w,h,9.92,9.92,78.0,78.2,35.5,.,35.5,.,w,1510519,1531700,2,r,2,r,2,r,10,p,53,y,.,.,.,.,t,y,.,.,.,.,.,.,.,.,.,,,,,,,,,,,,,,,,,,,,,,,,,,,,,,,,,,,,,,,,,,,,,,,,,,,,,,,,,,,,,,,,,,,,,,,,,,,,,,,,,,,,,,,,,
17_12,17,12,f,17,05/01/22,10/02/23,w,h,9.92,9.92,78.0,78.2,35.5,.,35.5,.,w,1531700,1531701,2,r,2,r,2,r,10,p,53,y,.,.,.,.,t,y,.,.,.,.,.,.,.,.,.,,,,,,,,,,,,,,,,,,,,,,,,,,,,,,,,,,,,,,,,,,,,,,,,,,,,,,,,,,,,,,,,,,,,,,,,,,,,,,,,,,,,,,,,,
17_12,17,12,f,17,05/01/22,10/02/23,w,h,9.92,9.92,78.0,78.2,35.5,.,35.5,.,w,1531701,1534013,2,r,2,r,2,r,10,p,54,y,.,.,.,.,t,y,.,.,.,.,.,.,y,.,.,,,,,,,,,,,,,,,,,,,,,,,,,,,,,,,,,,,,,,,,,,,,,,,,,,,,,,,,,,,,,,,,,,,,,,,,,,,,,,,,,,,,,,,,,
17_12,17,12,f,17,05/01/22,10/02/23,w,h,9.92,9.92,78.0,78.2,35.5,.,35.5,.,w,1534013,1535440,2,r,2,r,2,r,10,p,,,,,,,,,,,,,,,,,,,,,,,,,,,,,,,,,,,,,,,,,,,,,,,,,,,,,,,,,,,,,,,,,,,,,,,,,,,,,,,,,,,,,,,,,,,,,,,,,,,,,,,,,,
17_12,17,12,f,17,05/01/22,10/02/23,w,h,9.92,9.92,78.0,78.2,35.5,.,35.5,.,w,1535440,1535441,2,r,2,r,2,r,10,p,,,,,,,,,,,,,,,,,,55,y,.,.,.,.,t,.,.,.,.,.,.,.,.,y,.,,,,,,,,,,,,,,,,,,,,,,,,,,,,,,,,,,,,,,,,,,,,,,,,,,,,,,,,,,,,,,,,,,,,,,,,
17_12,17,12,f,17,05/01/22,10/02/23,w,h,9.92,9.92,78.0,78.2,35.5,.,35.5,.,w,1535441,1535747,2,r,2,r,2,r,10,p,,,,,,,,,,,,,,,,,,,,,,,,,,,,,,,,,,,,,,,,,,,,,,,,,,,,,,,,,,,,,,,,,,,,,,,,,,,,,,,,,,,,,,,,,,,,,,,,,,,,,,,,,,
17_12,17,12,f,17,05/01/22,10/02/23,w,h,9.92,9.92,78.0,78.2,35.5,.,35.5,.,w,1535747,1539282,2,r,2,r,2,r,,,,,,,,,,,,,,,,,,,,,,,,,,,,,,,,,,,,,,,,,,,,,,,,,,,,,,,,,,,,,,,,,,,,,,,,,,,,,,,,,,,,,,,,,,,,,,,,,,,,,,,,,,,,
17_12,17,12,f,17,05/01/22,10/02/23,w,h,9.92,9.92,78.0,78.2,35.5,.,35.5,.,w,1539282,1542921,2,r,2,r,2,r,11,p,56,y,.,.,.,.,t,y,.,.,.,.,.,.,.,.,y,,,,,,,,,,,,,,,,,,,,,,,,,,,,,,,,,,,,,,,,,,,,,,,,,,,,,,,,,,,,,,,,,,,,,,,,,,,,,,,,,,,,,,,,,
17_12,17,12,f,17,05/01/22,10/02/23,w,h,9.92,9.92,78.0,78.2,35.5,.,35.5,.,w,1542921,1579334,2,r,2,r,2,r,,,,,,,,,,,,,,,,,,,,,,,,,,,,,,,,,,,,,,,,,,,,,,,,,,,,,,,,,,,,,,,,,,,,,,,,,,,,,,,,,,,,,,,,,,,,,,,,,,,,,,,,,,,,
17_12,17,12,f,17,05/01/22,10/02/23,w,h,9.92,9.92,78.0,78.2,35.5,.,35.5,.,w,1579334,1598137,2,r,2,r,2,r,12,t,57,y,.,.,.,.,t,.,.,.,.,.,.,.,.,.,.,,,,,,,,,,,,,,,,,,,,,,,,,,,,,,,,,,,,,,,,,,,,,,,,,,,,,,,,,,,,,,,,,,,,,,,,,,,,,,,,,,,,,,,,,
17_12,17,12,f,17,05/01/22,10/02/23,w,h,9.92,9.92,78.0,78.2,35.5,.,35.5,.,w,1598137,1604426,2,r,2,r,2,r,,,,,,,,,,,,,,,,,,,,,,,,,,,,,,,,,,,,,,,,,,,,,,,,,,,,,,,,,,,,,,,,,,,,,,,,,,,,,,,,,,,,,,,,,,,,,,,,,,,,,,,,,,,,
17_12,17,12,f,17,05/01/22,10/02/23,w,h,9.92,9.92,78.0,78.2,35.5,.,35.5,.,w,1604426,1619523,2,r,2,r,2,r,13,t,58,y,.,.,.,.,t,.,.,.,.,.,.,.,.,.,.,,,,,,,,,,,,,,,,,,,,,,,,,,,,,,,,,,,,,,,,,,,,,,,,,,,,,,,,,,,,,,,,,,,,,,,,,,,,,,,,,,,,,,,,,
17_12,17,12,f,17,05/01/22,10/02/23,w,h,9.92,9.92,78.0,78.2,35.5,.,35.5,.,w,1619523,1625880,2,r,2,r,2,r,,,,,,,,,,,,,,,,,,,,,,,,,,,,,,,,,,,,,,,,,,,,,,,,,,,,,,,,,,,,,,,,,,,,,,,,,,,,,,,,,,,,,,,,,,,,,,,,,,,,,,,,,,,,
17_12,17,12,f,17,05/01/22,10/02/23,w,h,9.92,9.92,78.0,78.2,35.5,.,35.5,.,w,1625880,1640875,2,r,2,r,2,r,14,t,59,y,.,.,.,.,t,.,.,.,.,.,.,.,.,.,.,,,,,,,,,,,,,,,,,,,,,,,,,,,,,,,,,,,,,,,,,,,,,,,,,,,,,,,,,,,,,,,,,,,,,,,,,,,,,,,,,,,,,,,,,
17_12,17,12,f,17,05/01/22,10/02/23,w,h,9.92,9.92,78.0,78.2,35.5,.,35.5,.,w,1640875,1714416,2,r,2,r,2,r,,,,,,,,,,,,,,,,,,,,,,,,,,,,,,,,,,,,,,,,,,,,,,,,,,,,,,,,,,,,,,,,,,,,,,,,,,,,,,,,,,,,,,,,,,,,,,,,,,,,,,,,,,,,
17_12,17,12,f,17,05/01/22,10/02/23,w,h,9.92,9.92,78.0,78.2,35.5,.,35.5,.,w,1714416,1906618,,,,,,,,,,,,,,,,,,,,,,,,,,,,,,,,,,,,,,,,,,,,,,,,,,,,,,,,,,,,,,,,,,,,,,,,,,,,,,,,,,,,,,,,,,,,,,,,,,,,,,,,,,,,,,,,,,
17_12,17,12,f,17,05/01/22,10/02/23,w,h,9.92,9.92,78.0,78.2,35.5,.,35.5,.,w,1906618,2713455,3,b,,,,,,,,,,,,,,,,,,,,,,,,,,,,,,,,,,,,,,,,,,,,,,,,,,,,,,,,,,,,,,,,,,,,,,,,,,,,,,,,,,,,,,,,,,,,,,,,,,,,,,,,,,,,,,,,
17_12,17,12,f,17,05/01/22,10/02/23,w,h,9.92,9.92,78.0,78.2,35.5,.,35.5,.,w,2713455,2962318,,,,,,,,,,,,,,,,,,,,,,,,,,,,,,,,,,,,,,,,,,,,,,,,,,,,,,,,,,,,,,,,,,,,,,,,,,,,,,,,,,,,,,,,,,,,,,,,,,,,,,,,,,,,,,,,,,
17_12,17,12,f,17,05/01/22,10/02/23,w,h,9.92,9.92,78.0,78.2,35.5,.,35.5,.,w,2962318,3311872,4,g,,,,,,,,,,,,,,,,,,,,,,,,,,,,,,,,,,,,,,,,,,,,,,,,,,,,,,,,,,,,,,,,,,,,,,,,,,,,,,,,,,,,,,,,,,,,,,,,,,,,,,,,,,,,,,,,
17_12,17,12,f,17,05/01/22,10/02/23,w,h,9.92,9.92,78.0,78.2,35.5,.,35.5,.,w,3311872,3596180,,,,,,,,,,,,,,,,,,,,,,,,,,,,,,,,,,,,,,,,,,,,,,,,,,,,,,,,,,,,,,,,,,,,,,,,,,,,,,,,,,,,,,,,,,,,,,,,,,,,,,,,,,,,,,,,,,
17_12,17,12,f,17,05/01/22,10/02/23,w,h,9.92,9.92,78.0,78.2,35.5,.,35.5,.,w,3596180,3806062,5,m,,,,,,,,,,,,,,,,,,,,,,,,,,,,,,,,,,,,,,,,,,,,,,,,,,,,,,,,,,,,,,,,,,,,,,,,,,,,,,,,,,,,,,,,,,,,,,,,,,,,,,,,,,,,,,,,
18_04,18,04,m,15,09/02/21,12/09/22,w,n,11.56,11.58,81.3,80.8,35.5,.,35.5,.,w,101014,716380,1,p,1,p,1,p,,,,,,,,,,,,,,,,,,,,,,,,,,,,,,,,,,,,,,,,,,,,,,,,,,,,,,,,,,,,,,,,,,,,,,,,,,,,,,,,,,,,,,,,,,,,,,,,,,,,,,,,,,,,
18_04,18,04,m,15,09/02/21,12/09/22,w,n,11.56,11.58,81.3,80.8,35.5,.,35.5,.,w,716380,916300,,,,,,,,,,,,,,,,,,,,,,,,,,,,,,,,,,,,,,,,,,,,,,,,,,,,,,,,,,,,,,,,,,,,,,,,,,,,,,,,,,,,,,,,,,,,,,,,,,,,,,,,,,,,,,,,,,
18_04,18,04,m,15,09/02/21,12/09/22,w,n,11.56,11.58,81.3,80.8,35.5,.,35.5,.,w,916300,924698,2,r,2,r,2,r,,,,,,,,,,,,,,,,,,,,,,,,,,,,,,,,,,,,,,,,,,,,,,,,,,,,,,,,,,,,,,,,,,,,,,,,,,,,,,,,,,,,,,,,,,,,,,,,,,,,,,,,,,,,
18_04,18,04,m,15,09/02/21,12/09/22,w,n,11.56,11.58,81.3,80.8,35.5,.,35.5,.,w,924698,924699,2,r,2,r,2,r,1,r,2,y,.,.,.,.,s,y,.,.,.,.,.,.,.,.,.,1,y,.,.,.,.,p,.,.,.,.,.,.,.,.,.,.,,,,,,,,,,,,,,,,,,,,,,,,,,,,,,,,,,,,,,,,,,,,,,,,,,,,,,,,,,,,,,,,,,,,,,,,
18_04,18,04,m,15,09/02/21,12/09/22,w,n,11.56,11.58,81.3,80.8,35.5,.,35.5,.,w,924699,934185,2,r,2,r,2,r,1,r,2,y,.,.,.,.,s,y,.,.,.,.,.,.,.,.,.,,,,,,,,,,,,,,,,,,,,,,,,,,,,,,,,,,,,,,,,,,,,,,,,,,,,,,,,,,,,,,,,,,,,,,,,,,,,,,,,,,,,,,,,,
18_04,18,04,m,15,09/02/21,12/09/22,w,n,11.56,11.58,81.3,80.8,35.5,.,35.5,.,w,934185,936564,2,r,2,r,2,r,1,r,,,,,,,,,,,,,,,,,,,,,,,,,,,,,,,,,,,,,,,,,,,,,,,,,,,,,,,,,,,,,,,,,,,,,,,,,,,,,,,,,,,,,,,,,,,,,,,,,,,,,,,,,,
18_04,18,04,m,15,09/02/21,12/09/22,w,n,11.56,11.58,81.3,80.8,35.5,.,35.5,.,w,936564,939013,2,r,2,r,2,r,1,r,3,y,.,.,.,.,s,y,.,.,.,.,.,.,.,.,.,,,,,,,,,,,,,,,,,,,,,,,,,,,,,,,,,,,,,,,,,,,,,,,,,,,,,,,,,,,,,,,,,,,,,,,,,,,,,,,,,,,,,,,,,
18_04,18,04,m,15,09/02/21,12/09/22,w,n,11.56,11.58,81.3,80.8,35.5,.,35.5,.,w,939013,939284,2,r,2,r,2,r,1,r,,,,,,,,,,,,,,,,,,,,,,,,,,,,,,,,,,,,,,,,,,,,,,,,,,,,,,,,,,,,,,,,,,,,,,,,,,,,,,,,,,,,,,,,,,,,,,,,,,,,,,,,,,
18_04,18,04,m,15,09/02/21,12/09/22,w,n,11.56,11.58,81.3,80.8,35.5,.,35.5,.,w,939284,939285,2,r,2,r,2,r,1,r,,,,,,,,,,,,,,,,,,,,,,,,,,,,,,,,,,,1,b,,,,,,,,,,,,,,,,,,112,y,.,.,.,.,p,.,.,.,.,.,.,.,.,.,.,,,,,,,,,,,,,,,,,,,,,,,,,,,,,,,,,,,,
18_04,18,04,m,15,09/02/21,12/09/22,w,n,11.56,11.58,81.3,80.8,35.5,.,35.5,.,w,939285,940406,2,r,2,r,2,r,1,r,,,,,,,,,,,,,,,,,,,,,,,,,,,,,,,,,,,1,b,,,,,,,,,,,,,,,,,,,,,,,,,,,,,,,,,,,,,,,,,,,,,,,,,,,,,,,,,,,,,,,,,,,,,,
18_04,18,04,m,15,09/02/21,12/09/22,w,n,11.56,11.58,81.3,80.8,35.5,.,35.5,.,w,940406,942617,2,r,2,r,2,r,1,r,,,,,,,,,,,,,,,,,,,,,,,,,,,,,,,,,,,1,b,112,y,.,.,.,.,pu,.,.,.,.,.,.,.,.,.,.,,,,,,,,,,,,,,,,,,1,ca,112,.,.,.,.,y,pu,.,.,.,.,.,.,.,.,.,.,,,,,,,,,,,,,,,,,
18_04,18,04,m,15,09/02/21,12/09/22,w,n,11.56,11.58,81.3,80.8,35.5,.,35.5,.,w,942617,943635,2,r,2,r,2,r,1,r,,,,,,,,,,,,,,,,,,,,,,,,,,,,,,,,,,,1,b,,,,,,,,,,,,,,,,,,,,,,,,,,,,,,,,,,,1,ca,,,,,,,,,,,,,,,,,,,,,,,,,,,,,,,,,,
18_04,18,04,m,15,09/02/21,12/09/22,w,n,11.56,11.58,81.3,80.8,35.5,.,35.5,.,w,943635,944181,2,r,2,r,2,r,1,r,,,,,,,,,,,,,,,,,,,,,,,,,,,,,,,,,,,1,b,,,,,,,,,,,,,,,,,,,,,,,,,,,,,,,,,,,1,ca,112,y,.,.,.,.,pu,.,.,.,.,.,.,.,.,.,.,,,,,,,,,,,,,,,,,
18_04,18,04,m,15,09/02/21,12/09/22,w,n,11.56,11.58,81.3,80.8,35.5,.,35.5,.,w,944181,945166,2,r,2,r,2,r,1,r,,,,,,,,,,,,,,,,,,,,,,,,,,,,,,,,,,,1,b,,,,,,,,,,,,,,,,,,,,,,,,,,,,,,,,,,,1,ca,,,,,,,,,,,,,,,,,,,,,,,,,,,,,,,,,,
18_04,18,04,m,15,09/02/21,12/09/22,w,n,11.56,11.58,81.3,80.8,35.5,.,35.5,.,w,945166,946527,2,r,2,r,2,r,1,r,,,,,,,,,,,,,,,,,,,,,,,,,,,,,,,,,,,1,b,112,y,.,.,.,.,pu,.,.,.,.,.,.,.,.,.,.,,,,,,,,,,,,,,,,,,1,ca,112,.,.,.,.,y,pu,.,.,.,.,.,.,.,.,.,.,,,,,,,,,,,,,,,,,
18_04,18,04,m,15,09/02/21,12/09/22,w,n,11.56,11.58,81.3,80.8,35.5,.,35.5,.,w,946527,948838,2,r,2,r,2,r,1,r,,,,,,,,,,,,,,,,,,,,,,,,,,,,,,,,,,,1,b,,,,,,,,,,,,,,,,,,,,,,,,,,,,,,,,,,,,,,,,,,,,,,,,,,,,,,,,,,,,,,,,,,,,,,
18_04,18,04,m,15,09/02/21,12/09/22,w,n,11.56,11.58,81.3,80.8,35.5,.,35.5,.,w,948838,952137,2,r,2,r,2,r,1,r,,,,,,,,,,,,,,,,,,,,,,,,,,,,,,,,,,,1,b,,,,,,,,,,,,,,,,,,,,,,,,,,,,,,,,,,,2,pb,,,,,,,,,,,,,,,,,,,,,,,,,,,,,,,,,,
18_04,18,04,m,15,09/02/21,12/09/22,w,n,11.56,11.58,81.3,80.8,35.5,.,35.5,.,w,952137,952476,2,r,2,r,2,r,1,r,,,,,,,,,,,,,,,,,,,,,,,,,,,,,,,,,,,1,b,,,,,,,,,,,,,,,,,,,,,,,,,,,,,,,,,,,,,,,,,,,,,,,,,,,,,,,,,,,,,,,,,,,,,,
18_04,18,04,m,15,09/02/21,12/09/22,w,n,11.56,11.58,81.3,80.8,35.5,.,35.5,.,w,952476,952477,2,r,2,r,2,r,1,r,,,,,,,,,,,,,,,,,,,,,,,,,,,,,,,,,,,1,b,,,,,,,,,,,,,,,,,,112,y,.,.,.,.,th,.,.,.,.,.,.,.,.,.,.,,,,,,,,,,,,,,,,,,,,,,,,,,,,,,,,,,,,
18_04,18,04,m,15,09/02/21,12/09/22,w,n,11.56,11.58,81.3,80.8,35.5,.,35.5,.,w,952477,953598,2,r,2,r,2,r,1,r,,,,,,,,,,,,,,,,,,,,,,,,,,,,,,,,,,,,,,,,,,,,,,,,,,,,,,,,,,,,,,,,,,,,,,,,,,,,,,,,,,,,,,,,,,,,,,,,,,,,,,,,,,
18_04,18,04,m,15,09/02/21,12/09/22,w,n,11.56,11.58,81.3,80.8,35.5,.,35.5,.,w,953598,953599,2,r,2,r,2,r,1,r,,,,,,,,,,,,,,,,,,4,y,.,.,.,.,th,.,.,.,.,.,.,.,.,.,.,,,,,,,,,,,,,,,,,,,,,,,,,,,,,,,,,,,,,,,,,,,,,,,,,,,,,,,,,,,,,,,,,,,,,,,,
18_04,18,04,m,15,09/02/21,12/09/22,w,n,11.56,11.58,81.3,80.8,35.5,.,35.5,.,w,953599,954788,2,r,2,r,2,r,,,,,,,,,,,,,,,,,,,,,,,,,,,,,,,,,,,,,,,,,,,,,,,,,,,,,,,,,,,,,,,,,,,,,,,,,,,,,,,,,,,,,,,,,,,,,,,,,,,,,,,,,,,,
18_04,18,04,m,15,09/02/21,12/09/22,w,n,11.56,11.58,81.3,80.8,35.5,.,35.5,.,w,954788,954789,2,r,2,r,2,r,2,pb,,,,,,,,,,,,,,,,,,5,y,.,.,.,.,p,.,.,.,.,.,.,.,.,.,.,,,,,,,,,,,,,,,,,,,,,,,,,,,,,,,,,,,,,,,,,,,,,,,,,,,,,,,,,,,,,,,,,,,,,,,,
18_04,18,04,m,15,09/02/21,12/09/22,w,n,11.56,11.58,81.3,80.8,35.5,.,35.5,.,w,954789,957066,2,r,2,r,2,r,2,pb,,,,,,,,,,,,,,,,,,,,,,,,,,,,,,,,,,,,,,,,,,,,,,,,,,,,,,,,,,,,,,,,,,,,,,,,,,,,,,,,,,,,,,,,,,,,,,,,,,,,,,,,,,
18_04,18,04,m,15,09/02/21,12/09/22,w,n,11.56,11.58,81.3,80.8,35.5,.,35.5,.,w,957066,957067,2,r,2,r,2,r,2,pb,,,,,,,,,,,,,,,,,,6,y,.,.,.,.,th,.,.,.,.,.,.,.,.,.,.,,,,,,,,,,,,,,,,,,,,,,,,,,,,,,,,,,,,,,,,,,,,,,,,,,,,,,,,,,,,,,,,,,,,,,,,
18_04,18,04,m,15,09/02/21,12/09/22,w,n,11.56,11.58,81.3,80.8,35.5,.,35.5,.,w,957067,960432,2,r,2,r,2,r,2,pb,,,,,,,,,,,,,,,,,,,,,,,,,,,,,,,,,,,,,,,,,,,,,,,,,,,,,,,,,,,,,,,,,,,,,,,,,,,,,,,,,,,,,,,,,,,,,,,,,,,,,,,,,,
18_04,18,04,m,15,09/02/21,12/09/22,w,n,11.56,11.58,81.3,80.8,35.5,.,35.5,.,w,960432,960433,2,r,2,r,2,r,2,pb,,,,,,,,,,,,,,,,,,7,y,.,.,.,.,p,.,.,.,.,.,.,.,.,.,.,,,,,,,,,,,,,,,,,,,,,,,,,,,,,,,,,,,,,,,,,,,,,,,,,,,,,,,,,,,,,,,,,,,,,,,,
18_04,18,04,m,15,09/02/21,12/09/22,w,n,11.56,11.58,81.3,80.8,35.5,.,35.5,.,w,960433,973454,2,r,2,r,2,r,2,pb,,,,,,,,,,,,,,,,,,,,,,,,,,,,,,,,,,,,,,,,,,,,,,,,,,,,,,,,,,,,,,,,,,,,,,,,,,,,,,,,,,,,,,,,,,,,,,,,,,,,,,,,,,
18_04,18,04,m,15,09/02/21,12/09/22,w,n,11.56,11.58,81.3,80.8,35.5,.,35.5,.,w,973454,973455,2,r,2,r,2,r,2,pb,,,,,,,,,,,,,,,,,,8,y,.,.,.,.,th,.,.,.,.,.,.,.,.,.,.,,,,,,,,,,,,,,,,,,,,,,,,,,,,,,,,,,,,,,,,,,,,,,,,,,,,,,,,,,,,,,,,,,,,,,,,
18_04,18,04,m,15,09/02/21,12/09/22,w,n,11.56,11.58,81.3,80.8,35.5,.,35.5,.,w,973455,979472,2,r,2,r,2,r,,,,,,,,,,,,,,,,,,,,,,,,,,,,,,,,,,,,,,,,,,,,,,,,,,,,,,,,,,,,,,,,,,,,,,,,,,,,,,,,,,,,,,,,,,,,,,,,,,,,,,,,,,,,
18_04,18,04,m,15,09/02/21,12/09/22,w,n,11.56,11.58,81.3,80.8,35.5,.,35.5,.,w,979472,979473,2,r,2,r,2,r,3,pb,,,,,,,,,,,,,,,,,,9,y,.,.,.,.,p,.,.,.,.,.,.,.,.,.,.,,,,,,,,,,,,,,,,,,,,,,,,,,,,,,,,,,,,,,,,,,,,,,,,,,,,,,,,,,,,,,,,,,,,,,,,
18_04,18,04,m,15,09/02/21,12/09/22,w,n,11.56,11.58,81.3,80.8,35.5,.,35.5,.,w,979473,980050,2,r,2,r,2,r,3,pb,,,,,,,,,,,,,,,,,,,,,,,,,,,,,,,,,,,,,,,,,,,,,,,,,,,,,,,,,,,,,,,,,,,,,,,,,,,,,,,,,,,,,,,,,,,,,,,,,,,,,,,,,,
18_04,18,04,m,15,09/02/21,12/09/22,w,n,11.56,11.58,81.3,80.8,35.5,.,35.5,.,w,980050,980051,2,r,2,r,2,r,3,pb,,,,,,,,,,,,,,,,,,10,y,.,.,.,.,th,.,.,.,.,.,.,.,.,.,.,,,,,,,,,,,,,,,,,,,,,,,,,,,,,,,,,,,,,,,,,,,,,,,,,,,,,,,,,,,,,,,,,,,,,,,,
18_04,18,04,m,15,09/02/21,12/09/22,w,n,11.56,11.58,81.3,80.8,35.5,.,35.5,.,w,980051,983620,2,r,2,r,2,r,,,,,,,,,,,,,,,,,,,,,,,,,,,,,,,,,,,,,,,,,,,,,,,,,,,,,,,,,,,,,,,,,,,,,,,,,,,,,,,,,,,,,,,,,,,,,,,,,,,,,,,,,,,,
18_04,18,04,m,15,09/02/21,12/09/22,w,n,11.56,11.58,81.3,80.8,35.5,.,35.5,.,w,983620,983621,2,r,2,r,2,r,4,pb,,,,,,,,,,,,,,,,,,11,y,.,.,.,.,p,.,.,.,.,.,.,.,.,.,.,,,,,,,,,,,,,,,,,,,,,,,,,,,,,,,,,,,,,,,,,,,,,,,,,,,,,,,,,,,,,,,,,,,,,,,,
18_04,18,04,m,15,09/02/21,12/09/22,w,n,11.56,11.58,81.3,80.8,35.5,.,35.5,.,w,983621,984810,2,r,2,r,2,r,4,pb,,,,,,,,,,,,,,,,,,,,,,,,,,,,,,,,,,,,,,,,,,,,,,,,,,,,,,,,,,,,,,,,,,,,,,,,,,,,,,,,,,,,,,,,,,,,,,,,,,,,,,,,,,
18_04,18,04,m,15,09/02/21,12/09/22,w,n,11.56,11.58,81.3,80.8,35.5,.,35.5,.,w,984810,984811,2,r,2,r,2,r,4,pb,,,,,,,,,,,,,,,,,,12,y,.,.,.,.,th,.,.,.,.,.,.,.,.,.,.,,,,,,,,,,,,,,,,,,,,,,,,,,,,,,,,,,,,,,,,,,,,,,,,,,,,,,,,,,,,,,,,,,,,,,,,
18_04,18,04,m,15,09/02/21,12/09/22,w,n,11.56,11.58,81.3,80.8,35.5,.,35.5,.,w,984811,987904,2,r,2,r,2,r,,,,,,,,,,,,,,,,,,,,,,,,,,,,,,,,,,,,,,,,,,,,,,,,,,,,,,,,,,,,,,,,,,,,,,,,,,,,,,,,,,,,,,,,,,,,,,,,,,,,,,,,,,,,
18_04,18,04,m,15,09/02/21,12/09/22,w,n,11.56,11.58,81.3,80.8,35.5,.,35.5,.,w,987904,987905,2,r,2,r,2,r,5,pb,,,,,,,,,,,,,,,,,,13,y,.,.,.,.,p,.,.,.,.,.,.,.,.,.,.,,,,,,,,,,,,,,,,,,,,,,,,,,,,,,,,,,,,,,,,,,,,,,,,,,,,,,,,,,,,,,,,,,,,,,,,
18_04,18,04,m,15,09/02/21,12/09/22,w,n,11.56,11.58,81.3,80.8,35.5,.,35.5,.,w,987905,991100,2,r,2,r,2,r,5,pb,,,,,,,,,,,,,,,,,,,,,,,,,,,,,,,,,,,,,,,,,,,,,,,,,,,,,,,,,,,,,,,,,,,,,,,,,,,,,,,,,,,,,,,,,,,,,,,,,,,,,,,,,,
18_04,18,04,m,15,09/02/21,12/09/22,w,n,11.56,11.58,81.3,80.8,35.5,.,35.5,.,w,991100,991101,2,r,2,r,2,r,5,pb,,,,,,,,,,,,,,,,,,14,y,.,.,.,.,d,.,.,.,.,.,.,.,.,.,.,,,,,,,,,,,,,,,,,,,,,,,,,,,,,,,,,,,,,,,,,,,,,,,,,,,,,,,,,,,,,,,,,,,,,,,,
18_04,18,04,m,15,09/02/21,12/09/22,w,n,11.56,11.58,81.3,80.8,35.5,.,35.5,.,w,991101,995418,2,r,2,r,2,r,,,,,,,,,,,,,,,,,,,,,,,,,,,,,,,,,,,,,,,,,,,,,,,,,,,,,,,,,,,,,,,,,,,,,,,,,,,,,,,,,,,,,,,,,,,,,,,,,,,,,,,,,,,,
18_04,18,04,m,15,09/02/21,12/09/22,w,n,11.56,11.58,81.3,80.8,35.5,.,35.5,.,w,995418,995419,2,r,2,r,2,r,6,pb,,,,,,,,,,,,,,,,,,15,y,.,.,.,.,p,.,.,.,.,.,.,.,.,.,.,,,,,,,,,,,,,,,,,,,,,,,,,,,,,,,,,,,,,,,,,,,,,,,,,,,,,,,,,,,,,,,,,,,,,,,,
18_04,18,04,m,15,09/02/21,12/09/22,w,n,11.56,11.58,81.3,80.8,35.5,.,35.5,.,w,995419,996302,2,r,2,r,2,r,6,pb,,,,,,,,,,,,,,,,,,,,,,,,,,,,,,,,,,,,,,,,,,,,,,,,,,,,,,,,,,,,,,,,,,,,,,,,,,,,,,,,,,,,,,,,,,,,,,,,,,,,,,,,,,
18_04,18,04,m,15,09/02/21,12/09/22,w,n,11.56,11.58,81.3,80.8,35.5,.,35.5,.,w,996302,996303,2,r,2,r,2,r,6,pb,,,,,,,,,,,,,,,,,,16,y,.,.,.,.,th,.,.,.,.,.,.,.,.,.,.,,,,,,,,,,,,,,,,,,,,,,,,,,,,,,,,,,,,,,,,,,,,,,,,,,,,,,,,,,,,,,,,,,,,,,,,
18_04,18,04,m,15,09/02/21,12/09/22,w,n,11.56,11.58,81.3,80.8,35.5,.,35.5,.,w,996303,999328,2,r,2,r,2,r,,,,,,,,,,,,,,,,,,,,,,,,,,,,,,,,,,,,,,,,,,,,,,,,,,,,,,,,,,,,,,,,,,,,,,,,,,,,,,,,,,,,,,,,,,,,,,,,,,,,,,,,,,,,
18_04,18,04,m,15,09/02/21,12/09/22,w,n,11.56,11.58,81.3,80.8,35.5,.,35.5,.,w,999328,999329,2,r,2,r,2,r,7,bu,,,,,,,,,,,,,,,,,,17,y,.,.,.,.,p,.,.,.,.,.,.,.,.,.,.,,,,,,,,,,,,,,,,,,,,,,,,,,,,,,,,,,,,,,,,,,,,,,,,,,,,,,,,,,,,,,,,,,,,,,,,
18_04,18,04,m,15,09/02/21,12/09/22,w,n,11.56,11.58,81.3,80.8,35.5,.,35.5,.,w,999329,1003714,2,r,2,r,2,r,7,bu,,,,,,,,,,,,,,,,,,,,,,,,,,,,,,,,,,,,,,,,,,,,,,,,,,,,,,,,,,,,,,,,,,,,,,,,,,,,,,,,,,,,,,,,,,,,,,,,,,,,,,,,,,
18_04,18,04,m,15,09/02/21,12/09/22,w,n,11.56,11.58,81.3,80.8,35.5,.,35.5,.,w,1003714,1003715,2,r,2,r,2,r,7,bu,,,,,,,,,,,,,,,,,,,,,,,,,,,,,,,,,,,2,g,,,,,,,,,,,,,,,,,,112,y,.,.,.,.,p,.,y,.,.,.,.,.,.,.,.,,,,,,,,,,,,,,,,,,,,,,,,,,,,,,,,,,,,
18_04,18,04,m,15,09/02/21,12/09/22,w,n,11.56,11.58,81.3,80.8,35.5,.,35.5,.,w,1003715,1015070,2,r,2,r,2,r,7,bu,,,,,,,,,,,,,,,,,,,,,,,,,,,,,,,,,,,2,g,,,,,,,,,,,,,,,,,,,,,,,,,,,,,,,,,,,,,,,,,,,,,,,,,,,,,,,,,,,,,,,,,,,,,,
18_04,18,04,m,15,09/02/21,12/09/22,w,n,11.56,11.58,81.3,80.8,35.5,.,35.5,.,w,1015070,1015071,2,r,2,r,2,r,7,bu,,,,,,,,,,,,,,,,,,18,y,.,.,.,.,d,.,.,.,.,.,.,.,.,.,.,2,g,,,,,,,,,,,,,,,,,,,,,,,,,,,,,,,,,,,,,,,,,,,,,,,,,,,,,,,,,,,,,,,,,,,,,,
18_04,18,04,m,15,09/02/21,12/09/22,w,n,11.56,11.58,81.3,80.8,35.5,.,35.5,.,w,1015071,1017041,2,r,2,r,2,r,7,bu,,,,,,,,,,,,,,,,,,,,,,,,,,,,,,,,,,,2,g,,,,,,,,,,,,,,,,,,,,,,,,,,,,,,,,,,,,,,,,,,,,,,,,,,,,,,,,,,,,,,,,,,,,,,
18_04,18,04,m,15,09/02/21,12/09/22,w,n,11.56,11.58,81.3,80.8,35.5,.,35.5,.,w,1017041,1017042,2,r,2,r,2,r,7,bu,,,,,,,,,,,,,,,,,,19,y,.,.,.,.,o,.,.,.,y,.,.,.,.,.,.,2,g,,,,,,,,,,,,,,,,,,,,,,,,,,,,,,,,,,,,,,,,,,,,,,,,,,,,,,,,,,,,,,,,,,,,,,
18_04,18,04,m,15,09/02/21,12/09/22,w,n,11.56,11.58,81.3,80.8,35.5,.,35.5,.,w,1017042,1017348,2,r,2,r,2,r,7,bu,,,,,,,,,,,,,,,,,,,,,,,,,,,,,,,,,,,2,g,,,,,,,,,,,,,,,,,,,,,,,,,,,,,,,,,,,,,,,,,,,,,,,,,,,,,,,,,,,,,,,,,,,,,,
18_04,18,04,m,15,09/02/21,12/09/22,w,n,11.56,11.58,81.3,80.8,35.5,.,35.5,.,w,1017348,1017349,2,r,2,r,2,r,7,bu,,,,,,,,,,,,,,,,,,,,,,,,,,,,,,,,,,,2,g,,,,,,,,,,,,,,,,,,112,y,.,.,.,.,p,.,.,.,.,.,.,.,.,.,.,,,,,,,,,,,,,,,,,,,,,,,,,,,,,,,,,,,,
18_04,18,04,m,15,09/02/21,12/09/22,w,n,11.56,11.58,81.3,80.8,35.5,.,35.5,.,w,1017349,1020747,2,r,2,r,2,r,7,bu,,,,,,,,,,,,,,,,,,,,,,,,,,,,,,,,,,,2,g,,,,,,,,,,,,,,,,,,,,,,,,,,,,,,,,,,,,,,,,,,,,,,,,,,,,,,,,,,,,,,,,,,,,,,
18_04,18,04,m,15,09/02/21,12/09/22,w,n,11.56,11.58,81.3,80.8,35.5,.,35.5,.,w,1020747,1020748,2,r,2,r,2,r,7,bu,,,,,,,,,,,,,,,,,,20,y,.,.,.,.,d,.,.,.,.,.,.,.,.,.,.,2,g,,,,,,,,,,,,,,,,,,,,,,,,,,,,,,,,,,,,,,,,,,,,,,,,,,,,,,,,,,,,,,,,,,,,,,
18_04,18,04,m,15,09/02/21,12/09/22,w,n,11.56,11.58,81.3,80.8,35.5,.,35.5,.,w,1020748,1022958,2,r,2,r,2,r,7,bu,,,,,,,,,,,,,,,,,,,,,,,,,,,,,,,,,,,2,g,,,,,,,,,,,,,,,,,,,,,,,,,,,,,,,,,,,,,,,,,,,,,,,,,,,,,,,,,,,,,,,,,,,,,,
18_04,18,04,m,15,09/02/21,12/09/22,w,n,11.56,11.58,81.3,80.8,35.5,.,35.5,.,w,1022958,1022959,2,r,2,r,2,r,7,bu,,,,,,,,,,,,,,,,,,21,.,.,y,.,.,k,.,.,.,.,.,.,.,.,.,.,2,g,,,,,,,,,,,,,,,,,,,,,,,,,,,,,,,,,,,,,,,,,,,,,,,,,,,,,,,,,,,,,,,,,,,,,,
18_04,18,04,m,15,09/02/21,12/09/22,w,n,11.56,11.58,81.3,80.8,35.5,.,35.5,.,w,1022959,1026834,2,r,2,r,2,r,,,,,,,,,,,,,,,,,,,,,,,,,,,,,,,,,,,,,2,g,,,,,,,,,,,,,,,,,,,,,,,,,,,,,,,,,,,,,,,,,,,,,,,,,,,,,,,,,,,,,,,,,,,,,,
18_04,18,04,m,15,09/02/21,12/09/22,w,n,11.56,11.58,81.3,80.8,35.5,.,35.5,.,w,1026834,1026903,2,r,2,r,2,r,8,bu,22,.,.,y,.,.,k,.,.,.,.,.,.,.,.,.,.,,,,,,,,,,,,,,,,,,2,g,,,,,,,,,,,,,,,,,,,,,,,,,,,,,,,,,,,,,,,,,,,,,,,,,,,,,,,,,,,,,,,,,,,,,,
18_04,18,04,m,15,09/02/21,12/09/22,w,n,11.56,11.58,81.3,80.8,35.5,.,35.5,.,w,1026903,1030336,2,r,2,r,2,r,,,,,,,,,,,,,,,,,,,,,,,,,,,,,,,,,,,,,2,g,,,,,,,,,,,,,,,,,,,,,,,,,,,,,,,,,,,,,,,,,,,,,,,,,,,,,,,,,,,,,,,,,,,,,,
18_04,18,04,m,15,09/02/21,12/09/22,w,n,11.56,11.58,81.3,80.8,35.5,.,35.5,.,w,1030336,1035199,2,r,2,r,2,r,9,t,23,y,.,.,.,.,t,.,.,.,.,.,.,.,.,.,.,,,,,,,,,,,,,,,,,,2,g,,,,,,,,,,,,,,,,,,,,,,,,,,,,,,,,,,,,,,,,,,,,,,,,,,,,,,,,,,,,,,,,,,,,,,
18_04,18,04,m,15,09/02/21,12/09/22,w,n,11.56,11.58,81.3,80.8,35.5,.,35.5,.,w,1035199,1043222,2,r,2,r,2,r,,,,,,,,,,,,,,,,,,,,,,,,,,,,,,,,,,,,,2,g,,,,,,,,,,,,,,,,,,,,,,,,,,,,,,,,,,,,,,,,,,,,,,,,,,,,,,,,,,,,,,,,,,,,,,
18_04,18,04,m,15,09/02/21,12/09/22,w,n,11.56,11.58,81.3,80.8,35.5,.,35.5,.,w,1043222,1043223,2,r,2,r,2,r,10,b,,,,,,,,,,,,,,,,,,24,y,.,.,.,.,p,.,.,.,.,.,.,.,.,.,.,2,g,,,,,,,,,,,,,,,,,,,,,,,,,,,,,,,,,,,,,,,,,,,,,,,,,,,,,,,,,,,,,,,,,,,,,,
18_04,18,04,m,15,09/02/21,12/09/22,w,n,11.56,11.58,81.3,80.8,35.5,.,35.5,.,w,1043223,1043494,2,r,2,r,2,r,10,b,,,,,,,,,,,,,,,,,,,,,,,,,,,,,,,,,,,2,g,,,,,,,,,,,,,,,,,,,,,,,,,,,,,,,,,,,,,,,,,,,,,,,,,,,,,,,,,,,,,,,,,,,,,,
18_04,18,04,m,15,09/02/21,12/09/22,w,n,11.56,11.58,81.3,80.8,35.5,.,35.5,.,w,1043494,1043495,2,r,2,r,2,r,10,b,,,,,,,,,,,,,,,,,,,,,,,,,,,,,,,,,,,2,g,,,,,,,,,,,,,,,,,,112,y,.,.,.,.,p,.,.,.,.,.,.,.,.,.,.,,,,,,,,,,,,,,,,,,,,,,,,,,,,,,,,,,,,
18_04,18,04,m,15,09/02/21,12/09/22,w,n,11.56,11.58,81.3,80.8,35.5,.,35.5,.,w,1043495,1049682,2,r,2,r,2,r,10,b,,,,,,,,,,,,,,,,,,,,,,,,,,,,,,,,,,,2,g,,,,,,,,,,,,,,,,,,,,,,,,,,,,,,,,,,,,,,,,,,,,,,,,,,,,,,,,,,,,,,,,,,,,,,
18_04,18,04,m,15,09/02/21,12/09/22,w,n,11.56,11.58,81.3,80.8,35.5,.,35.5,.,w,1049682,1049683,2,r,2,r,2,r,10,b,,,,,,,,,,,,,,,,,,25,y,.,.,.,.,d,.,.,.,.,.,.,.,.,.,.,2,g,,,,,,,,,,,,,,,,,,,,,,,,,,,,,,,,,,,,,,,,,,,,,,,,,,,,,,,,,,,,,,,,,,,,,,
18_04,18,04,m,15,09/02/21,12/09/22,w,n,11.56,11.58,81.3,80.8,35.5,.,35.5,.,w,1049683,1052368,2,r,2,r,2,r,,,,,,,,,,,,,,,,,,,,,,,,,,,,,,,,,,,,,2,g,,,,,,,,,,,,,,,,,,,,,,,,,,,,,,,,,,,,,,,,,,,,,,,,,,,,,,,,,,,,,,,,,,,,,,
18_04,18,04,m,15,09/02/21,12/09/22,w,n,11.56,11.58,81.3,80.8,35.5,.,35.5,.,w,1052368,1052369,2,r,2,r,2,r,,,,,,,,,,,,,,,,,,,,,,,,,,,,,,,,,,,,,2,g,,,,,,,,,,,,,,,,,,112,y,.,.,.,.,p,.,.,.,.,.,.,.,.,.,.,,,,,,,,,,,,,,,,,,,,,,,,,,,,,,,,,,,,
18_04,18,04,m,15,09/02/21,12/09/22,w,n,11.56,11.58,81.3,80.8,35.5,.,35.5,.,w,1052369,1053014,2,r,2,r,2,r,,,,,,,,,,,,,,,,,,,,,,,,,,,,,,,,,,,,,2,g,,,,,,,,,,,,,,,,,,,,,,,,,,,,,,,,,,,,,,,,,,,,,,,,,,,,,,,,,,,,,,,,,,,,,,
18_04,18,04,m,15,09/02/21,12/09/22,w,n,11.56,11.58,81.3,80.8,35.5,.,35.5,.,w,1053014,1053015,2,r,2,r,2,r,,,,,,,,,,,,,,,,,,,,,,,,,,,,,,,,,,,,,2,g,,,,,,,,,,,,,,,,,,112,y,.,.,.,.,d,.,.,.,.,.,.,.,.,.,.,,,,,,,,,,,,,,,,,,,,,,,,,,,,,,,,,,,,
18_04,18,04,m,15,09/02/21,12/09/22,w,n,11.56,11.58,81.3,80.8,35.5,.,35.5,.,w,1053015,1056448,2,r,2,r,2,r,,,,,,,,,,,,,,,,,,,,,,,,,,,,,,,,,,,,,2,g,,,,,,,,,,,,,,,,,,,,,,,,,,,,,,,,,,,,,,,,,,,,,,,,,,,,,,,,,,,,,,,,,,,,,,
18_04,18,04,m,15,09/02/21,12/09/22,w,n,11.56,11.58,81.3,80.8,35.5,.,35.5,.,w,1056448,1056449,2,r,2,r,2,r,,,,,,,,,,,,,,,,,,,,,,,,,,,,,,,,,,,,,2,g,,,,,,,,,,,,,,,,,,112,y,.,.,.,.,p,.,.,.,.,.,.,.,.,.,.,,,,,,,,,,,,,,,,,,,,,,,,,,,,,,,,,,,,
18_04,18,04,m,15,09/02/21,12/09/22,w,n,11.56,11.58,81.3,80.8,35.5,.,35.5,.,w,1056449,1058284,2,r,2,r,2,r,,,,,,,,,,,,,,,,,,,,,,,,,,,,,,,,,,,,,2,g,,,,,,,,,,,,,,,,,,,,,,,,,,,,,,,,,,,,,,,,,,,,,,,,,,,,,,,,,,,,,,,,,,,,,,
18_04,18,04,m,15,09/02/21,12/09/22,w,n,11.56,11.58,81.3,80.8,35.5,.,35.5,.,w,1058284,1058285,2,r,2,r,2,r,,,,,,,,,,,,,,,,,,,,,,,,,,,,,,,,,,,,,2,g,,,,,,,,,,,,,,,,,,112,y,.,.,.,.,d,.,.,.,.,.,.,.,.,.,.,,,,,,,,,,,,,,,,,,,,,,,,,,,,,,,,,,,,
18_04,18,04,m,15,09/02/21,12/09/22,w,n,11.56,11.58,81.3,80.8,35.5,.,35.5,.,w,1058285,1058590,2,r,2,r,2,r,,,,,,,,,,,,,,,,,,,,,,,,,,,,,,,,,,,,,2,g,,,,,,,,,,,,,,,,,,,,,,,,,,,,,,,,,,,,,,,,,,,,,,,,,,,,,,,,,,,,,,,,,,,,,,
18_04,18,04,m,15,09/02/21,12/09/22,w,n,11.56,11.58,81.3,80.8,35.5,.,35.5,.,w,1058590,1058591,2,r,2,r,2,r,,,,,,,,,,,,,,,,,,,,,,,,,,,,,,,,,,,,,2,g,,,,,,,,,,,,,,,,,,112,y,.,.,.,.,p,.,.,.,.,.,.,.,.,.,.,,,,,,,,,,,,,,,,,,,,,,,,,,,,,,,,,,,,
18_04,18,04,m,15,09/02/21,12/09/22,w,n,11.56,11.58,81.3,80.8,35.5,.,35.5,.,w,1058591,1062058,2,r,2,r,2,r,,,,,,,,,,,,,,,,,,,,,,,,,,,,,,,,,,,,,2,g,,,,,,,,,,,,,,,,,,,,,,,,,,,,,,,,,,,,,,,,,,,,,,,,,,,,,,,,,,,,,,,,,,,,,,
18_04,18,04,m,15,09/02/21,12/09/22,w,n,11.56,11.58,81.3,80.8,35.5,.,35.5,.,w,1062058,1062229,2,r,2,r,2,r,,,,,,,,,,,,,,,,,,,,,,,,,,,,,,,,,,,,,2,g,112,.,.,y,.,.,k,.,.,.,.,.,.,.,.,.,.,,,,,,,,,,,,,,,,,,,,,,,,,,,,,,,,,,,,,,,,,,,,,,,,,,,,,
18_04,18,04,m,15,09/02/21,12/09/22,w,n,11.56,11.58,81.3,80.8,35.5,.,35.5,.,w,1062229,1064336,2,r,2,r,2,r,,,,,,,,,,,,,,,,,,,,,,,,,,,,,,,,,,,,,2,g,,,,,,,,,,,,,,,,,,,,,,,,,,,,,,,,,,,,,,,,,,,,,,,,,,,,,,,,,,,,,,,,,,,,,,
18_04,18,04,m,15,09/02/21,12/09/22,w,n,11.56,11.58,81.3,80.8,35.5,.,35.5,.,w,1064336,1064337,2,r,2,r,2,r,11,bu,,,,,,,,,,,,,,,,,,26,y,.,.,.,.,p,.,.,.,.,.,.,.,.,.,.,2,g,,,,,,,,,,,,,,,,,,,,,,,,,,,,,,,,,,,,,,,,,,,,,,,,,,,,,,,,,,,,,,,,,,,,,,
18_04,18,04,m,15,09/02/21,12/09/22,w,n,11.56,11.58,81.3,80.8,35.5,.,35.5,.,w,1064337,1065730,2,r,2,r,2,r,11,bu,,,,,,,,,,,,,,,,,,,,,,,,,,,,,,,,,,,2,g,,,,,,,,,,,,,,,,,,,,,,,,,,,,,,,,,,,,,,,,,,,,,,,,,,,,,,,,,,,,,,,,,,,,,,
18_04,18,04,m,15,09/02/21,12/09/22,w,n,11.56,11.58,81.3,80.8,35.5,.,35.5,.,w,1065730,1074469,2,r,2,r,2,r,11,bu,27,y,.,.,.,.,s,.,.,.,.,.,.,.,.,.,.,,,,,,,,,,,,,,,,,,2,g,,,,,,,,,,,,,,,,,,,,,,,,,,,,,,,,,,,,,,,,,,,,,,,,,,,,,,,,,,,,,,,,,,,,,,
18_04,18,04,m,15,09/02/21,12/09/22,w,n,11.56,11.58,81.3,80.8,35.5,.,35.5,.,w,1074469,1076474,2,r,2,r,2,r,11,bu,,,,,,,,,,,,,,,,,,,,,,,,,,,,,,,,,,,2,g,,,,,,,,,,,,,,,,,,,,,,,,,,,,,,,,,,,,,,,,,,,,,,,,,,,,,,,,,,,,,,,,,,,,,,
18_04,18,04,m,15,09/02/21,12/09/22,w,n,11.56,11.58,81.3,80.8,35.5,.,35.5,.,w,1076474,1076475,2,r,2,r,2,r,11,bu,,,,,,,,,,,,,,,,,,28,y,.,.,.,.,d,.,.,.,.,.,.,.,.,.,.,2,g,,,,,,,,,,,,,,,,,,,,,,,,,,,,,,,,,,,,,,,,,,,,,,,,,,,,,,,,,,,,,,,,,,,,,,
18_04,18,04,m,15,09/02/21,12/09/22,w,n,11.56,11.58,81.3,80.8,35.5,.,35.5,.,w,1076475,1077630,2,r,2,r,2,r,11,bu,,,,,,,,,,,,,,,,,,,,,,,,,,,,,,,,,,,2,g,,,,,,,,,,,,,,,,,,,,,,,,,,,,,,,,,,,,,,,,,,,,,,,,,,,,,,,,,,,,,,,,,,,,,,
18_04,18,04,m,15,09/02/21,12/09/22,w,n,11.56,11.58,81.3,80.8,35.5,.,35.5,.,w,1077630,1077631,2,r,2,r,2,r,11,bu,,,,,,,,,,,,,,,,,,29,y,.,.,.,.,o,.,.,.,y,.,.,.,.,.,.,2,g,,,,,,,,,,,,,,,,,,,,,,,,,,,,,,,,,,,,,,,,,,,,,,,,,,,,,,,,,,,,,,,,,,,,,,
18_04,18,04,m,15,09/02/21,12/09/22,w,n,11.56,11.58,81.3,80.8,35.5,.,35.5,.,w,1077631,1078310,2,r,2,r,2,r,11,bu,,,,,,,,,,,,,,,,,,,,,,,,,,,,,,,,,,,2,g,,,,,,,,,,,,,,,,,,,,,,,,,,,,,,,,,,,,,,,,,,,,,,,,,,,,,,,,,,,,,,,,,,,,,,
18_04,18,04,m,15,09/02/21,12/09/22,w,n,11.56,11.58,81.3,80.8,35.5,.,35.5,.,w,1078310,1078311,2,r,2,r,2,r,11,bu,,,,,,,,,,,,,,,,,,30,y,.,.,.,.,th,.,.,.,.,.,.,.,.,.,.,2,g,,,,,,,,,,,,,,,,,,,,,,,,,,,,,,,,,,,,,,,,,,,,,,,,,,,,,,,,,,,,,,,,,,,,,,
18_04,18,04,m,15,09/02/21,12/09/22,w,n,11.56,11.58,81.3,80.8,35.5,.,35.5,.,w,1078311,1080724,2,r,2,r,2,r,11,bu,,,,,,,,,,,,,,,,,,,,,,,,,,,,,,,,,,,2,g,,,,,,,,,,,,,,,,,,,,,,,,,,,,,,,,,,,,,,,,,,,,,,,,,,,,,,,,,,,,,,,,,,,,,,
18_04,18,04,m,15,09/02/21,12/09/22,w,n,11.56,11.58,81.3,80.8,35.5,.,35.5,.,w,1080724,1080725,2,r,2,r,2,r,11,bu,,,,,,,,,,,,,,,,,,31,y,.,.,.,.,o,.,.,.,y,.,.,.,.,.,.,2,g,,,,,,,,,,,,,,,,,,,,,,,,,,,,,,,,,,,,,,,,,,,,,,,,,,,,,,,,,,,,,,,,,,,,,,
18_04,18,04,m,15,09/02/21,12/09/22,w,n,11.56,11.58,81.3,80.8,35.5,.,35.5,.,w,1080725,1081370,2,r,2,r,2,r,11,bu,,,,,,,,,,,,,,,,,,,,,,,,,,,,,,,,,,,2,g,,,,,,,,,,,,,,,,,,,,,,,,,,,,,,,,,,,,,,,,,,,,,,,,,,,,,,,,,,,,,,,,,,,,,,
18_04,18,04,m,15,09/02/21,12/09/22,w,n,11.56,11.58,81.3,80.8,35.5,.,35.5,.,w,1081370,1081371,2,r,2,r,2,r,11,bu,,,,,,,,,,,,,,,,,,32,y,.,.,.,.,th,.,.,.,.,.,.,.,.,.,.,2,g,,,,,,,,,,,,,,,,,,,,,,,,,,,,,,,,,,,,,,,,,,,,,,,,,,,,,,,,,,,,,,,,,,,,,,
18_04,18,04,m,15,09/02/21,12/09/22,w,n,11.56,11.58,81.3,80.8,35.5,.,35.5,.,w,1081371,1087014,2,r,2,r,2,r,11,bu,,,,,,,,,,,,,,,,,,,,,,,,,,,,,,,,,,,2,g,,,,,,,,,,,,,,,,,,,,,,,,,,,,,,,,,,,,,,,,,,,,,,,,,,,,,,,,,,,,,,,,,,,,,,
18_04,18,04,m,15,09/02/21,12/09/22,w,n,11.56,11.58,81.3,80.8,35.5,.,35.5,.,w,1087014,1087015,2,r,2,r,2,r,11,bu,,,,,,,,,,,,,,,,,,33,y,.,.,.,.,o,.,.,.,y,.,.,.,.,.,.,2,g,,,,,,,,,,,,,,,,,,,,,,,,,,,,,,,,,,,,,,,,,,,,,,,,,,,,,,,,,,,,,,,,,,,,,,
18_04,18,04,m,15,09/02/21,12/09/22,w,n,11.56,11.58,81.3,80.8,35.5,.,35.5,.,w,1087015,1087490,2,r,2,r,2,r,11,bu,,,,,,,,,,,,,,,,,,,,,,,,,,,,,,,,,,,2,g,,,,,,,,,,,,,,,,,,,,,,,,,,,,,,,,,,,,,,,,,,,,,,,,,,,,,,,,,,,,,,,,,,,,,,
18_04,18,04,m,15,09/02/21,12/09/22,w,n,11.56,11.58,81.3,80.8,35.5,.,35.5,.,w,1087490,1087491,2,r,2,r,2,r,11,bu,,,,,,,,,,,,,,,,,,34,y,.,.,.,.,th,.,.,.,.,.,.,.,.,.,.,2,g,,,,,,,,,,,,,,,,,,,,,,,,,,,,,,,,,,,,,,,,,,,,,,,,,,,,,,,,,,,,,,,,,,,,,,
18_04,18,04,m,15,09/02/21,12/09/22,w,n,11.56,11.58,81.3,80.8,35.5,.,35.5,.,w,1087491,1091230,2,r,2,r,2,r,11,bu,,,,,,,,,,,,,,,,,,,,,,,,,,,,,,,,,,,2,g,,,,,,,,,,,,,,,,,,,,,,,,,,,,,,,,,,,,,,,,,,,,,,,,,,,,,,,,,,,,,,,,,,,,,,
18_04,18,04,m,15,09/02/21,12/09/22,w,n,11.56,11.58,81.3,80.8,35.5,.,35.5,.,w,1091230,1091231,2,r,2,r,2,r,11,bu,,,,,,,,,,,,,,,,,,35,y,.,.,.,.,o,.,.,.,y,.,.,.,.,.,.,2,g,,,,,,,,,,,,,,,,,,,,,,,,,,,,,,,,,,,,,,,,,,,,,,,,,,,,,,,,,,,,,,,,,,,,,,
18_04,18,04,m,15,09/02/21,12/09/22,w,n,11.56,11.58,81.3,80.8,35.5,.,35.5,.,w,1091231,1091876,2,r,2,r,2,r,11,bu,,,,,,,,,,,,,,,,,,,,,,,,,,,,,,,,,,,2,g,,,,,,,,,,,,,,,,,,,,,,,,,,,,,,,,,,,,,,,,,,,,,,,,,,,,,,,,,,,,,,,,,,,,,,
18_04,18,04,m,15,09/02/21,12/09/22,w,n,11.56,11.58,81.3,80.8,35.5,.,35.5,.,w,1091876,1091877,2,r,2,r,2,r,11,bu,,,,,,,,,,,,,,,,,,36,y,.,.,.,.,th,.,.,.,.,.,.,.,.,.,.,2,g,,,,,,,,,,,,,,,,,,,,,,,,,,,,,,,,,,,,,,,,,,,,,,,,,,,,,,,,,,,,,,,,,,,,,,
18_04,18,04,m,15,09/02/21,12/09/22,w,n,11.56,11.58,81.3,80.8,35.5,.,35.5,.,w,1091877,1095072,2,r,2,r,2,r,11,bu,,,,,,,,,,,,,,,,,,,,,,,,,,,,,,,,,,,2,g,,,,,,,,,,,,,,,,,,,,,,,,,,,,,,,,,,,,,,,,,,,,,,,,,,,,,,,,,,,,,,,,,,,,,,
18_04,18,04,m,15,09/02/21,12/09/22,w,n,11.56,11.58,81.3,80.8,35.5,.,35.5,.,w,1095072,1095073,2,r,2,r,2,r,11,bu,,,,,,,,,,,,,,,,,,37,y,.,.,.,.,p,.,.,.,.,.,.,.,.,.,.,2,g,,,,,,,,,,,,,,,,,,,,,,,,,,,,,,,,,,,,,,,,,,,,,,,,,,,,,,,,,,,,,,,,,,,,,,
18_04,18,04,m,15,09/02/21,12/09/22,w,n,11.56,11.58,81.3,80.8,35.5,.,35.5,.,w,1095073,1095310,2,r,2,r,2,r,11,bu,,,,,,,,,,,,,,,,,,,,,,,,,,,,,,,,,,,2,g,,,,,,,,,,,,,,,,,,,,,,,,,,,,,,,,,,,,,,,,,,,,,,,,,,,,,,,,,,,,,,,,,,,,,,
18_04,18,04,m,15,09/02/21,12/09/22,w,n,11.56,11.58,81.3,80.8,35.5,.,35.5,.,w,1095310,1095311,2,r,2,r,2,r,11,bu,,,,,,,,,,,,,,,,,,38,y,.,.,.,.,th,.,.,.,.,.,.,.,.,.,.,2,g,,,,,,,,,,,,,,,,,,,,,,,,,,,,,,,,,,,,,,,,,,,,,,,,,,,,,,,,,,,,,,,,,,,,,,
18_04,18,04,m,15,09/02/21,12/09/22,w,n,11.56,11.58,81.3,80.8,35.5,.,35.5,.,w,1095311,1097418,2,r,2,r,2,r,11,bu,,,,,,,,,,,,,,,,,,,,,,,,,,,,,,,,,,,2,g,,,,,,,,,,,,,,,,,,,,,,,,,,,,,,,,,,,,,,,,,,,,,,,,,,,,,,,,,,,,,,,,,,,,,,
18_04,18,04,m,15,09/02/21,12/09/22,w,n,11.56,11.58,81.3,80.8,35.5,.,35.5,.,w,1097418,1097419,2,r,2,r,2,r,11,bu,,,,,,,,,,,,,,,,,,39,y,.,.,.,.,p,.,.,.,.,.,.,.,.,.,.,2,g,,,,,,,,,,,,,,,,,,,,,,,,,,,,,,,,,,,,,,,,,,,,,,,,,,,,,,,,,,,,,,,,,,,,,,
18_04,18,04,m,15,09/02/21,12/09/22,w,n,11.56,11.58,81.3,80.8,35.5,.,35.5,.,w,1097419,1097622,2,r,2,r,2,r,11,bu,,,,,,,,,,,,,,,,,,,,,,,,,,,,,,,,,,,2,g,,,,,,,,,,,,,,,,,,,,,,,,,,,,,,,,,,,,,,,,,,,,,,,,,,,,,,,,,,,,,,,,,,,,,,
18_04,18,04,m,15,09/02/21,12/09/22,w,n,11.56,11.58,81.3,80.8,35.5,.,35.5,.,w,1097622,1097623,2,r,2,r,2,r,11,bu,,,,,,,,,,,,,,,,,,,,,,,,,,,,,,,,,,,2,g,,,,,,,,,,,,,,,,,,112,y,.,.,.,.,p,.,.,.,.,.,.,.,.,.,.,,,,,,,,,,,,,,,,,,,,,,,,,,,,,,,,,,,,
18_04,18,04,m,15,09/02/21,12/09/22,w,n,11.56,11.58,81.3,80.8,35.5,.,35.5,.,w,1097623,1098064,2,r,2,r,2,r,11,bu,,,,,,,,,,,,,,,,,,,,,,,,,,,,,,,,,,,2,g,,,,,,,,,,,,,,,,,,,,,,,,,,,,,,,,,,,,,,,,,,,,,,,,,,,,,,,,,,,,,,,,,,,,,,
18_04,18,04,m,15,09/02/21,12/09/22,w,n,11.56,11.58,81.3,80.8,35.5,.,35.5,.,w,1098064,1098065,2,r,2,r,2,r,11,bu,,,,,,,,,,,,,,,,,,40,y,.,.,.,.,th,.,.,.,.,.,.,.,.,.,.,2,g,,,,,,,,,,,,,,,,,,,,,,,,,,,,,,,,,,,,,,,,,,,,,,,,,,,,,,,,,,,,,,,,,,,,,,
18_04,18,04,m,15,09/02/21,12/09/22,w,n,11.56,11.58,81.3,80.8,35.5,.,35.5,.,w,1098065,1100648,2,r,2,r,2,r,,,,,,,,,,,,,,,,,,,,,,,,,,,,,,,,,,,,,2,g,,,,,,,,,,,,,,,,,,,,,,,,,,,,,,,,,,,,,,,,,,,,,,,,,,,,,,,,,,,,,,,,,,,,,,
18_04,18,04,m,15,09/02/21,12/09/22,w,n,11.56,11.58,81.3,80.8,35.5,.,35.5,.,w,1100648,1100649,2,r,2,r,2,r,12,b,,,,,,,,,,,,,,,,,,41,y,.,.,.,.,p,.,.,.,.,.,.,.,.,.,.,2,g,,,,,,,,,,,,,,,,,,,,,,,,,,,,,,,,,,,,,,,,,,,,,,,,,,,,,,,,,,,,,,,,,,,,,,
18_04,18,04,m,15,09/02/21,12/09/22,w,n,11.56,11.58,81.3,80.8,35.5,.,35.5,.,w,1100649,1101192,2,r,2,r,2,r,12,b,,,,,,,,,,,,,,,,,,,,,,,,,,,,,,,,,,,2,g,,,,,,,,,,,,,,,,,,,,,,,,,,,,,,,,,,,,,,,,,,,,,,,,,,,,,,,,,,,,,,,,,,,,,,
18_04,18,04,m,15,09/02/21,12/09/22,w,n,11.56,11.58,81.3,80.8,35.5,.,35.5,.,w,1101192,1101193,2,r,2,r,2,r,12,b,,,,,,,,,,,,,,,,,,,,,,,,,,,,,,,,,,,2,g,,,,,,,,,,,,,,,,,,112,y,.,.,.,.,p,.,.,.,.,.,.,.,.,.,.,,,,,,,,,,,,,,,,,,,,,,,,,,,,,,,,,,,,
18_04,18,04,m,15,09/02/21,12/09/22,w,n,11.56,11.58,81.3,80.8,35.5,.,35.5,.,w,1101193,1110100,2,r,2,r,2,r,12,b,,,,,,,,,,,,,,,,,,,,,,,,,,,,,,,,,,,2,g,,,,,,,,,,,,,,,,,,,,,,,,,,,,,,,,,,,,,,,,,,,,,,,,,,,,,,,,,,,,,,,,,,,,,,
18_04,18,04,m,15,09/02/21,12/09/22,w,n,11.56,11.58,81.3,80.8,35.5,.,35.5,.,w,1110100,1110101,2,r,2,r,2,r,12,b,,,,,,,,,,,,,,,,,,42,y,.,.,.,.,d,.,.,.,.,.,.,.,.,.,.,2,g,,,,,,,,,,,,,,,,,,,,,,,,,,,,,,,,,,,,,,,,,,,,,,,,,,,,,,,,,,,,,,,,,,,,,,
18_04,18,04,m,15,09/02/21,12/09/22,w,n,11.56,11.58,81.3,80.8,35.5,.,35.5,.,w,1110101,1113057,2,r,2,r,2,r,12,b,,,,,,,,,,,,,,,,,,,,,,,,,,,,,,,,,,,2,g,,,,,,,,,,,,,,,,,,,,,,,,,,,,,,,,,,,,,,,,,,,,,,,,,,,,,,,,,,,,,,,,,,,,,,
18_04,18,04,m,15,09/02/21,12/09/22,w,n,11.56,11.58,81.3,80.8,35.5,.,35.5,.,w,1113057,1113058,2,r,2,r,2,r,12,b,,,,,,,,,,,,,,,,,,43,y,.,.,.,.,p,.,.,.,.,.,.,.,.,.,.,2,g,,,,,,,,,,,,,,,,,,,,,,,,,,,,,,,,,,,,,,,,,,,,,,,,,,,,,,,,,,,,,,,,,,,,,,
18_04,18,04,m,15,09/02/21,12/09/22,w,n,11.56,11.58,81.3,80.8,35.5,.,35.5,.,w,1113058,1114418,2,r,2,r,2,r,12,b,,,,,,,,,,,,,,,,,,,,,,,,,,,,,,,,,,,2,g,,,,,,,,,,,,,,,,,,,,,,,,,,,,,,,,,,,,,,,,,,,,,,,,,,,,,,,,,,,,,,,,,,,,,,
18_04,18,04,m,15,09/02/21,12/09/22,w,n,11.56,11.58,81.3,80.8,35.5,.,35.5,.,w,1114418,1114419,2,r,2,r,2,r,12,b,,,,,,,,,,,,,,,,,,,,,,,,,,,,,,,,,,,2,g,,,,,,,,,,,,,,,,,,112,y,.,.,.,.,p,.,.,.,.,.,.,.,.,.,.,,,,,,,,,,,,,,,,,,,,,,,,,,,,,,,,,,,,
18_04,18,04,m,15,09/02/21,12/09/22,w,n,11.56,11.58,81.3,80.8,35.5,.,35.5,.,w,1114419,1117138,2,r,2,r,2,r,12,b,,,,,,,,,,,,,,,,,,,,,,,,,,,,,,,,,,,2,g,,,,,,,,,,,,,,,,,,,,,,,,,,,,,,,,,,,,,,,,,,,,,,,,,,,,,,,,,,,,,,,,,,,,,,
18_04,18,04,m,15,09/02/21,12/09/22,w,n,11.56,11.58,81.3,80.8,35.5,.,35.5,.,w,1117138,1117139,2,r,2,r,2,r,12,b,,,,,,,,,,,,,,,,,,44,y,.,.,.,.,d,.,.,.,.,.,.,.,.,.,.,2,g,,,,,,,,,,,,,,,,,,,,,,,,,,,,,,,,,,,,,,,,,,,,,,,,,,,,,,,,,,,,,,,,,,,,,,
18_04,18,04,m,15,09/02/21,12/09/22,w,n,11.56,11.58,81.3,80.8,35.5,.,35.5,.,w,1117139,1117614,2,r,2,r,2,r,,,,,,,,,,,,,,,,,,,,,,,,,,,,,,,,,,,,,2,g,,,,,,,,,,,,,,,,,,,,,,,,,,,,,,,,,,,,,,,,,,,,,,,,,,,,,,,,,,,,,,,,,,,,,,
18_04,18,04,m,15,09/02/21,12/09/22,w,n,11.56,11.58,81.3,80.8,35.5,.,35.5,.,w,1117614,1118158,2,r,2,r,2,r,13,pb,,,,,,,,,,,,,,,,,,,,,,,,,,,,,,,,,,,2,g,,,,,,,,,,,,,,,,,,,,,,,,,,,,,,,,,,,,,,,,,,,,,,,,,,,,,,,,,,,,,,,,,,,,,,
18_04,18,04,m,15,09/02/21,12/09/22,w,n,11.56,11.58,81.3,80.8,35.5,.,35.5,.,w,1118158,1118159,2,r,2,r,2,r,13,pb,,,,,,,,,,,,,,,,,,,,,,,,,,,,,,,,,,,2,g,,,,,,,,,,,,,,,,,,112,y,.,.,.,.,d,.,.,.,.,.,.,.,.,.,.,,,,,,,,,,,,,,,,,,,,,,,,,,,,,,,,,,,,
18_04,18,04,m,15,09/02/21,12/09/22,w,n,11.56,11.58,81.3,80.8,35.5,.,35.5,.,w,1118159,1119586,2,r,2,r,2,r,13,pb,,,,,,,,,,,,,,,,,,,,,,,,,,,,,,,,,,,,,,,,,,,,,,,,,,,,,,,,,,,,,,,,,,,,,,,,,,,,,,,,,,,,,,,,,,,,,,,,,,,,,,,,,,
18_04,18,04,m,15,09/02/21,12/09/22,w,n,11.56,11.58,81.3,80.8,35.5,.,35.5,.,w,1119586,1119587,2,r,2,r,2,r,13,pb,,,,,,,,,,,,,,,,,,45,y,.,.,.,.,p,.,.,.,.,.,.,.,.,.,.,,,,,,,,,,,,,,,,,,,,,,,,,,,,,,,,,,,,,,,,,,,,,,,,,,,,,,,,,,,,,,,,,,,,,,,,
18_04,18,04,m,15,09/02/21,12/09/22,w,n,11.56,11.58,81.3,80.8,35.5,.,35.5,.,w,1119587,1124414,2,r,2,r,2,r,13,pb,,,,,,,,,,,,,,,,,,,,,,,,,,,,,,,,,,,,,,,,,,,,,,,,,,,,,,,,,,,,,,,,,,,,,,,,,,,,,,,,,,,,,,,,,,,,,,,,,,,,,,,,,,
18_04,18,04,m,15,09/02/21,12/09/22,w,n,11.56,11.58,81.3,80.8,35.5,.,35.5,.,w,1124414,1124415,2,r,2,r,2,r,13,pb,,,,,,,,,,,,,,,,,,46,y,.,.,.,.,th,.,.,.,.,.,.,.,.,.,.,,,,,,,,,,,,,,,,,,,,,,,,,,,,,,,,,,,,,,,,,,,,,,,,,,,,,,,,,,,,,,,,,,,,,,,,
18_04,18,04,m,15,09/02/21,12/09/22,w,n,11.56,11.58,81.3,80.8,35.5,.,35.5,.,w,1124415,1127439,2,r,2,r,2,r,13,pb,,,,,,,,,,,,,,,,,,,,,,,,,,,,,,,,,,,,,,,,,,,,,,,,,,,,,,,,,,,,,,,,,,,,,,,,,,,,,,,,,,,,,,,,,,,,,,,,,,,,,,,,,,
18_04,18,04,m,15,09/02/21,12/09/22,w,n,11.56,11.58,81.3,80.8,35.5,.,35.5,.,w,1127439,1127440,2,r,2,r,2,r,13,pb,,,,,,,,,,,,,,,,,,47,y,.,.,.,.,p,.,.,.,.,.,.,.,.,.,.,,,,,,,,,,,,,,,,,,,,,,,,,,,,,,,,,,,,,,,,,,,,,,,,,,,,,,,,,,,,,,,,,,,,,,,,
18_04,18,04,m,15,09/02/21,12/09/22,w,n,11.56,11.58,81.3,80.8,35.5,.,35.5,.,w,1127440,1128528,2,r,2,r,2,r,13,pb,,,,,,,,,,,,,,,,,,,,,,,,,,,,,,,,,,,,,,,,,,,,,,,,,,,,,,,,,,,,,,,,,,,,,,,,,,,,,,,,,,,,,,,,,,,,,,,,,,,,,,,,,,
18_04,18,04,m,15,09/02/21,12/09/22,w,n,11.56,11.58,81.3,80.8,35.5,.,35.5,.,w,1128528,1128529,2,r,2,r,2,r,13,pb,,,,,,,,,,,,,,,,,,48,y,.,.,.,.,d,.,.,.,.,.,.,.,.,.,.,,,,,,,,,,,,,,,,,,,,,,,,,,,,,,,,,,,,,,,,,,,,,,,,,,,,,,,,,,,,,,,,,,,,,,,,
18_04,18,04,m,15,09/02/21,12/09/22,w,n,11.56,11.58,81.3,80.8,35.5,.,35.5,.,w,1128529,1132404,2,r,2,r,2,r,,,,,,,,,,,,,,,,,,,,,,,,,,,,,,,,,,,,,,,,,,,,,,,,,,,,,,,,,,,,,,,,,,,,,,,,,,,,,,,,,,,,,,,,,,,,,,,,,,,,,,,,,,,,
18_04,18,04,m,15,09/02/21,12/09/22,w,n,11.56,11.58,81.3,80.8,35.5,.,35.5,.,w,1132404,1132609,2,r,2,r,2,r,14,pb,49,.,.,y,.,.,k,.,.,.,.,.,.,.,.,.,.,,,,,,,,,,,,,,,,,,,,,,,,,,,,,,,,,,,,,,,,,,,,,,,,,,,,,,,,,,,,,,,,,,,,,,,,,,,,,,,,,,,,,,,,,
18_04,18,04,m,15,09/02/21,12/09/22,w,n,11.56,11.58,81.3,80.8,35.5,.,35.5,.,w,1132609,1134716,2,r,2,r,2,r,,,,,,,,,,,,,,,,,,,,,,,,,,,,,,,,,,,,,,,,,,,,,,,,,,,,,,,,,,,,,,,,,,,,,,,,,,,,,,,,,,,,,,,,,,,,,,,,,,,,,,,,,,,,
18_04,18,04,m,15,09/02/21,12/09/22,w,n,11.56,11.58,81.3,80.8,35.5,.,35.5,.,w,1134716,1134717,2,r,2,r,2,r,15,y,,,,,,,,,,,,,,,,,,50,y,.,.,.,.,p,.,.,.,.,.,.,.,.,.,.,,,,,,,,,,,,,,,,,,,,,,,,,,,,,,,,,,,,,,,,,,,,,,,,,,,,,,,,,,,,,,,,,,,,,,,,
18_04,18,04,m,15,09/02/21,12/09/22,w,n,11.56,11.58,81.3,80.8,35.5,.,35.5,.,w,1134717,1135668,2,r,2,r,2,r,15,y,,,,,,,,,,,,,,,,,,,,,,,,,,,,,,,,,,,,,,,,,,,,,,,,,,,,,,,,,,,,,,,,,,,,,,,,,,,,,,,,,,,,,,,,,,,,,,,,,,,,,,,,,,
18_04,18,04,m,15,09/02/21,12/09/22,w,n,11.56,11.58,81.3,80.8,35.5,.,35.5,.,w,1135668,1135669,2,r,2,r,2,r,15,y,,,,,,,,,,,,,,,,,,51,y,.,.,.,.,d,.,.,.,.,.,.,.,.,.,.,,,,,,,,,,,,,,,,,,,,,,,,,,,,,,,,,,,,,,,,,,,,,,,,,,,,,,,,,,,,,,,,,,,,,,,,
18_04,18,04,m,15,09/02/21,12/09/22,w,n,11.56,11.58,81.3,80.8,35.5,.,35.5,.,w,1135669,1137912,2,r,2,r,2,r,,,,,,,,,,,,,,,,,,,,,,,,,,,,,,,,,,,,,,,,,,,,,,,,,,,,,,,,,,,,,,,,,,,,,,,,,,,,,,,,,,,,,,,,,,,,,,,,,,,,,,,,,,,,
18_04,18,04,m,15,09/02/21,12/09/22,w,n,11.56,11.58,81.3,80.8,35.5,.,35.5,.,w,1137912,1160998,2,r,2,r,2,r,16,m,52,y,.,.,.,.,t,y,.,.,.,.,.,.,.,.,.,,,,,,,,,,,,,,,,,,,,,,,,,,,,,,,,,,,,,,,,,,,,,,,,,,,,,,,,,,,,,,,,,,,,,,,,,,,,,,,,,,,,,,,,,
18_04,18,04,m,15,09/02/21,12/09/22,w,n,11.56,11.58,81.3,80.8,35.5,.,35.5,.,w,1160998,1160999,2,r,2,r,2,r,16,m,,,,,,,,,,,,,,,,,,53,y,.,.,.,.,p,.,.,.,.,.,.,.,.,.,.,,,,,,,,,,,,,,,,,,,,,,,,,,,,,,,,,,,,,,,,,,,,,,,,,,,,,,,,,,,,,,,,,,,,,,,,
18_04,18,04,m,15,09/02/21,12/09/22,w,n,11.56,11.58,81.3,80.8,35.5,.,35.5,.,w,1160999,1176740,2,r,2,r,2,r,16,m,,,,,,,,,,,,,,,,,,,,,,,,,,,,,,,,,,,,,,,,,,,,,,,,,,,,,,,,,,,,,,,,,,,,,,,,,,,,,,,,,,,,,,,,,,,,,,,,,,,,,,,,,,
18_04,18,04,m,15,09/02/21,12/09/22,w,n,11.56,11.58,81.3,80.8,35.5,.,35.5,.,w,1176740,1184050,2,r,2,r,2,r,16,m,54,y,.,.,.,.,t,y,.,.,.,.,.,.,.,.,.,,,,,,,,,,,,,,,,,,,,,,,,,,,,,,,,,,,,,,,,,,,,,,,,,,,,,,,,,,,,,,,,,,,,,,,,,,,,,,,,,,,,,,,,,
18_04,18,04,m,15,09/02/21,12/09/22,w,n,11.56,11.58,81.3,80.8,35.5,.,35.5,.,w,1184050,1184051,2,r,2,r,2,r,16,m,,,,,,,,,,,,,,,,,,55,y,.,.,.,.,p,.,.,.,.,.,.,.,.,.,.,,,,,,,,,,,,,,,,,,,,,,,,,,,,,,,,,,,,,,,,,,,,,,,,,,,,,,,,,,,,,,,,,,,,,,,,
18_04,18,04,m,15,09/02/21,12/09/22,w,n,11.56,11.58,81.3,80.8,35.5,.,35.5,.,w,1184051,1186668,2,r,2,r,2,r,16,m,,,,,,,,,,,,,,,,,,,,,,,,,,,,,,,,,,,,,,,,,,,,,,,,,,,,,,,,,,,,,,,,,,,,,,,,,,,,,,,,,,,,,,,,,,,,,,,,,,,,,,,,,,
18_04,18,04,m,15,09/02/21,12/09/22,w,n,11.56,11.58,81.3,80.8,35.5,.,35.5,.,w,1186668,1186669,2,r,2,r,2,r,16,m,57,y,.,.,.,.,t,y,.,.,.,.,.,.,.,.,.,56,y,.,.,.,.,d,.,.,.,.,.,.,.,.,.,.,,,,,,,,,,,,,,,,,,,,,,,,,,,,,,,,,,,,,,,,,,,,,,,,,,,,,,,,,,,,,,,,,,,,,,,,
18_04,18,04,m,15,09/02/21,12/09/22,w,n,11.56,11.58,81.3,80.8,35.5,.,35.5,.,w,1186669,1198875,2,r,2,r,2,r,16,m,57,y,.,.,.,.,t,y,.,.,.,.,.,.,.,.,.,,,,,,,,,,,,,,,,,,,,,,,,,,,,,,,,,,,,,,,,,,,,,,,,,,,,,,,,,,,,,,,,,,,,,,,,,,,,,,,,,,,,,,,,,
18_04,18,04,m,15,09/02/21,12/09/22,w,n,11.56,11.58,81.3,80.8,35.5,.,35.5,.,w,1198875,1198876,2,r,2,r,2,r,16,m,,,,,,,,,,,,,,,,,,58,y,.,.,.,.,p,.,.,.,.,.,.,.,.,.,.,,,,,,,,,,,,,,,,,,,,,,,,,,,,,,,,,,,,,,,,,,,,,,,,,,,,,,,,,,,,,,,,,,,,,,,,
18_04,18,04,m,15,09/02/21,12/09/22,w,n,11.56,11.58,81.3,80.8,35.5,.,35.5,.,w,1198876,1206593,2,r,2,r,2,r,16,m,,,,,,,,,,,,,,,,,,,,,,,,,,,,,,,,,,,,,,,,,,,,,,,,,,,,,,,,,,,,,,,,,,,,,,,,,,,,,,,,,,,,,,,,,,,,,,,,,,,,,,,,,,
18_04,18,04,m,15,09/02/21,12/09/22,w,n,11.56,11.58,81.3,80.8,35.5,.,35.5,.,w,1206593,1208939,2,r,2,r,2,r,16,m,59,y,.,.,.,.,t,y,.,.,.,.,.,.,.,.,.,,,,,,,,,,,,,,,,,,,,,,,,,,,,,,,,,,,,,,,,,,,,,,,,,,,,,,,,,,,,,,,,,,,,,,,,,,,,,,,,,,,,,,,,,
18_04,18,04,m,15,09/02/21,12/09/22,w,n,11.56,11.58,81.3,80.8,35.5,.,35.5,.,w,1208939,1210774,2,r,2,r,2,r,16,m,,,,,,,,,,,,,,,,,,,,,,,,,,,,,,,,,,,,,,,,,,,,,,,,,,,,,,,,,,,,,,,,,,,,,,,,,,,,,,,,,,,,,,,,,,,,,,,,,,,,,,,,,,
18_04,18,04,m,15,09/02/21,12/09/22,w,n,11.56,11.58,81.3,80.8,35.5,.,35.5,.,w,1210774,1210775,2,r,2,r,2,r,16,m,,,,,,,,,,,,,,,,,,60,y,.,.,.,.,d,.,.,.,.,.,.,.,.,.,.,,,,,,,,,,,,,,,,,,,,,,,,,,,,,,,,,,,,,,,,,,,,,,,,,,,,,,,,,,,,,,,,,,,,,,,,
18_04,18,04,m,15,09/02/21,12/09/22,w,n,11.56,11.58,81.3,80.8,35.5,.,35.5,.,w,1210775,1219513,2,r,2,r,2,r,16,m,61,y,.,.,.,.,t,y,.,.,.,.,.,.,.,.,.,,,,,,,,,,,,,,,,,,,,,,,,,,,,,,,,,,,,,,,,,,,,,,,,,,,,,,,,,,,,,,,,,,,,,,,,,,,,,,,,,,,,,,,,,
18_04,18,04,m,15,09/02/21,12/09/22,w,n,11.56,11.58,81.3,80.8,35.5,.,35.5,.,w,1219513,1219514,2,r,2,r,2,r,16,m,,,,,,,,,,,,,,,,,,62,y,.,.,.,.,p,.,.,.,.,.,.,.,.,.,.,,,,,,,,,,,,,,,,,,,,,,,,,,,,,,,,,,,,,,,,,,,,,,,,,,,,,,,,,,,,,,,,,,,,,,,,
18_04,18,04,m,15,09/02/21,12/09/22,w,n,11.56,11.58,81.3,80.8,35.5,.,35.5,.,w,1219514,1231003,2,r,2,r,2,r,16,m,,,,,,,,,,,,,,,,,,,,,,,,,,,,,,,,,,,,,,,,,,,,,,,,,,,,,,,,,,,,,,,,,,,,,,,,,,,,,,,,,,,,,,,,,,,,,,,,,,,,,,,,,,
18_04,18,04,m,15,09/02/21,12/09/22,w,n,11.56,11.58,81.3,80.8,35.5,.,35.5,.,w,1231003,1231004,2,r,2,r,2,r,16,m,64,y,.,.,.,.,t,y,.,.,.,.,.,.,.,.,.,63,y,.,.,.,.,d,.,.,.,.,.,.,.,.,.,.,,,,,,,,,,,,,,,,,,,,,,,,,,,,,,,,,,,,,,,,,,,,,,,,,,,,,,,,,,,,,,,,,,,,,,,,
18_04,18,04,m,15,09/02/21,12/09/22,w,n,11.56,11.58,81.3,80.8,35.5,.,35.5,.,w,1231004,1243857,2,r,2,r,2,r,16,m,64,y,.,.,.,.,t,y,.,.,.,.,.,.,.,.,.,,,,,,,,,,,,,,,,,,,,,,,,,,,,,,,,,,,,,,,,,,,,,,,,,,,,,,,,,,,,,,,,,,,,,,,,,,,,,,,,,,,,,,,,,
18_04,18,04,m,15,09/02/21,12/09/22,w,n,11.56,11.58,81.3,80.8,35.5,.,35.5,.,w,1243857,1268506,2,r,2,r,2,r,,,,,,,,,,,,,,,,,,,,,,,,,,,,,,,,,,,,,,,,,,,,,,,,,,,,,,,,,,,,,,,,,,,,,,,,,,,,,,,,,,,,,,,,,,,,,,,,,,,,,,,,,,,,
18_04,18,04,m,15,09/02/21,12/09/22,w,n,11.56,11.58,81.3,80.8,35.5,.,35.5,.,w,1268506,1282481,2,r,2,r,2,r,17,a,65,y,.,.,.,.,t,.,.,.,.,.,.,.,.,.,.,,,,,,,,,,,,,,,,,,,,,,,,,,,,,,,,,,,,,,,,,,,,,,,,,,,,,,,,,,,,,,,,,,,,,,,,,,,,,,,,,,,,,,,,,
18_04,18,04,m,15,09/02/21,12/09/22,w,n,11.56,11.58,81.3,80.8,35.5,.,35.5,.,w,1282481,1288056,2,r,2,r,2,r,,,,,,,,,,,,,,,,,,,,,,,,,,,,,,,,,,,,,,,,,,,,,,,,,,,,,,,,,,,,,,,,,,,,,,,,,,,,,,,,,,,,,,,,,,,,,,,,,,,,,,,,,,,,
18_04,18,04,m,15,09/02/21,12/09/22,w,n,11.56,11.58,81.3,80.8,35.5,.,35.5,.,w,1288056,1288057,2,r,2,r,2,r,18,bu,,,,,,,,,,,,,,,,,,66,y,.,.,.,.,p,.,.,.,.,.,.,.,.,.,.,,,,,,,,,,,,,,,,,,,,,,,,,,,,,,,,,,,,,,,,,,,,,,,,,,,,,,,,,,,,,,,,,,,,,,,,
18_04,18,04,m,15,09/02/21,12/09/22,w,n,11.56,11.58,81.3,80.8,35.5,.,35.5,.,w,1288057,1289586,2,r,2,r,2,r,18,bu,,,,,,,,,,,,,,,,,,,,,,,,,,,,,,,,,,,,,,,,,,,,,,,,,,,,,,,,,,,,,,,,,,,,,,,,,,,,,,,,,,,,,,,,,,,,,,,,,,,,,,,,,,
18_04,18,04,m,15,09/02/21,12/09/22,w,n,11.56,11.58,81.3,80.8,35.5,.,35.5,.,w,1289586,1291219,2,r,2,r,2,r,18,bu,67,y,.,.,.,.,s,.,.,.,.,.,.,.,.,.,.,,,,,,,,,,,,,,,,,,,,,,,,,,,,,,,,,,,,,,,,,,,,,,,,,,,,,,,,,,,,,,,,,,,,,,,,,,,,,,,,,,,,,,,,,
18_04,18,04,m,15,09/02/21,12/09/22,w,n,11.56,11.58,81.3,80.8,35.5,.,35.5,.,w,1291219,1292442,2,r,2,r,2,r,18,bu,,,,,,,,,,,,,,,,,,,,,,,,,,,,,,,,,,,,,,,,,,,,,,,,,,,,,,,,,,,,,,,,,,,,,,,,,,,,,,,,,,,,,,,,,,,,,,,,,,,,,,,,,,
18_04,18,04,m,15,09/02/21,12/09/22,w,n,11.56,11.58,81.3,80.8,35.5,.,35.5,.,w,1292442,1292443,2,r,2,r,2,r,18,bu,,,,,,,,,,,,,,,,,,68,y,.,.,.,.,p,.,.,.,.,.,.,.,.,.,.,,,,,,,,,,,,,,,,,,,,,,,,,,,,,,,,,,,,,,,,,,,,,,,,,,,,,,,,,,,,,,,,,,,,,,,,
18_04,18,04,m,15,09/02/21,12/09/22,w,n,11.56,11.58,81.3,80.8,35.5,.,35.5,.,w,1292443,1293224,2,r,2,r,2,r,18,bu,,,,,,,,,,,,,,,,,,,,,,,,,,,,,,,,,,,,,,,,,,,,,,,,,,,,,,,,,,,,,,,,,,,,,,,,,,,,,,,,,,,,,,,,,,,,,,,,,,,,,,,,,,
18_04,18,04,m,15,09/02/21,12/09/22,w,n,11.56,11.58,81.3,80.8,35.5,.,35.5,.,w,1293224,1293225,2,r,2,r,2,r,18,bu,,,,,,,,,,,,,,,,,,69,y,.,.,.,.,i,.,.,.,.,y,.,.,.,.,.,,,,,,,,,,,,,,,,,,,,,,,,,,,,,,,,,,,,,,,,,,,,,,,,,,,,,,,,,,,,,,,,,,,,,,,,
18_04,18,04,m,15,09/02/21,12/09/22,w,n,11.56,11.58,81.3,80.8,35.5,.,35.5,.,w,1293225,1298936,2,r,2,r,2,r,18,bu,,,,,,,,,,,,,,,,,,,,,,,,,,,,,,,,,,,,,,,,,,,,,,,,,,,,,,,,,,,,,,,,,,,,,,,,,,,,,,,,,,,,,,,,,,,,,,,,,,,,,,,,,,
18_04,18,04,m,15,09/02/21,12/09/22,w,n,11.56,11.58,81.3,80.8,35.5,.,35.5,.,w,1298936,1298937,2,r,2,r,2,r,18,bu,,,,,,,,,,,,,,,,,,70,y,.,.,.,.,p,.,.,.,.,.,.,.,.,.,.,,,,,,,,,,,,,,,,,,,,,,,,,,,,,,,,,,,,,,,,,,,,,,,,,,,,,,,,,,,,,,,,,,,,,,,,
18_04,18,04,m,15,09/02/21,12/09/22,w,n,11.56,11.58,81.3,80.8,35.5,.,35.5,.,w,1298937,1299718,2,r,2,r,2,r,18,bu,,,,,,,,,,,,,,,,,,,,,,,,,,,,,,,,,,,,,,,,,,,,,,,,,,,,,,,,,,,,,,,,,,,,,,,,,,,,,,,,,,,,,,,,,,,,,,,,,,,,,,,,,,
18_04,18,04,m,15,09/02/21,12/09/22,w,n,11.56,11.58,81.3,80.8,35.5,.,35.5,.,w,1299718,1299719,2,r,2,r,2,r,18,bu,,,,,,,,,,,,,,,,,,71,y,.,.,.,.,i,.,.,.,.,y,.,.,.,.,.,,,,,,,,,,,,,,,,,,,,,,,,,,,,,,,,,,,,,,,,,,,,,,,,,,,,,,,,,,,,,,,,,,,,,,,,
18_04,18,04,m,15,09/02/21,12/09/22,w,n,11.56,11.58,81.3,80.8,35.5,.,35.5,.,w,1299719,1302675,2,r,2,r,2,r,18,bu,,,,,,,,,,,,,,,,,,,,,,,,,,,,,,,,,,,,,,,,,,,,,,,,,,,,,,,,,,,,,,,,,,,,,,,,,,,,,,,,,,,,,,,,,,,,,,,,,,,,,,,,,,
18_04,18,04,m,15,09/02/21,12/09/22,w,n,11.56,11.58,81.3,80.8,35.5,.,35.5,.,w,1302675,1302676,2,r,2,r,2,r,18,bu,,,,,,,,,,,,,,,,,,72,y,.,.,.,.,p,.,.,.,.,.,.,.,.,.,.,,,,,,,,,,,,,,,,,,,,,,,,,,,,,,,,,,,,,,,,,,,,,,,,,,,,,,,,,,,,,,,,,,,,,,,,
18_04,18,04,m,15,09/02/21,12/09/22,w,n,11.56,11.58,81.3,80.8,35.5,.,35.5,.,w,1302676,1303356,2,r,2,r,2,r,18,bu,,,,,,,,,,,,,,,,,,,,,,,,,,,,,,,,,,,,,,,,,,,,,,,,,,,,,,,,,,,,,,,,,,,,,,,,,,,,,,,,,,,,,,,,,,,,,,,,,,,,,,,,,,
18_04,18,04,m,15,09/02/21,12/09/22,w,n,11.56,11.58,81.3,80.8,35.5,.,35.5,.,w,1303356,1303357,2,r,2,r,2,r,18,bu,,,,,,,,,,,,,,,,,,73,y,.,.,.,.,i,.,.,.,.,y,.,.,.,.,.,,,,,,,,,,,,,,,,,,,,,,,,,,,,,,,,,,,,,,,,,,,,,,,,,,,,,,,,,,,,,,,,,,,,,,,,
18_04,18,04,m,15,09/02/21,12/09/22,w,n,11.56,11.58,81.3,80.8,35.5,.,35.5,.,w,1303357,1305770,2,r,2,r,2,r,18,bu,,,,,,,,,,,,,,,,,,,,,,,,,,,,,,,,,,,,,,,,,,,,,,,,,,,,,,,,,,,,,,,,,,,,,,,,,,,,,,,,,,,,,,,,,,,,,,,,,,,,,,,,,,
18_04,18,04,m,15,09/02/21,12/09/22,w,n,11.56,11.58,81.3,80.8,35.5,.,35.5,.,w,1305770,1305771,2,r,2,r,2,r,18,bu,,,,,,,,,,,,,,,,,,74,y,.,.,.,.,p,.,.,.,.,.,.,.,.,.,.,,,,,,,,,,,,,,,,,,,,,,,,,,,,,,,,,,,,,,,,,,,,,,,,,,,,,,,,,,,,,,,,,,,,,,,,
18_04,18,04,m,15,09/02/21,12/09/22,w,n,11.56,11.58,81.3,80.8,35.5,.,35.5,.,w,1305771,1306382,2,r,2,r,2,r,18,bu,,,,,,,,,,,,,,,,,,,,,,,,,,,,,,,,,,,,,,,,,,,,,,,,,,,,,,,,,,,,,,,,,,,,,,,,,,,,,,,,,,,,,,,,,,,,,,,,,,,,,,,,,,
18_04,18,04,m,15,09/02/21,12/09/22,w,n,11.56,11.58,81.3,80.8,35.5,.,35.5,.,w,1306382,1306383,2,r,2,r,2,r,18,bu,,,,,,,,,,,,,,,,,,75,y,.,.,.,.,i,.,.,.,.,y,.,.,.,.,.,,,,,,,,,,,,,,,,,,,,,,,,,,,,,,,,,,,,,,,,,,,,,,,,,,,,,,,,,,,,,,,,,,,,,,,,
18_04,18,04,m,15,09/02/21,12/09/22,w,n,11.56,11.58,81.3,80.8,35.5,.,35.5,.,w,1306383,1309884,2,r,2,r,2,r,18,bu,,,,,,,,,,,,,,,,,,,,,,,,,,,,,,,,,,,,,,,,,,,,,,,,,,,,,,,,,,,,,,,,,,,,,,,,,,,,,,,,,,,,,,,,,,,,,,,,,,,,,,,,,,
18_04,18,04,m,15,09/02/21,12/09/22,w,n,11.56,11.58,81.3,80.8,35.5,.,35.5,.,w,1309884,1309885,2,r,2,r,2,r,18,bu,,,,,,,,,,,,,,,,,,76,y,.,.,.,.,p,.,.,.,.,.,.,.,.,.,.,,,,,,,,,,,,,,,,,,,,,,,,,,,,,,,,,,,,,,,,,,,,,,,,,,,,,,,,,,,,,,,,,,,,,,,,
18_04,18,04,m,15,09/02/21,12/09/22,w,n,11.56,11.58,81.3,80.8,35.5,.,35.5,.,w,1309885,1310869,2,r,2,r,2,r,18,bu,,,,,,,,,,,,,,,,,,,,,,,,,,,,,,,,,,,,,,,,,,,,,,,,,,,,,,,,,,,,,,,,,,,,,,,,,,,,,,,,,,,,,,,,,,,,,,,,,,,,,,,,,,
18_04,18,04,m,15,09/02/21,12/09/22,w,n,11.56,11.58,81.3,80.8,35.5,.,35.5,.,w,1310869,1310870,2,r,2,r,2,r,18,bu,,,,,,,,,,,,,,,,,,77,y,.,.,.,.,i,.,.,.,.,y,.,.,.,.,.,,,,,,,,,,,,,,,,,,,,,,,,,,,,,,,,,,,,,,,,,,,,,,,,,,,,,,,,,,,,,,,,,,,,,,,,
18_04,18,04,m,15,09/02/21,12/09/22,w,n,11.56,11.58,81.3,80.8,35.5,.,35.5,.,w,1310870,1318078,2,r,2,r,2,r,18,bu,,,,,,,,,,,,,,,,,,,,,,,,,,,,,,,,,,,,,,,,,,,,,,,,,,,,,,,,,,,,,,,,,,,,,,,,,,,,,,,,,,,,,,,,,,,,,,,,,,,,,,,,,,
18_04,18,04,m,15,09/02/21,12/09/22,w,n,11.56,11.58,81.3,80.8,35.5,.,35.5,.,w,1318078,1318079,2,r,2,r,2,r,18,bu,,,,,,,,,,,,,,,,,,,,,,,,,,,,,,,,,,,3,b,,,,,,,,,,,,,,,,,,112,y,.,.,.,.,p,.,.,.,.,.,.,.,.,.,.,,,,,,,,,,,,,,,,,,,,,,,,,,,,,,,,,,,,
18_04,18,04,m,15,09/02/21,12/09/22,w,n,11.56,11.58,81.3,80.8,35.5,.,35.5,.,w,1318079,1322736,2,r,2,r,2,r,18,bu,,,,,,,,,,,,,,,,,,,,,,,,,,,,,,,,,,,3,b,,,,,,,,,,,,,,,,,,,,,,,,,,,,,,,,,,,,,,,,,,,,,,,,,,,,,,,,,,,,,,,,,,,,,,
18_04,18,04,m,15,09/02/21,12/09/22,w,n,11.56,11.58,81.3,80.8,35.5,.,35.5,.,w,1322736,1324301,2,r,2,r,2,r,18,bu,78,y,.,.,.,.,s,.,.,.,.,.,.,.,.,.,.,,,,,,,,,,,,,,,,,,3,b,,,,,,,,,,,,,,,,,,,,,,,,,,,,,,,,,,,,,,,,,,,,,,,,,,,,,,,,,,,,,,,,,,,,,,
18_04,18,04,m,15,09/02/21,12/09/22,w,n,11.56,11.58,81.3,80.8,35.5,.,35.5,.,w,1324301,1325932,2,r,2,r,2,r,18,bu,,,,,,,,,,,,,,,,,,,,,,,,,,,,,,,,,,,3,b,,,,,,,,,,,,,,,,,,,,,,,,,,,,,,,,,,,,,,,,,,,,,,,,,,,,,,,,,,,,,,,,,,,,,,
18_04,18,04,m,15,09/02/21,12/09/22,w,n,11.56,11.58,81.3,80.8,35.5,.,35.5,.,w,1325932,1325933,2,r,2,r,2,r,18,bu,,,,,,,,,,,,,,,,,,79,y,.,.,.,.,s,.,.,.,.,.,.,.,.,.,.,3,b,,,,,,,,,,,,,,,,,,,,,,,,,,,,,,,,,,,,,,,,,,,,,,,,,,,,,,,,,,,,,,,,,,,,,,
18_04,18,04,m,15,09/02/21,12/09/22,w,n,11.56,11.58,81.3,80.8,35.5,.,35.5,.,w,1325933,1327156,2,r,2,r,2,r,18,bu,,,,,,,,,,,,,,,,,,,,,,,,,,,,,,,,,,,3,b,,,,,,,,,,,,,,,,,,,,,,,,,,,,,,,,,,,,,,,,,,,,,,,,,,,,,,,,,,,,,,,,,,,,,,
18_04,18,04,m,15,09/02/21,12/09/22,w,n,11.56,11.58,81.3,80.8,35.5,.,35.5,.,w,1327156,1327157,2,r,2,r,2,r,18,bu,,,,,,,,,,,,,,,,,,80,y,.,.,.,.,o,.,.,.,y,.,.,.,.,.,.,3,b,,,,,,,,,,,,,,,,,,,,,,,,,,,,,,,,,,,,,,,,,,,,,,,,,,,,,,,,,,,,,,,,,,,,,,
18_04,18,04,m,15,09/02/21,12/09/22,w,n,11.56,11.58,81.3,80.8,35.5,.,35.5,.,w,1327157,1328244,2,r,2,r,2,r,18,bu,,,,,,,,,,,,,,,,,,,,,,,,,,,,,,,,,,,3,b,,,,,,,,,,,,,,,,,,,,,,,,,,,,,,,,,,,,,,,,,,,,,,,,,,,,,,,,,,,,,,,,,,,,,,
18_04,18,04,m,15,09/02/21,12/09/22,w,n,11.56,11.58,81.3,80.8,35.5,.,35.5,.,w,1328244,1328245,2,r,2,r,2,r,18,bu,,,,,,,,,,,,,,,,,,81,y,.,.,.,.,d,.,.,.,.,.,.,.,.,.,.,3,b,,,,,,,,,,,,,,,,,,,,,,,,,,,,,,,,,,,,,,,,,,,,,,,,,,,,,,,,,,,,,,,,,,,,,,
18_04,18,04,m,15,09/02/21,12/09/22,w,n,11.56,11.58,81.3,80.8,35.5,.,35.5,.,w,1328245,1331542,2,r,2,r,2,r,18,bu,,,,,,,,,,,,,,,,,,,,,,,,,,,,,,,,,,,3,b,,,,,,,,,,,,,,,,,,,,,,,,,,,,,,,,,,,,,,,,,,,,,,,,,,,,,,,,,,,,,,,,,,,,,,
18_04,18,04,m,15,09/02/21,12/09/22,w,n,11.56,11.58,81.3,80.8,35.5,.,35.5,.,w,1331542,1331543,2,r,2,r,2,r,18,bu,,,,,,,,,,,,,,,,,,82,y,.,.,.,.,o,.,.,.,y,.,.,.,.,.,.,3,b,,,,,,,,,,,,,,,,,,,,,,,,,,,,,,,,,,,,,,,,,,,,,,,,,,,,,,,,,,,,,,,,,,,,,,
18_04,18,04,m,15,09/02/21,12/09/22,w,n,11.56,11.58,81.3,80.8,35.5,.,35.5,.,w,1331543,1332630,2,r,2,r,2,r,18,bu,,,,,,,,,,,,,,,,,,,,,,,,,,,,,,,,,,,3,b,,,,,,,,,,,,,,,,,,,,,,,,,,,,,,,,,,,,,,,,,,,,,,,,,,,,,,,,,,,,,,,,,,,,,,
18_04,18,04,m,15,09/02/21,12/09/22,w,n,11.56,11.58,81.3,80.8,35.5,.,35.5,.,w,1332630,1332631,2,r,2,r,2,r,18,bu,,,,,,,,,,,,,,,,,,83,y,.,.,.,.,i,.,.,.,.,y,.,.,.,.,.,3,b,,,,,,,,,,,,,,,,,,,,,,,,,,,,,,,,,,,,,,,,,,,,,,,,,,,,,,,,,,,,,,,,,,,,,,
18_04,18,04,m,15,09/02/21,12/09/22,w,n,11.56,11.58,81.3,80.8,35.5,.,35.5,.,w,1332631,1336642,2,r,2,r,2,r,18,bu,,,,,,,,,,,,,,,,,,,,,,,,,,,,,,,,,,,3,b,,,,,,,,,,,,,,,,,,,,,,,,,,,,,,,,,,,,,,,,,,,,,,,,,,,,,,,,,,,,,,,,,,,,,,
18_04,18,04,m,15,09/02/21,12/09/22,w,n,11.56,11.58,81.3,80.8,35.5,.,35.5,.,w,1336642,1336643,2,r,2,r,2,r,18,bu,,,,,,,,,,,,,,,,,,84,y,.,.,.,.,p,.,.,.,.,.,.,.,.,.,.,3,b,,,,,,,,,,,,,,,,,,,,,,,,,,,,,,,,,,,,,,,,,,,,,,,,,,,,,,,,,,,,,,,,,,,,,,
18_04,18,04,m,15,09/02/21,12/09/22,w,n,11.56,11.58,81.3,80.8,35.5,.,35.5,.,w,1336643,1338206,2,r,2,r,2,r,18,bu,,,,,,,,,,,,,,,,,,,,,,,,,,,,,,,,,,,3,b,,,,,,,,,,,,,,,,,,,,,,,,,,,,,,,,,,,,,,,,,,,,,,,,,,,,,,,,,,,,,,,,,,,,,,
18_04,18,04,m,15,09/02/21,12/09/22,w,n,11.56,11.58,81.3,80.8,35.5,.,35.5,.,w,1338206,1338207,2,r,2,r,2,r,18,bu,,,,,,,,,,,,,,,,,,85,y,.,.,.,.,d,.,.,.,.,.,.,.,.,.,.,3,b,,,,,,,,,,,,,,,,,,,,,,,,,,,,,,,,,,,,,,,,,,,,,,,,,,,,,,,,,,,,,,,,,,,,,,
18_04,18,04,m,15,09/02/21,12/09/22,w,n,11.56,11.58,81.3,80.8,35.5,.,35.5,.,w,1338207,1342218,2,r,2,r,2,r,,,,,,,,,,,,,,,,,,,,,,,,,,,,,,,,,,,,,3,b,,,,,,,,,,,,,,,,,,,,,,,,,,,,,,,,,,,,,,,,,,,,,,,,,,,,,,,,,,,,,,,,,,,,,,
18_04,18,04,m,15,09/02/21,12/09/22,w,n,11.56,11.58,81.3,80.8,35.5,.,35.5,.,w,1342218,1342219,2,r,2,r,2,r,19,bu,,,,,,,,,,,,,,,,,,86,y,.,.,.,.,p,.,.,.,.,.,.,.,.,.,.,3,b,,,,,,,,,,,,,,,,,,,,,,,,,,,,,,,,,,,,,,,,,,,,,,,,,,,,,,,,,,,,,,,,,,,,,,
18_04,18,04,m,15,09/02/21,12/09/22,w,n,11.56,11.58,81.3,80.8,35.5,.,35.5,.,w,1342219,1345516,2,r,2,r,2,r,19,bu,87,y,.,.,.,.,s,.,.,.,.,.,.,.,.,.,.,,,,,,,,,,,,,,,,,,3,b,,,,,,,,,,,,,,,,,,,,,,,,,,,,,,,,,,,,,,,,,,,,,,,,,,,,,,,,,,,,,,,,,,,,,,
18_04,18,04,m,15,09/02/21,12/09/22,w,n,11.56,11.58,81.3,80.8,35.5,.,35.5,.,w,1345516,1345517,2,r,2,r,2,r,19,bu,,,,,,,,,,,,,,,,,,88,y,.,.,.,.,d,.,.,.,.,.,.,.,.,.,.,3,b,,,,,,,,,,,,,,,,,,,,,,,,,,,,,,,,,,,,,,,,,,,,,,,,,,,,,,,,,,,,,,,,,,,,,,
18_04,18,04,m,15,09/02/21,12/09/22,w,n,11.56,11.58,81.3,80.8,35.5,.,35.5,.,w,1345517,1350853,2,r,2,r,2,r,19,bu,,,,,,,,,,,,,,,,,,,,,,,,,,,,,,,,,,,3,b,,,,,,,,,,,,,,,,,,,,,,,,,,,,,,,,,,,,,,,,,,,,,,,,,,,,,,,,,,,,,,,,,,,,,,
18_04,18,04,m,15,09/02/21,12/09/22,w,n,11.56,11.58,81.3,80.8,35.5,.,35.5,.,w,1350853,1350854,2,r,2,r,2,r,19,bu,,,,,,,,,,,,,,,,,,89,y,.,.,.,.,o,.,.,.,y,.,.,.,.,.,.,3,b,,,,,,,,,,,,,,,,,,,,,,,,,,,,,,,,,,,,,,,,,,,,,,,,,,,,,,,,,,,,,,,,,,,,,,
18_04,18,04,m,15,09/02/21,12/09/22,w,n,11.56,11.58,81.3,80.8,35.5,.,35.5,.,w,1350854,1351397,2,r,2,r,2,r,19,bu,,,,,,,,,,,,,,,,,,,,,,,,,,,,,,,,,,,3,b,,,,,,,,,,,,,,,,,,,,,,,,,,,,,,,,,,,,,,,,,,,,,,,,,,,,,,,,,,,,,,,,,,,,,,
18_04,18,04,m,15,09/02/21,12/09/22,w,n,11.56,11.58,81.3,80.8,35.5,.,35.5,.,w,1351397,1351398,2,r,2,r,2,r,19,bu,,,,,,,,,,,,,,,,,,90,y,.,.,.,.,th,.,.,.,.,.,.,.,.,.,.,3,b,,,,,,,,,,,,,,,,,,,,,,,,,,,,,,,,,,,,,,,,,,,,,,,,,,,,,,,,,,,,,,,,,,,,,,
18_04,18,04,m,15,09/02/21,12/09/22,w,n,11.56,11.58,81.3,80.8,35.5,.,35.5,.,w,1351398,1355647,2,r,2,r,2,r,19,bu,,,,,,,,,,,,,,,,,,,,,,,,,,,,,,,,,,,3,b,,,,,,,,,,,,,,,,,,,,,,,,,,,,,,,,,,,,,,,,,,,,,,,,,,,,,,,,,,,,,,,,,,,,,,
18_04,18,04,m,15,09/02/21,12/09/22,w,n,11.56,11.58,81.3,80.8,35.5,.,35.5,.,w,1355647,1355648,2,r,2,r,2,r,19,bu,,,,,,,,,,,,,,,,,,91,y,.,.,.,.,o,.,.,.,y,.,.,.,.,.,.,3,b,,,,,,,,,,,,,,,,,,,,,,,,,,,,,,,,,,,,,,,,,,,,,,,,,,,,,,,,,,,,,,,,,,,,,,
18_04,18,04,m,15,09/02/21,12/09/22,w,n,11.56,11.58,81.3,80.8,35.5,.,35.5,.,w,1355648,1356634,2,r,2,r,2,r,19,bu,,,,,,,,,,,,,,,,,,,,,,,,,,,,,,,,,,,3,b,,,,,,,,,,,,,,,,,,,,,,,,,,,,,,,,,,,,,,,,,,,,,,,,,,,,,,,,,,,,,,,,,,,,,,
18_04,18,04,m,15,09/02/21,12/09/22,w,n,11.56,11.58,81.3,80.8,35.5,.,35.5,.,w,1356634,1356635,2,r,2,r,2,r,19,bu,,,,,,,,,,,,,,,,,,92,y,.,.,.,.,i,.,.,.,.,y,.,.,.,.,.,3,b,,,,,,,,,,,,,,,,,,,,,,,,,,,,,,,,,,,,,,,,,,,,,,,,,,,,,,,,,,,,,,,,,,,,,,
18_04,18,04,m,15,09/02/21,12/09/22,w,n,11.56,11.58,81.3,80.8,35.5,.,35.5,.,w,1356635,1358640,2,r,2,r,2,r,19,bu,,,,,,,,,,,,,,,,,,,,,,,,,,,,,,,,,,,3,b,,,,,,,,,,,,,,,,,,,,,,,,,,,,,,,,,,,,,,,,,,,,,,,,,,,,,,,,,,,,,,,,,,,,,,
18_04,18,04,m,15,09/02/21,12/09/22,w,n,11.56,11.58,81.3,80.8,35.5,.,35.5,.,w,1358640,1358641,2,r,2,r,2,r,19,bu,94,y,.,.,.,.,s,.,.,.,.,.,.,.,.,.,.,93,y,.,.,.,.,p,.,.,.,.,.,.,.,.,.,.,3,b,,,,,,,,,,,,,,,,,,,,,,,,,,,,,,,,,,,,,,,,,,,,,,,,,,,,,,,,,,,,,,,,,,,,,,
18_04,18,04,m,15,09/02/21,12/09/22,w,n,11.56,11.58,81.3,80.8,35.5,.,35.5,.,w,1358641,1373057,2,r,2,r,2,r,19,bu,94,y,.,.,.,.,s,.,.,.,.,.,.,.,.,.,.,,,,,,,,,,,,,,,,,,3,b,,,,,,,,,,,,,,,,,,,,,,,,,,,,,,,,,,,,,,,,,,,,,,,,,,,,,,,,,,,,,,,,,,,,,,
18_04,18,04,m,15,09/02/21,12/09/22,w,n,11.56,11.58,81.3,80.8,35.5,.,35.5,.,w,1373057,1385024,2,r,2,r,2,r,19,bu,,,,,,,,,,,,,,,,,,,,,,,,,,,,,,,,,,,3,b,,,,,,,,,,,,,,,,,,,,,,,,,,,,,,,,,,,,,,,,,,,,,,,,,,,,,,,,,,,,,,,,,,,,,,
18_04,18,04,m,15,09/02/21,12/09/22,w,n,11.56,11.58,81.3,80.8,35.5,.,35.5,.,w,1385024,1385025,2,r,2,r,2,r,19,bu,,,,,,,,,,,,,,,,,,95,y,.,.,.,.,d,.,.,.,.,.,.,.,.,.,.,3,b,,,,,,,,,,,,,,,,,,,,,,,,,,,,,,,,,,,,,,,,,,,,,,,,,,,,,,,,,,,,,,,,,,,,,,
18_04,18,04,m,15,09/02/21,12/09/22,w,n,11.56,11.58,81.3,80.8,35.5,.,35.5,.,w,1385025,1392640,2,r,2,r,2,r,,,,,,,,,,,,,,,,,,,,,,,,,,,,,,,,,,,,,3,b,,,,,,,,,,,,,,,,,,,,,,,,,,,,,,,,,,,,,,,,,,,,,,,,,,,,,,,,,,,,,,,,,,,,,,
18_04,18,04,m,15,09/02/21,12/09/22,w,n,11.56,11.58,81.3,80.8,35.5,.,35.5,.,w,1392640,1392777,2,r,2,r,2,r,20,pb,96,.,.,.,.,y,hi,.,.,.,.,.,.,.,.,.,.,,,,,,,,,,,,,,,,,,3,b,112,y,.,.,.,.,s,.,.,.,.,.,.,.,.,.,.,,,,,,,,,,,,,,,,,,,,,,,,,,,,,,,,,,,,,,,,,,,,,,,,,,,,,
18_04,18,04,m,15,09/02/21,12/09/22,w,n,11.56,11.58,81.3,80.8,35.5,.,35.5,.,w,1392777,1396006,2,r,2,r,2,r,20,pb,,,,,,,,,,,,,,,,,,,,,,,,,,,,,,,,,,,3,b,,,,,,,,,,,,,,,,,,,,,,,,,,,,,,,,,,,,,,,,,,,,,,,,,,,,,,,,,,,,,,,,,,,,,,
18_04,18,04,m,15,09/02/21,12/09/22,w,n,11.56,11.58,81.3,80.8,35.5,.,35.5,.,w,1396006,1396007,2,r,2,r,2,r,20,pb,,,,,,,,,,,,,,,,,,,,,,,,,,,,,,,,,,,3,b,,,,,,,,,,,,,,,,,,112,y,.,.,.,.,th,.,.,.,.,.,.,.,.,.,.,,,,,,,,,,,,,,,,,,,,,,,,,,,,,,,,,,,,
18_04,18,04,m,15,09/02/21,12/09/22,w,n,11.56,11.58,81.3,80.8,35.5,.,35.5,.,w,1396007,1396652,2,r,2,r,2,r,20,pb,,,,,,,,,,,,,,,,,,,,,,,,,,,,,,,,,,,,,,,,,,,,,,,,,,,,,,,,,,,,,,,,,,,,,,,,,,,,,,,,,,,,,,,,,,,,,,,,,,,,,,,,,,
18_04,18,04,m,15,09/02/21,12/09/22,w,n,11.56,11.58,81.3,80.8,35.5,.,35.5,.,w,1396652,1396653,2,r,2,r,2,r,20,pb,,,,,,,,,,,,,,,,,,97,y,.,.,.,.,p,.,.,.,.,.,.,.,.,.,.,,,,,,,,,,,,,,,,,,,,,,,,,,,,,,,,,,,,,,,,,,,,,,,,,,,,,,,,,,,,,,,,,,,,,,,,
18_04,18,04,m,15,09/02/21,12/09/22,w,n,11.56,11.58,81.3,80.8,35.5,.,35.5,.,w,1396653,1400120,2,r,2,r,2,r,20,pb,,,,,,,,,,,,,,,,,,,,,,,,,,,,,,,,,,,,,,,,,,,,,,,,,,,,,,,,,,,,,,,,,,,,,,,,,,,,,,,,,,,,,,,,,,,,,,,,,,,,,,,,,,
18_04,18,04,m,15,09/02/21,12/09/22,w,n,11.56,11.58,81.3,80.8,35.5,.,35.5,.,w,1400120,1400121,2,r,2,r,2,r,20,pb,,,,,,,,,,,,,,,,,,98,y,.,.,.,.,th,.,.,.,.,.,.,.,.,.,.,,,,,,,,,,,,,,,,,,,,,,,,,,,,,,,,,,,,,,,,,,,,,,,,,,,,,,,,,,,,,,,,,,,,,,,,
18_04,18,04,m,15,09/02/21,12/09/22,w,n,11.56,11.58,81.3,80.8,35.5,.,35.5,.,w,1400121,1407362,2,r,2,r,2,r,,,,,,,,,,,,,,,,,,,,,,,,,,,,,,,,,,,,,,,,,,,,,,,,,,,,,,,,,,,,,,,,,,,,,,,,,,,,,,,,,,,,,,,,,,,,,,,,,,,,,,,,,,,,
18_04,18,04,m,15,09/02/21,12/09/22,w,n,11.56,11.58,81.3,80.8,35.5,.,35.5,.,w,1407362,1407363,2,r,2,r,2,r,21,pb,,,,,,,,,,,,,,,,,,99,y,.,.,.,.,p,.,.,.,.,.,.,.,.,.,.,,,,,,,,,,,,,,,,,,,,,,,,,,,,,,,,,,,,,,,,,,,,,,,,,,,,,,,,,,,,,,,,,,,,,,,,
18_04,18,04,m,15,09/02/21,12/09/22,w,n,11.56,11.58,81.3,80.8,35.5,.,35.5,.,w,1407363,1409062,2,r,2,r,2,r,21,pb,,,,,,,,,,,,,,,,,,,,,,,,,,,,,,,,,,,,,,,,,,,,,,,,,,,,,,,,,,,,,,,,,,,,,,,,,,,,,,,,,,,,,,,,,,,,,,,,,,,,,,,,,,
18_04,18,04,m,15,09/02/21,12/09/22,w,n,11.56,11.58,81.3,80.8,35.5,.,35.5,.,w,1409062,1409063,2,r,2,r,2,r,21,pb,,,,,,,,,,,,,,,,,,100,y,.,.,.,.,th,.,.,.,.,.,.,.,.,.,.,,,,,,,,,,,,,,,,,,,,,,,,,,,,,,,,,,,,,,,,,,,,,,,,,,,,,,,,,,,,,,,,,,,,,,,,
18_04,18,04,m,15,09/02/21,12/09/22,w,n,11.56,11.58,81.3,80.8,35.5,.,35.5,.,w,1409063,1412394,2,r,2,r,2,r,,,,,,,,,,,,,,,,,,,,,,,,,,,,,,,,,,,,,,,,,,,,,,,,,,,,,,,,,,,,,,,,,,,,,,,,,,,,,,,,,,,,,,,,,,,,,,,,,,,,,,,,,,,,
18_04,18,04,m,15,09/02/21,12/09/22,w,n,11.56,11.58,81.3,80.8,35.5,.,35.5,.,w,1412394,1412395,2,r,2,r,2,r,22,pb,,,,,,,,,,,,,,,,,,101,y,.,.,.,.,p,.,.,.,.,.,.,.,.,.,.,,,,,,,,,,,,,,,,,,,,,,,,,,,,,,,,,,,,,,,,,,,,,,,,,,,,,,,,,,,,,,,,,,,,,,,,
18_04,18,04,m,15,09/02/21,12/09/22,w,n,11.56,11.58,81.3,80.8,35.5,.,35.5,.,w,1412395,1416780,2,r,2,r,2,r,22,pb,,,,,,,,,,,,,,,,,,,,,,,,,,,,,,,,,,,,,,,,,,,,,,,,,,,,,,,,,,,,,,,,,,,,,,,,,,,,,,,,,,,,,,,,,,,,,,,,,,,,,,,,,,
18_04,18,04,m,15,09/02/21,12/09/22,w,n,11.56,11.58,81.3,80.8,35.5,.,35.5,.,w,1416780,1416781,2,r,2,r,2,r,22,pb,,,,,,,,,,,,,,,,,,102,y,.,.,.,.,th,.,.,.,.,.,.,.,.,.,.,,,,,,,,,,,,,,,,,,,,,,,,,,,,,,,,,,,,,,,,,,,,,,,,,,,,,,,,,,,,,,,,,,,,,,,,
18_04,18,04,m,15,09/02/21,12/09/22,w,n,11.56,11.58,81.3,80.8,35.5,.,35.5,.,w,1416781,1423104,2,r,2,r,2,r,,,,,,,,,,,,,,,,,,,,,,,,,,,,,,,,,,,,,,,,,,,,,,,,,,,,,,,,,,,,,,,,,,,,,,,,,,,,,,,,,,,,,,,,,,,,,,,,,,,,,,,,,,,,
18_04,18,04,m,15,09/02/21,12/09/22,w,n,11.56,11.58,81.3,80.8,35.5,.,35.5,.,w,1423104,1423105,2,r,2,r,2,r,23,pb,,,,,,,,,,,,,,,,,,103,y,.,.,.,.,p,.,.,.,.,.,.,.,.,.,.,,,,,,,,,,,,,,,,,,,,,,,,,,,,,,,,,,,,,,,,,,,,,,,,,,,,,,,,,,,,,,,,,,,,,,,,
18_04,18,04,m,15,09/02/21,12/09/22,w,n,11.56,11.58,81.3,80.8,35.5,.,35.5,.,w,1423105,1424328,2,r,2,r,2,r,23,pb,,,,,,,,,,,,,,,,,,,,,,,,,,,,,,,,,,,,,,,,,,,,,,,,,,,,,,,,,,,,,,,,,,,,,,,,,,,,,,,,,,,,,,,,,,,,,,,,,,,,,,,,,,
18_04,18,04,m,15,09/02/21,12/09/22,w,n,11.56,11.58,81.3,80.8,35.5,.,35.5,.,w,1424328,1424329,2,r,2,r,2,r,23,pb,,,,,,,,,,,,,,,,,,104,y,.,.,.,.,th,.,.,.,.,.,.,.,.,.,.,,,,,,,,,,,,,,,,,,,,,,,,,,,,,,,,,,,,,,,,,,,,,,,,,,,,,,,,,,,,,,,,,,,,,,,,
18_04,18,04,m,15,09/02/21,12/09/22,w,n,11.56,11.58,81.3,80.8,35.5,.,35.5,.,w,1424329,1428204,2,r,2,r,2,r,,,,,,,,,,,,,,,,,,,,,,,,,,,,,,,,,,,,,,,,,,,,,,,,,,,,,,,,,,,,,,,,,,,,,,,,,,,,,,,,,,,,,,,,,,,,,,,,,,,,,,,,,,,,
18_04,18,04,m,15,09/02/21,12/09/22,w,n,11.56,11.58,81.3,80.8,35.5,.,35.5,.,w,1428204,1436261,2,r,2,r,2,r,24,f,105,y,.,.,.,.,t,.,.,.,.,.,.,.,.,.,.,,,,,,,,,,,,,,,,,,,,,,,,,,,,,,,,,,,,,,,,,,,,,,,,,,,,,,,,,,,,,,,,,,,,,,,,,,,,,,,,,,,,,,,,,
18_04,18,04,m,15,09/02/21,12/09/22,w,n,11.56,11.58,81.3,80.8,35.5,.,35.5,.,w,1436261,1436262,2,r,2,r,2,r,24,f,,,,,,,,,,,,,,,,,,106,y,.,.,.,.,p,.,.,.,.,.,.,.,.,.,.,,,,,,,,,,,,,,,,,,,,,,,,,,,,,,,,,,,,,,,,,,,,,,,,,,,,,,,,,,,,,,,,,,,,,,,,
18_04,18,04,m,15,09/02/21,12/09/22,w,n,11.56,11.58,81.3,80.8,35.5,.,35.5,.,w,1436262,1445034,2,r,2,r,2,r,24,f,,,,,,,,,,,,,,,,,,,,,,,,,,,,,,,,,,,,,,,,,,,,,,,,,,,,,,,,,,,,,,,,,,,,,,,,,,,,,,,,,,,,,,,,,,,,,,,,,,,,,,,,,,
18_04,18,04,m,15,09/02/21,12/09/22,w,n,11.56,11.58,81.3,80.8,35.5,.,35.5,.,w,1445034,1445035,2,r,2,r,2,r,24,f,,,,,,,,,,,,,,,,,,107,y,.,.,.,.,d,.,.,.,.,.,.,.,.,.,.,,,,,,,,,,,,,,,,,,,,,,,,,,,,,,,,,,,,,,,,,,,,,,,,,,,,,,,,,,,,,,,,,,,,,,,,
18_04,18,04,m,15,09/02/21,12/09/22,w,n,11.56,11.58,81.3,80.8,35.5,.,35.5,.,w,1445035,1456356,2,r,2,r,2,r,,,,,,,,,,,,,,,,,,,,,,,,,,,,,,,,,,,,,,,,,,,,,,,,,,,,,,,,,,,,,,,,,,,,,,,,,,,,,,,,,,,,,,,,,,,,,,,,,,,,,,,,,,,,
18_04,18,04,m,15,09/02/21,12/09/22,w,n,11.56,11.58,81.3,80.8,35.5,.,35.5,.,w,1456356,1464109,2,r,2,r,2,r,25,m,108,y,.,.,.,.,t,y,.,.,.,.,.,.,.,.,.,,,,,,,,,,,,,,,,,,,,,,,,,,,,,,,,,,,,,,,,,,,,,,,,,,,,,,,,,,,,,,,,,,,,,,,,,,,,,,,,,,,,,,,,,
18_04,18,04,m,15,09/02/21,12/09/22,w,n,11.56,11.58,81.3,80.8,35.5,.,35.5,.,w,1464109,1471588,2,r,2,r,2,r,,,,,,,,,,,,,,,,,,,,,,,,,,,,,,,,,,,,,,,,,,,,,,,,,,,,,,,,,,,,,,,,,,,,,,,,,,,,,,,,,,,,,,,,,,,,,,,,,,,,,,,,,,,,
18_04,18,04,m,15,09/02/21,12/09/22,w,n,11.56,11.58,81.3,80.8,35.5,.,35.5,.,w,1471588,1471589,2,r,2,r,2,r,26,r,,,,,,,,,,,,,,,,,,109,y,.,.,.,.,p,.,.,.,.,.,.,.,.,.,.,,,,,,,,,,,,,,,,,,,,,,,,,,,,,,,,,,,,,,,,,,,,,,,,,,,,,,,,,,,,,,,,,,,,,,,,
18_04,18,04,m,15,09/02/21,12/09/22,w,n,11.56,11.58,81.3,80.8,35.5,.,35.5,.,w,1471589,1478660,2,r,2,r,2,r,26,r,110,y,.,.,.,.,s,y,.,.,.,.,.,.,.,.,.,,,,,,,,,,,,,,,,,,,,,,,,,,,,,,,,,,,,,,,,,,,,,,,,,,,,,,,,,,,,,,,,,,,,,,,,,,,,,,,,,,,,,,,,,
18_04,18,04,m,15,09/02/21,12/09/22,w,n,11.56,11.58,81.3,80.8,35.5,.,35.5,.,w,1478660,1478661,2,r,2,r,2,r,26,r,,,,,,,,,,,,,,,,,,111,y,.,.,.,.,d,.,.,.,.,.,.,.,.,.,.,,,,,,,,,,,,,,,,,,,,,,,,,,,,,,,,,,,,,,,,,,,,,,,,,,,,,,,,,,,,,,,,,,,,,,,,
18_04,18,04,m,15,09/02/21,12/09/22,w,n,11.56,11.58,81.3,80.8,35.5,.,35.5,.,w,1478661,1486004,2,r,2,r,2,r,,,,,,,,,,,,,,,,,,,,,,,,,,,,,,,,,,,,,,,,,,,,,,,,,,,,,,,,,,,,,,,,,,,,,,,,,,,,,,,,,,,,,,,,,,,,,,,,,,,,,,,,,,,,
18_04,18,04,m,15,09/02/21,12/09/22,w,n,11.56,11.58,81.3,80.8,35.5,.,35.5,.,w,1486004,1486005,2,r,2,r,2,r,27,b,,,,,,,,,,,,,,,,,,112,y,.,.,.,.,p,.,.,.,.,.,.,.,.,.,.,,,,,,,,,,,,,,,,,,,,,,,,,,,,,,,,,,,,,,,,,,,,,,,,,,,,,,,,,,,,,,,,,,,,,,,,
18_04,18,04,m,15,09/02/21,12/09/22,w,n,11.56,11.58,81.3,80.8,35.5,.,35.5,.,w,1486005,1489608,2,r,2,r,2,r,27,b,,,,,,,,,,,,,,,,,,,,,,,,,,,,,,,,,,,,,,,,,,,,,,,,,,,,,,,,,,,,,,,,,,,,,,,,,,,,,,,,,,,,,,,,,,,,,,,,,,,,,,,,,,
18_04,18,04,m,15,09/02/21,12/09/22,w,n,11.56,11.58,81.3,80.8,35.5,.,35.5,.,w,1489608,1489609,2,r,2,r,2,r,27,b,,,,,,,,,,,,,,,,,,,,,,,,,,,,,,,,,,,4,y,,,,,,,,,,,,,,,,,,112,y,.,.,.,.,p,.,.,.,.,.,.,.,.,.,.,,,,,,,,,,,,,,,,,,,,,,,,,,,,,,,,,,,,
18_04,18,04,m,15,09/02/21,12/09/22,w,n,11.56,11.58,81.3,80.8,35.5,.,35.5,.,w,1489609,1501032,2,r,2,r,2,r,27,b,,,,,,,,,,,,,,,,,,,,,,,,,,,,,,,,,,,4,y,,,,,,,,,,,,,,,,,,,,,,,,,,,,,,,,,,,,,,,,,,,,,,,,,,,,,,,,,,,,,,,,,,,,,,
18_04,18,04,m,15,09/02/21,12/09/22,w,n,11.56,11.58,81.3,80.8,35.5,.,35.5,.,w,1501032,1501033,2,r,2,r,2,r,27,b,,,,,,,,,,,,,,,,,,,,,,,,,,,,,,,,,,,4,y,,,,,,,,,,,,,,,,,,112,y,.,.,.,.,d,.,.,.,.,.,.,.,.,.,.,,,,,,,,,,,,,,,,,,,,,,,,,,,,,,,,,,,,
18_04,18,04,m,15,09/02/21,12/09/22,w,n,11.56,11.58,81.3,80.8,35.5,.,35.5,.,w,1501033,1506370,2,r,2,r,2,r,27,b,,,,,,,,,,,,,,,,,,,,,,,,,,,,,,,,,,,4,y,112,y,.,.,.,.,t,.,.,.,.,.,.,.,.,.,.,,,,,,,,,,,,,,,,,,,,,,,,,,,,,,,,,,,,,,,,,,,,,,,,,,,,,
18_04,18,04,m,15,09/02/21,12/09/22,w,n,11.56,11.58,81.3,80.8,35.5,.,35.5,.,w,1506370,1506371,2,r,2,r,2,r,27,b,,,,,,,,,,,,,,,,,,,,,,,,,,,,,,,,,,,4,y,,,,,,,,,,,,,,,,,,112,y,.,.,.,.,d,.,.,.,.,.,.,.,.,.,.,,,,,,,,,,,,,,,,,,,,,,,,,,,,,,,,,,,,
18_04,18,04,m,15,09/02/21,12/09/22,w,n,11.56,11.58,81.3,80.8,35.5,.,35.5,.,w,1506371,1510688,2,r,2,r,2,r,27,b,,,,,,,,,,,,,,,,,,,,,,,,,,,,,,,,,,,,,,,,,,,,,,,,,,,,,,,,,,,,,,,,,,,,,,,,,,,,,,,,,,,,,,,,,,,,,,,,,,,,,,,,,,
18_04,18,04,m,15,09/02/21,12/09/22,w,n,11.56,11.58,81.3,80.8,35.5,.,35.5,.,w,1510688,1540234,2,r,2,r,2,r,27,b,,,,,,,,,,,,,,,,,,,,,,,,,,,,,,,,,,,5,s,112,y,.,.,.,.,pu,.,.,.,.,.,.,.,.,.,.,,,,,,,,,,,,,,,,,,,,,,,,,,,,,,,,,,,,,,,,,,,,,,,,,,,,,
18_04,18,04,m,15,09/02/21,12/09/22,w,n,11.56,11.58,81.3,80.8,35.5,.,35.5,.,w,1540234,1540235,,,,,,,27,b,,,,,,,,,,,,,,,,,,,,,,,,,,,,,,,,,,,5,s,112,y,.,.,.,.,pu,.,.,.,.,.,.,.,.,.,.,,,,,,,,,,,,,,,,,,,,,,,,,,,,,,,,,,,,,,,,,,,,,,,,,,,,,
18_04,18,04,m,15,09/02/21,12/09/22,w,n,11.56,11.58,81.3,80.8,35.5,.,35.5,.,w,1540235,1806250,,,,,,,,,,,,,,,,,,,,,,,,,,,,,,,,,,,,,,,,,,,,,,,,,,,,,,,,,,,,,,,,,,,,,,,,,,,,,,,,,,,,,,,,,,,,,,,,,,,,,,,,,,,,,,,,,,
18_04,18,04,m,15,09/02/21,12/09/22,w,n,11.56,11.58,81.3,80.8,35.5,.,35.5,.,w,1806250,2118320,3,b,,,,,,,,,,,,,,,,,,,,,,,,,,,,,,,,,,,,,,,,,,,,,,,,,,,,,,,,,,,,,,,,,,,,,,,,,,,,,,,,,,,,,,,,,,,,,,,,,,,,,,,,,,,,,,,,
18_04,18,04,m,15,09/02/21,12/09/22,w,n,11.56,11.58,81.3,80.8,35.5,.,35.5,.,w,2118320,2137036,,,,,,,,,,,,,,,,,,,,,,,,,,,,,,,,,,,,,,,,,,,,,,,,,,,,,,,,,,,,,,,,,,,,,,,,,,,,,,,,,,,,,,,,,,,,,,,,,,,,,,,,,,,,,,,,,,
18_04,18,04,m,15,09/02/21,12/09/22,w,n,11.56,11.58,81.3,80.8,35.5,.,35.5,.,w,2137036,2246584,4,g,,,,,,,,,,,,,,,,,,,,,,,,,,,,,,,,,,,,,,,,,,,,,,,,,,,,,,,,,,,,,,,,,,,,,,,,,,,,,,,,,,,,,,,,,,,,,,,,,,,,,,,,,,,,,,,,
18_04,18,04,m,15,09/02/21,12/09/22,w,n,11.56,11.58,81.3,80.8,35.5,.,35.5,.,w,2246584,2616878,,,,,,,,,,,,,,,,,,,,,,,,,,,,,,,,,,,,,,,,,,,,,,,,,,,,,,,,,,,,,,,,,,,,,,,,,,,,,,,,,,,,,,,,,,,,,,,,,,,,,,,,,,,,,,,,,,
18_04,18,04,m,15,09/02/21,12/09/22,w,n,11.56,11.58,81.3,80.8,35.5,.,35.5,.,w,2616878,2775148,5,m,,,,,,,,,,,,,,,,,,,,,,,,,,,,,,,,,,,,,,,,,,,,,,,,,,,,,,,,,,,,,,,,,,,,,,,,,,,,,,,,,,,,,,,,,,,,,,,,,,,,,,,,,,,,,,,,
19_07,19,07,f,14,03/21/22,05/22/23,m,r,9.86,9.87,74.9,75.1,33.2,.,33.2,.,w,608940,1231956,1,p,1,p,1,p,,,,,,,,,,,,,,,,,,,,,,,,,,,,,,,,,,,,,,,,,,,,,,,,,,,,,,,,,,,,,,,,,,,,,,,,,,,,,,,,,,,,,,,,,,,,,,,,,,,,,,,,,,,,
19_07,19,07,f,14,03/21/22,05/22/23,m,r,9.86,9.87,74.9,75.1,33.2,.,33.2,.,w,1231956,1340620,,,,,,,,,,,,,,,,,,,,,,,,,,,,,,,,,,,,,,,,,,,,,,,,,,,,,,,,,,,,,,,,,,,,,,,,,,,,,,,,,,,,,,,,,,,,,,,,,,,,,,,,,,,,,,,,,,
19_07,19,07,f,14,03/21/22,05/22/23,m,r,9.86,9.87,74.9,75.1,33.2,.,33.2,.,w,1340620,1343476,2,r,2,r,2,r,,,,,,,,,,,,,,,,,,,,,,,,,,,,,,,,,,,,,,,,,,,,,,,,,,,,,,,,,,,,,,,,,,,,,,,,,,,,,,,,,,,,,,,,,,,,,,,,,,,,,,,,,,,,
19_07,19,07,f,14,03/21/22,05/22/23,m,r,9.86,9.87,74.9,75.1,33.2,.,33.2,.,w,1343476,1343987,2,r,2,r,2,r,1,r,1,y,.,.,.,.,pu,.,.,.,.,.,.,.,.,.,.,,,,,,,,,,,,,,,,,,,,,,,,,,,,,,,,,,,,,,,,,,,,,,,,,,,,,,,,,,,,,,,,,,,,,,,,,,,,,,,,,,,,,,,,,
19_07,19,07,f,14,03/21/22,05/22/23,m,r,9.86,9.87,74.9,75.1,33.2,.,33.2,.,w,1343987,1363264,2,r,2,r,2,r,,,,,,,,,,,,,,,,,,,,,,,,,,,,,,,,,,,,,,,,,,,,,,,,,,,,,,,,,,,,,,,,,,,,,,,,,,,,,,,,,,,,,,,,,,,,,,,,,,,,,,,,,,,,
19_07,19,07,f,14,03/21/22,05/22/23,m,r,9.86,9.87,74.9,75.1,33.2,.,33.2,.,w,1363264,1363265,2,r,2,r,2,r,2,bu,,,,,,,,,,,,,,,,,,2,y,.,.,.,.,p,.,.,.,.,.,.,.,.,.,.,,,,,,,,,,,,,,,,,,,,,,,,,,,,,,,,,,,,,,,,,,,,,,,,,,,,,,,,,,,,,,,,,,,,,,,,
19_07,19,07,f,14,03/21/22,05/22/23,m,r,9.86,9.87,74.9,75.1,33.2,.,33.2,.,w,1363265,1375912,2,r,2,r,2,r,2,bu,,,,,,,,,,,,,,,,,,,,,,,,,,,,,,,,,,,,,,,,,,,,,,,,,,,,,,,,,,,,,,,,,,,,,,,,,,,,,,,,,,,,,,,,,,,,,,,,,,,,,,,,,,
19_07,19,07,f,14,03/21/22,05/22/23,m,r,9.86,9.87,74.9,75.1,33.2,.,33.2,.,w,1375912,1375913,2,r,2,r,2,r,2,bu,,,,,,,,,,,,,,,,,,3,y,.,.,.,.,o,.,.,.,y,.,.,.,.,.,.,,,,,,,,,,,,,,,,,,,,,,,,,,,,,,,,,,,,,,,,,,,,,,,,,,,,,,,,,,,,,,,,,,,,,,,,
19_07,19,07,f,14,03/21/22,05/22/23,m,r,9.86,9.87,74.9,75.1,33.2,.,33.2,.,w,1375913,1376524,2,r,2,r,2,r,2,bu,,,,,,,,,,,,,,,,,,,,,,,,,,,,,,,,,,,,,,,,,,,,,,,,,,,,,,,,,,,,,,,,,,,,,,,,,,,,,,,,,,,,,,,,,,,,,,,,,,,,,,,,,,
19_07,19,07,f,14,03/21/22,05/22/23,m,r,9.86,9.87,74.9,75.1,33.2,.,33.2,.,w,1376524,1377069,2,r,2,r,2,r,2,bu,4,y,y,.,.,.,m,.,.,.,.,.,.,.,.,.,.,,,,,,,,,,,,,,,,,,,,,,,,,,,,,,,,,,,,,,,,,,,,,,,,,,,,,,,,,,,,,,,,,,,,,,,,,,,,,,,,,,,,,,,,,
19_07,19,07,f,14,03/21/22,05/22/23,m,r,9.86,9.87,74.9,75.1,33.2,.,33.2,.,w,1377069,1377986,2,r,2,r,2,r,2,bu,,,,,,,,,,,,,,,,,,,,,,,,,,,,,,,,,,,,,,,,,,,,,,,,,,,,,,,,,,,,,,,,,,,,,,,,,,,,,,,,,,,,,,,,,,,,,,,,,,,,,,,,,,
19_07,19,07,f,14,03/21/22,05/22/23,m,r,9.86,9.87,74.9,75.1,33.2,.,33.2,.,w,1377986,1377987,2,r,2,r,2,r,2,bu,,,,,,,,,,,,,,,,,,5,y,.,.,.,.,p,.,.,.,.,.,.,.,.,.,.,,,,,,,,,,,,,,,,,,,,,,,,,,,,,,,,,,,,,,,,,,,,,,,,,,,,,,,,,,,,,,,,,,,,,,,,
19_07,19,07,f,14,03/21/22,05/22/23,m,r,9.86,9.87,74.9,75.1,33.2,.,33.2,.,w,1377987,1379108,2,r,2,r,2,r,2,bu,,,,,,,,,,,,,,,,,,,,,,,,,,,,,,,,,,,,,,,,,,,,,,,,,,,,,,,,,,,,,,,,,,,,,,,,,,,,,,,,,,,,,,,,,,,,,,,,,,,,,,,,,,
19_07,19,07,f,14,03/21/22,05/22/23,m,r,9.86,9.87,74.9,75.1,33.2,.,33.2,.,w,1379108,1379109,2,r,2,r,2,r,2,bu,,,,,,,,,,,,,,,,,,6,y,.,.,.,.,p,.,.,.,.,.,.,.,.,.,.,,,,,,,,,,,,,,,,,,,,,,,,,,,,,,,,,,,,,,,,,,,,,,,,,,,,,,,,,,,,,,,,,,,,,,,,
19_07,19,07,f,14,03/21/22,05/22/23,m,r,9.86,9.87,74.9,75.1,33.2,.,33.2,.,w,1379109,1379244,2,r,2,r,2,r,2,bu,,,,,,,,,,,,,,,,,,,,,,,,,,,,,,,,,,,,,,,,,,,,,,,,,,,,,,,,,,,,,,,,,,,,,,,,,,,,,,,,,,,,,,,,,,,,,,,,,,,,,,,,,,
19_07,19,07,f,14,03/21/22,05/22/23,m,r,9.86,9.87,74.9,75.1,33.2,.,33.2,.,w,1379244,1379245,2,r,2,r,2,r,2,bu,,,,,,,,,,,,,,,,,,7,y,.,.,.,.,th,.,.,.,.,.,.,.,.,.,.,,,,,,,,,,,,,,,,,,,,,,,,,,,,,,,,,,,,,,,,,,,,,,,,,,,,,,,,,,,,,,,,,,,,,,,,
19_07,19,07,f,14,03/21/22,05/22/23,m,r,9.86,9.87,74.9,75.1,33.2,.,33.2,.,w,1379245,1386723,2,r,2,r,2,r,2,bu,,,,,,,,,,,,,,,,,,,,,,,,,,,,,,,,,,,,,,,,,,,,,,,,,,,,,,,,,,,,,,,,,,,,,,,,,,,,,,,,,,,,,,,,,,,,,,,,,,,,,,,,,,
19_07,19,07,f,14,03/21/22,05/22/23,m,r,9.86,9.87,74.9,75.1,33.2,.,33.2,.,w,1386723,1386724,2,r,2,r,2,r,2,bu,,,,,,,,,,,,,,,,,,8,y,.,.,.,.,p,.,.,.,.,.,.,.,.,.,.,,,,,,,,,,,,,,,,,,,,,,,,,,,,,,,,,,,,,,,,,,,,,,,,,,,,,,,,,,,,,,,,,,,,,,,,
19_07,19,07,f,14,03/21/22,05/22/23,m,r,9.86,9.87,74.9,75.1,33.2,.,33.2,.,w,1386724,1390634,2,r,2,r,2,r,2,bu,,,,,,,,,,,,,,,,,,,,,,,,,,,,,,,,,,,,,,,,,,,,,,,,,,,,,,,,,,,,,,,,,,,,,,,,,,,,,,,,,,,,,,,,,,,,,,,,,,,,,,,,,,
19_07,19,07,f,14,03/21/22,05/22/23,m,r,9.86,9.87,74.9,75.1,33.2,.,33.2,.,w,1390634,1390635,2,r,2,r,2,r,2,bu,,,,,,,,,,,,,,,,,,9,y,.,.,.,.,d,.,.,.,.,.,.,.,.,.,.,,,,,,,,,,,,,,,,,,,,,,,,,,,,,,,,,,,,,,,,,,,,,,,,,,,,,,,,,,,,,,,,,,,,,,,,
19_07,19,07,f,14,03/21/22,05/22/23,m,r,9.86,9.87,74.9,75.1,33.2,.,33.2,.,w,1390635,1397264,2,r,2,r,2,r,,,,,,,,,,,,,,,,,,,,,,,,,,,,,,,,,,,,,,,,,,,,,,,,,,,,,,,,,,,,,,,,,,,,,,,,,,,,,,,,,,,,,,,,,,,,,,,,,,,,,,,,,,,,
19_07,19,07,f,14,03/21/22,05/22/23,m,r,9.86,9.87,74.9,75.1,33.2,.,33.2,.,w,1397264,1397265,2,r,2,r,2,r,3,bu,,,,,,,,,,,,,,,,,,10,y,.,.,.,.,p,.,.,.,.,.,.,.,.,.,.,,,,,,,,,,,,,,,,,,,,,,,,,,,,,,,,,,,,,,,,,,,,,,,,,,,,,,,,,,,,,,,,,,,,,,,,
19_07,19,07,f,14,03/21/22,05/22/23,m,r,9.86,9.87,74.9,75.1,33.2,.,33.2,.,w,1397265,1404812,2,r,2,r,2,r,3,bu,,,,,,,,,,,,,,,,,,,,,,,,,,,,,,,,,,,,,,,,,,,,,,,,,,,,,,,,,,,,,,,,,,,,,,,,,,,,,,,,,,,,,,,,,,,,,,,,,,,,,,,,,,
19_07,19,07,f,14,03/21/22,05/22/23,m,r,9.86,9.87,74.9,75.1,33.2,.,33.2,.,w,1404812,1404813,2,r,2,r,2,r,3,bu,,,,,,,,,,,,,,,,,,11,y,.,.,.,.,i,.,.,.,.,y,.,.,.,.,.,,,,,,,,,,,,,,,,,,,,,,,,,,,,,,,,,,,,,,,,,,,,,,,,,,,,,,,,,,,,,,,,,,,,,,,,
19_07,19,07,f,14,03/21/22,05/22/23,m,r,9.86,9.87,74.9,75.1,33.2,.,33.2,.,w,1404813,1406988,2,r,2,r,2,r,3,bu,,,,,,,,,,,,,,,,,,,,,,,,,,,,,,,,,,,,,,,,,,,,,,,,,,,,,,,,,,,,,,,,,,,,,,,,,,,,,,,,,,,,,,,,,,,,,,,,,,,,,,,,,,
19_07,19,07,f,14,03/21/22,05/22/23,m,r,9.86,9.87,74.9,75.1,33.2,.,33.2,.,w,1406988,1406989,2,r,2,r,2,r,3,bu,,,,,,,,,,,,,,,,,,12,y,.,.,.,.,p,.,.,.,.,.,.,.,.,.,.,,,,,,,,,,,,,,,,,,,,,,,,,,,,,,,,,,,,,,,,,,,,,,,,,,,,,,,,,,,,,,,,,,,,,,,,
19_07,19,07,f,14,03/21/22,05/22/23,m,r,9.86,9.87,74.9,75.1,33.2,.,33.2,.,w,1406989,1411816,2,r,2,r,2,r,3,bu,,,,,,,,,,,,,,,,,,,,,,,,,,,,,,,,,,,,,,,,,,,,,,,,,,,,,,,,,,,,,,,,,,,,,,,,,,,,,,,,,,,,,,,,,,,,,,,,,,,,,,,,,,
19_07,19,07,f,14,03/21/22,05/22/23,m,r,9.86,9.87,74.9,75.1,33.2,.,33.2,.,w,1411816,1411817,2,r,2,r,2,r,3,bu,,,,,,,,,,,,,,,,,,13,y,.,.,.,.,p,.,.,.,.,.,.,.,.,.,.,,,,,,,,,,,,,,,,,,,,,,,,,,,,,,,,,,,,,,,,,,,,,,,,,,,,,,,,,,,,,,,,,,,,,,,,
19_07,19,07,f,14,03/21/22,05/22/23,m,r,9.86,9.87,74.9,75.1,33.2,.,33.2,.,w,1411817,1413788,2,r,2,r,2,r,3,bu,,,,,,,,,,,,,,,,,,,,,,,,,,,,,,,,,,,,,,,,,,,,,,,,,,,,,,,,,,,,,,,,,,,,,,,,,,,,,,,,,,,,,,,,,,,,,,,,,,,,,,,,,,
19_07,19,07,f,14,03/21/22,05/22/23,m,r,9.86,9.87,74.9,75.1,33.2,.,33.2,.,w,1413788,1413789,2,r,2,r,2,r,3,bu,,,,,,,,,,,,,,,,,,14,y,.,.,.,.,d,.,.,.,.,.,.,.,.,.,.,,,,,,,,,,,,,,,,,,,,,,,,,,,,,,,,,,,,,,,,,,,,,,,,,,,,,,,,,,,,,,,,,,,,,,,,
19_07,19,07,f,14,03/21/22,05/22/23,m,r,9.86,9.87,74.9,75.1,33.2,.,33.2,.,w,1413789,1419908,2,r,2,r,2,r,3,bu,,,,,,,,,,,,,,,,,,,,,,,,,,,,,,,,,,,,,,,,,,,,,,,,,,,,,,,,,,,,,,,,,,,,,,,,,,,,,,,,,,,,,,,,,,,,,,,,,,,,,,,,,,
19_07,19,07,f,14,03/21/22,05/22/23,m,r,9.86,9.87,74.9,75.1,33.2,.,33.2,.,w,1419908,1419909,2,r,2,r,2,r,3,bu,,,,,,,,,,,,,,,,,,15,y,.,.,.,.,o,.,.,.,y,.,.,.,.,.,.,,,,,,,,,,,,,,,,,,,,,,,,,,,,,,,,,,,,,,,,,,,,,,,,,,,,,,,,,,,,,,,,,,,,,,,,
19_07,19,07,f,14,03/21/22,05/22/23,m,r,9.86,9.87,74.9,75.1,33.2,.,33.2,.,w,1419909,1420384,2,r,2,r,2,r,3,bu,,,,,,,,,,,,,,,,,,,,,,,,,,,,,,,,,,,,,,,,,,,,,,,,,,,,,,,,,,,,,,,,,,,,,,,,,,,,,,,,,,,,,,,,,,,,,,,,,,,,,,,,,,
19_07,19,07,f,14,03/21/22,05/22/23,m,r,9.86,9.87,74.9,75.1,33.2,.,33.2,.,w,1420384,1420385,2,r,2,r,2,r,3,bu,,,,,,,,,,,,,,,,,,16,y,.,.,.,.,th,.,.,.,.,.,.,.,.,.,.,,,,,,,,,,,,,,,,,,,,,,,,,,,,,,,,,,,,,,,,,,,,,,,,,,,,,,,,,,,,,,,,,,,,,,,,
19_07,19,07,f,14,03/21/22,05/22/23,m,r,9.86,9.87,74.9,75.1,33.2,.,33.2,.,w,1420385,1423138,2,r,2,r,2,r,3,bu,,,,,,,,,,,,,,,,,,,,,,,,,,,,,,,,,,,,,,,,,,,,,,,,,,,,,,,,,,,,,,,,,,,,,,,,,,,,,,,,,,,,,,,,,,,,,,,,,,,,,,,,,,
19_07,19,07,f,14,03/21/22,05/22/23,m,r,9.86,9.87,74.9,75.1,33.2,.,33.2,.,w,1423138,1423309,2,r,2,r,2,r,3,bu,17,y,.,.,.,.,pu,.,.,.,.,.,.,.,.,.,.,,,,,,,,,,,,,,,,,,,,,,,,,,,,,,,,,,,,,,,,,,,,,,,,,,,,,,,,,,,,,,,,,,,,,,,,,,,,,,,,,,,,,,,,,
19_07,19,07,f,14,03/21/22,05/22/23,m,r,9.86,9.87,74.9,75.1,33.2,.,33.2,.,w,1423309,1425959,2,r,2,r,2,r,3,bu,,,,,,,,,,,,,,,,,,,,,,,,,,,,,,,,,,,,,,,,,,,,,,,,,,,,,,,,,,,,,,,,,,,,,,,,,,,,,,,,,,,,,,,,,,,,,,,,,,,,,,,,,,
19_07,19,07,f,14,03/21/22,05/22/23,m,r,9.86,9.87,74.9,75.1,33.2,.,33.2,.,w,1425959,1425960,2,r,2,r,2,r,3,bu,,,,,,,,,,,,,,,,,,18,y,.,.,.,.,o,.,.,.,y,.,.,.,.,.,.,,,,,,,,,,,,,,,,,,,,,,,,,,,,,,,,,,,,,,,,,,,,,,,,,,,,,,,,,,,,,,,,,,,,,,,,
19_07,19,07,f,14,03/21/22,05/22/23,m,r,9.86,9.87,74.9,75.1,33.2,.,33.2,.,w,1425960,1426401,2,r,2,r,2,r,3,bu,,,,,,,,,,,,,,,,,,,,,,,,,,,,,,,,,,,,,,,,,,,,,,,,,,,,,,,,,,,,,,,,,,,,,,,,,,,,,,,,,,,,,,,,,,,,,,,,,,,,,,,,,,
19_07,19,07,f,14,03/21/22,05/22/23,m,r,9.86,9.87,74.9,75.1,33.2,.,33.2,.,w,1426401,1426402,2,r,2,r,2,r,3,bu,,,,,,,,,,,,,,,,,,19,y,.,.,.,.,d,.,.,.,.,.,.,.,.,.,.,,,,,,,,,,,,,,,,,,,,,,,,,,,,,,,,,,,,,,,,,,,,,,,,,,,,,,,,,,,,,,,,,,,,,,,,
19_07,19,07,f,14,03/21/22,05/22/23,m,r,9.86,9.87,74.9,75.1,33.2,.,33.2,.,w,1426402,1429869,2,r,2,r,2,r,3,bu,,,,,,,,,,,,,,,,,,,,,,,,,,,,,,,,,,,,,,,,,,,,,,,,,,,,,,,,,,,,,,,,,,,,,,,,,,,,,,,,,,,,,,,,,,,,,,,,,,,,,,,,,,
19_07,19,07,f,14,03/21/22,05/22/23,m,r,9.86,9.87,74.9,75.1,33.2,.,33.2,.,w,1429869,1429870,2,r,2,r,2,r,3,bu,,,,,,,,,,,,,,,,,,20,y,.,.,.,.,o,.,.,.,y,.,.,.,.,.,.,,,,,,,,,,,,,,,,,,,,,,,,,,,,,,,,,,,,,,,,,,,,,,,,,,,,,,,,,,,,,,,,,,,,,,,,
19_07,19,07,f,14,03/21/22,05/22/23,m,r,9.86,9.87,74.9,75.1,33.2,.,33.2,.,w,1429870,1430482,2,r,2,r,2,r,3,bu,,,,,,,,,,,,,,,,,,,,,,,,,,,,,,,,,,,,,,,,,,,,,,,,,,,,,,,,,,,,,,,,,,,,,,,,,,,,,,,,,,,,,,,,,,,,,,,,,,,,,,,,,,
19_07,19,07,f,14,03/21/22,05/22/23,m,r,9.86,9.87,74.9,75.1,33.2,.,33.2,.,w,1430482,1430483,2,r,2,r,2,r,3,bu,,,,,,,,,,,,,,,,,,21,y,.,.,.,.,d,.,.,.,.,.,.,.,.,.,.,,,,,,,,,,,,,,,,,,,,,,,,,,,,,,,,,,,,,,,,,,,,,,,,,,,,,,,,,,,,,,,,,,,,,,,,
19_07,19,07,f,14,03/21/22,05/22/23,m,r,9.86,9.87,74.9,75.1,33.2,.,33.2,.,w,1430483,1433338,2,r,2,r,2,r,3,bu,,,,,,,,,,,,,,,,,,,,,,,,,,,,,,,,,,,,,,,,,,,,,,,,,,,,,,,,,,,,,,,,,,,,,,,,,,,,,,,,,,,,,,,,,,,,,,,,,,,,,,,,,,
19_07,19,07,f,14,03/21/22,05/22/23,m,r,9.86,9.87,74.9,75.1,33.2,.,33.2,.,w,1433338,1433339,2,r,2,r,2,r,3,bu,,,,,,,,,,,,,,,,,,22,y,.,.,.,.,o,.,.,.,y,.,.,.,.,.,.,,,,,,,,,,,,,,,,,,,,,,,,,,,,,,,,,,,,,,,,,,,,,,,,,,,,,,,,,,,,,,,,,,,,,,,,
19_07,19,07,f,14,03/21/22,05/22/23,m,r,9.86,9.87,74.9,75.1,33.2,.,33.2,.,w,1433339,1433780,2,r,2,r,2,r,3,bu,,,,,,,,,,,,,,,,,,,,,,,,,,,,,,,,,,,,,,,,,,,,,,,,,,,,,,,,,,,,,,,,,,,,,,,,,,,,,,,,,,,,,,,,,,,,,,,,,,,,,,,,,,
19_07,19,07,f,14,03/21/22,05/22/23,m,r,9.86,9.87,74.9,75.1,33.2,.,33.2,.,w,1433780,1433781,2,r,2,r,2,r,3,bu,,,,,,,,,,,,,,,,,,23,y,.,.,.,.,d,.,.,.,.,.,.,.,.,.,.,,,,,,,,,,,,,,,,,,,,,,,,,,,,,,,,,,,,,,,,,,,,,,,,,,,,,,,,,,,,,,,,,,,,,,,,
19_07,19,07,f,14,03/21/22,05/22/23,m,r,9.86,9.87,74.9,75.1,33.2,.,33.2,.,w,1433781,1446258,2,r,2,r,2,r,3,bu,,,,,,,,,,,,,,,,,,,,,,,,,,,,,,,,,,,,,,,,,,,,,,,,,,,,,,,,,,,,,,,,,,,,,,,,,,,,,,,,,,,,,,,,,,,,,,,,,,,,,,,,,,
19_07,19,07,f,14,03/21/22,05/22/23,m,r,9.86,9.87,74.9,75.1,33.2,.,33.2,.,w,1446258,1446259,2,r,2,r,2,r,3,bu,,,,,,,,,,,,,,,,,,24,y,.,.,.,.,o,.,.,.,y,.,.,.,.,.,.,,,,,,,,,,,,,,,,,,,,,,,,,,,,,,,,,,,,,,,,,,,,,,,,,,,,,,,,,,,,,,,,,,,,,,,,
19_07,19,07,f,14,03/21/22,05/22/23,m,r,9.86,9.87,74.9,75.1,33.2,.,33.2,.,w,1446259,1447040,2,r,2,r,2,r,3,bu,,,,,,,,,,,,,,,,,,,,,,,,,,,,,,,,,,,,,,,,,,,,,,,,,,,,,,,,,,,,,,,,,,,,,,,,,,,,,,,,,,,,,,,,,,,,,,,,,,,,,,,,,,
19_07,19,07,f,14,03/21/22,05/22/23,m,r,9.86,9.87,74.9,75.1,33.2,.,33.2,.,w,1447040,1447041,2,r,2,r,2,r,3,bu,,,,,,,,,,,,,,,,,,25,y,.,.,.,.,d,.,.,.,.,.,.,.,.,.,.,,,,,,,,,,,,,,,,,,,,,,,,,,,,,,,,,,,,,,,,,,,,,,,,,,,,,,,,,,,,,,,,,,,,,,,,
19_07,19,07,f,14,03/21/22,05/22/23,m,r,9.86,9.87,74.9,75.1,33.2,.,33.2,.,w,1447041,1448740,2,r,2,r,2,r,3,bu,,,,,,,,,,,,,,,,,,,,,,,,,,,,,,,,,,,,,,,,,,,,,,,,,,,,,,,,,,,,,,,,,,,,,,,,,,,,,,,,,,,,,,,,,,,,,,,,,,,,,,,,,,
19_07,19,07,f,14,03/21/22,05/22/23,m,r,9.86,9.87,74.9,75.1,33.2,.,33.2,.,w,1448740,1448741,2,r,2,r,2,r,3,bu,,,,,,,,,,,,,,,,,,26,y,.,.,.,.,p,.,.,.,.,.,.,.,.,.,.,,,,,,,,,,,,,,,,,,,,,,,,,,,,,,,,,,,,,,,,,,,,,,,,,,,,,,,,,,,,,,,,,,,,,,,,
19_07,19,07,f,14,03/21/22,05/22/23,m,r,9.86,9.87,74.9,75.1,33.2,.,33.2,.,w,1448741,1484712,2,r,2,r,2,r,3,bu,,,,,,,,,,,,,,,,,,,,,,,,,,,,,,,,,,,,,,,,,,,,,,,,,,,,,,,,,,,,,,,,,,,,,,,,,,,,,,,,,,,,,,,,,,,,,,,,,,,,,,,,,,
19_07,19,07,f,14,03/21/22,05/22/23,m,r,9.86,9.87,74.9,75.1,33.2,.,33.2,.,w,1484712,1484713,2,r,2,r,2,r,3,bu,,,,,,,,,,,,,,,,,,27,y,.,.,.,.,p,.,.,.,.,.,.,.,.,.,.,,,,,,,,,,,,,,,,,,,,,,,,,,,,,,,,,,,,,,,,,,,,,,,,,,,,,,,,,,,,,,,,,,,,,,,,
19_07,19,07,f,14,03/21/22,05/22/23,m,r,9.86,9.87,74.9,75.1,33.2,.,33.2,.,w,1484713,1491036,2,r,2,r,2,r,3,bu,,,,,,,,,,,,,,,,,,,,,,,,,,,,,,,,,,,,,,,,,,,,,,,,,,,,,,,,,,,,,,,,,,,,,,,,,,,,,,,,,,,,,,,,,,,,,,,,,,,,,,,,,,
19_07,19,07,f,14,03/21/22,05/22/23,m,r,9.86,9.87,74.9,75.1,33.2,.,33.2,.,w,1491036,1491037,2,r,2,r,2,r,3,bu,,,,,,,,,,,,,,,,,,28,y,.,.,.,.,i,.,.,.,.,y,.,.,.,.,.,,,,,,,,,,,,,,,,,,,,,,,,,,,,,,,,,,,,,,,,,,,,,,,,,,,,,,,,,,,,,,,,,,,,,,,,
19_07,19,07,f,14,03/21/22,05/22/23,m,r,9.86,9.87,74.9,75.1,33.2,.,33.2,.,w,1491037,1494266,2,r,2,r,2,r,3,bu,,,,,,,,,,,,,,,,,,,,,,,,,,,,,,,,,,,,,,,,,,,,,,,,,,,,,,,,,,,,,,,,,,,,,,,,,,,,,,,,,,,,,,,,,,,,,,,,,,,,,,,,,,
19_07,19,07,f,14,03/21/22,05/22/23,m,r,9.86,9.87,74.9,75.1,33.2,.,33.2,.,w,1494266,1494267,2,r,2,r,2,r,3,bu,,,,,,,,,,,,,,,,,,29,y,.,.,.,.,d,.,.,.,.,.,.,.,.,.,.,,,,,,,,,,,,,,,,,,,,,,,,,,,,,,,,,,,,,,,,,,,,,,,,,,,,,,,,,,,,,,,,,,,,,,,,
19_07,19,07,f,14,03/21/22,05/22/23,m,r,9.86,9.87,74.9,75.1,33.2,.,33.2,.,w,1494267,1556860,2,r,2,r,2,r,,,,,,,,,,,,,,,,,,,,,,,,,,,,,,,,,,,,,,,,,,,,,,,,,,,,,,,,,,,,,,,,,,,,,,,,,,,,,,,,,,,,,,,,,,,,,,,,,,,,,,,,,,,,
19_07,19,07,f,14,03/21/22,05/22/23,m,r,9.86,9.87,74.9,75.1,33.2,.,33.2,.,w,1556860,1557031,2,r,2,r,2,r,4,bu,30,.,.,y,.,.,k,.,.,.,.,.,.,.,.,.,.,,,,,,,,,,,,,,,,,,,,,,,,,,,,,,,,,,,,,,,,,,,,,,,,,,,,,,,,,,,,,,,,,,,,,,,,,,,,,,,,,,,,,,,,,
19_07,19,07,f,14,03/21/22,05/22/23,m,r,9.86,9.87,74.9,75.1,33.2,.,33.2,.,w,1557031,1560430,2,r,2,r,2,r,4,bu,,,,,,,,,,,,,,,,,,,,,,,,,,,,,,,,,,,,,,,,,,,,,,,,,,,,,,,,,,,,,,,,,,,,,,,,,,,,,,,,,,,,,,,,,,,,,,,,,,,,,,,,,,
19_07,19,07,f,14,03/21/22,05/22/23,m,r,9.86,9.87,74.9,75.1,33.2,.,33.2,.,w,1560430,1561587,2,r,2,r,2,r,4,bu,31,.,.,y,.,.,k,.,.,.,.,.,.,.,.,.,.,,,,,,,,,,,,,,,,,,,,,,,,,,,,,,,,,,,,,,,,,,,,,,,,,,,,,,,,,,,,,,,,,,,,,,,,,,,,,,,,,,,,,,,,,
19_07,19,07,f,14,03/21/22,05/22/23,m,r,9.86,9.87,74.9,75.1,33.2,.,33.2,.,w,1561587,1564340,2,r,2,r,2,r,4,bu,,,,,,,,,,,,,,,,,,,,,,,,,,,,,,,,,,,,,,,,,,,,,,,,,,,,,,,,,,,,,,,,,,,,,,,,,,,,,,,,,,,,,,,,,,,,,,,,,,,,,,,,,,
19_07,19,07,f,14,03/21/22,05/22/23,m,r,9.86,9.87,74.9,75.1,33.2,.,33.2,.,w,1564340,1564341,2,r,2,r,2,r,4,bu,,,,,,,,,,,,,,,,,,32,y,.,.,.,.,p,.,.,.,.,.,.,.,.,.,.,,,,,,,,,,,,,,,,,,,,,,,,,,,,,,,,,,,,,,,,,,,,,,,,,,,,,,,,,,,,,,,,,,,,,,,,
19_07,19,07,f,14,03/21/22,05/22/23,m,r,9.86,9.87,74.9,75.1,33.2,.,33.2,.,w,1564341,1564442,2,r,2,r,2,r,4,bu,,,,,,,,,,,,,,,,,,,,,,,,,,,,,,,,,,,,,,,,,,,,,,,,,,,,,,,,,,,,,,,,,,,,,,,,,,,,,,,,,,,,,,,,,,,,,,,,,,,,,,,,,,
19_07,19,07,f,14,03/21/22,05/22/23,m,r,9.86,9.87,74.9,75.1,33.2,.,33.2,.,w,1564442,1564443,2,r,2,r,2,r,4,bu,,,,,,,,,,,,,,,,,,33,y,.,.,.,.,p,.,.,.,.,.,.,.,.,.,.,,,,,,,,,,,,,,,,,,,,,,,,,,,,,,,,,,,,,,,,,,,,,,,,,,,,,,,,,,,,,,,,,,,,,,,,
19_07,19,07,f,14,03/21/22,05/22/23,m,r,9.86,9.87,74.9,75.1,33.2,.,33.2,.,w,1564443,1564816,2,r,2,r,2,r,4,bu,,,,,,,,,,,,,,,,,,,,,,,,,,,,,,,,,,,,,,,,,,,,,,,,,,,,,,,,,,,,,,,,,,,,,,,,,,,,,,,,,,,,,,,,,,,,,,,,,,,,,,,,,,
19_07,19,07,f,14,03/21/22,05/22/23,m,r,9.86,9.87,74.9,75.1,33.2,.,33.2,.,w,1564816,1564817,2,r,2,r,2,r,4,bu,,,,,,,,,,,,,,,,,,34,y,.,.,.,.,d,.,.,.,.,.,.,.,.,.,.,,,,,,,,,,,,,,,,,,,,,,,,,,,,,,,,,,,,,,,,,,,,,,,,,,,,,,,,,,,,,,,,,,,,,,,,
19_07,19,07,f,14,03/21/22,05/22/23,m,r,9.86,9.87,74.9,75.1,33.2,.,33.2,.,w,1564817,1564884,2,r,2,r,2,r,4,bu,,,,,,,,,,,,,,,,,,,,,,,,,,,,,,,,,,,,,,,,,,,,,,,,,,,,,,,,,,,,,,,,,,,,,,,,,,,,,,,,,,,,,,,,,,,,,,,,,,,,,,,,,,
19_07,19,07,f,14,03/21/22,05/22/23,m,r,9.86,9.87,74.9,75.1,33.2,.,33.2,.,w,1564884,1564885,2,r,2,r,2,r,4,bu,,,,,,,,,,,,,,,,,,35,y,.,.,.,.,d,.,.,.,.,.,.,.,.,.,.,,,,,,,,,,,,,,,,,,,,,,,,,,,,,,,,,,,,,,,,,,,,,,,,,,,,,,,,,,,,,,,,,,,,,,,,
19_07,19,07,f,14,03/21/22,05/22/23,m,r,9.86,9.87,74.9,75.1,33.2,.,33.2,.,w,1564885,1568046,2,r,2,r,2,r,4,bu,,,,,,,,,,,,,,,,,,,,,,,,,,,,,,,,,,,,,,,,,,,,,,,,,,,,,,,,,,,,,,,,,,,,,,,,,,,,,,,,,,,,,,,,,,,,,,,,,,,,,,,,,,
19_07,19,07,f,14,03/21/22,05/22/23,m,r,9.86,9.87,74.9,75.1,33.2,.,33.2,.,w,1568046,1568047,2,r,2,r,2,r,4,bu,,,,,,,,,,,,,,,,,,36,y,.,.,.,.,p,.,.,.,.,.,.,.,.,.,.,,,,,,,,,,,,,,,,,,,,,,,,,,,,,,,,,,,,,,,,,,,,,,,,,,,,,,,,,,,,,,,,,,,,,,,,
19_07,19,07,f,14,03/21/22,05/22/23,m,r,9.86,9.87,74.9,75.1,33.2,.,33.2,.,w,1568047,1568454,2,r,2,r,2,r,4,bu,,,,,,,,,,,,,,,,,,,,,,,,,,,,,,,,,,,,,,,,,,,,,,,,,,,,,,,,,,,,,,,,,,,,,,,,,,,,,,,,,,,,,,,,,,,,,,,,,,,,,,,,,,
19_07,19,07,f,14,03/21/22,05/22/23,m,r,9.86,9.87,74.9,75.1,33.2,.,33.2,.,w,1568454,1568455,2,r,2,r,2,r,4,bu,,,,,,,,,,,,,,,,,,37,y,.,.,.,.,d,.,.,.,.,.,.,.,.,.,.,,,,,,,,,,,,,,,,,,,,,,,,,,,,,,,,,,,,,,,,,,,,,,,,,,,,,,,,,,,,,,,,,,,,,,,,
19_07,19,07,f,14,03/21/22,05/22/23,m,r,9.86,9.87,74.9,75.1,33.2,.,33.2,.,w,1568455,1571854,2,r,2,r,2,r,4,bu,,,,,,,,,,,,,,,,,,,,,,,,,,,,,,,,,,,,,,,,,,,,,,,,,,,,,,,,,,,,,,,,,,,,,,,,,,,,,,,,,,,,,,,,,,,,,,,,,,,,,,,,,,
19_07,19,07,f,14,03/21/22,05/22/23,m,r,9.86,9.87,74.9,75.1,33.2,.,33.2,.,w,1571854,1571855,2,r,2,r,2,r,4,bu,,,,,,,,,,,,,,,,,,38,y,.,.,.,.,p,.,.,.,.,.,.,.,.,.,.,,,,,,,,,,,,,,,,,,,,,,,,,,,,,,,,,,,,,,,,,,,,,,,,,,,,,,,,,,,,,,,,,,,,,,,,
19_07,19,07,f,14,03/21/22,05/22/23,m,r,9.86,9.87,74.9,75.1,33.2,.,33.2,.,w,1571855,1572092,2,r,2,r,2,r,4,bu,,,,,,,,,,,,,,,,,,,,,,,,,,,,,,,,,,,,,,,,,,,,,,,,,,,,,,,,,,,,,,,,,,,,,,,,,,,,,,,,,,,,,,,,,,,,,,,,,,,,,,,,,,
19_07,19,07,f,14,03/21/22,05/22/23,m,r,9.86,9.87,74.9,75.1,33.2,.,33.2,.,w,1572092,1572093,2,r,2,r,2,r,4,bu,,,,,,,,,,,,,,,,,,39,y,.,.,.,.,d,.,.,.,.,.,.,.,.,.,.,,,,,,,,,,,,,,,,,,,,,,,,,,,,,,,,,,,,,,,,,,,,,,,,,,,,,,,,,,,,,,,,,,,,,,,,
19_07,19,07,f,14,03/21/22,05/22/23,m,r,9.86,9.87,74.9,75.1,33.2,.,33.2,.,w,1572093,1581306,2,r,2,r,2,r,,,,,,,,,,,,,,,,,,,,,,,,,,,,,,,,,,,,,,,,,,,,,,,,,,,,,,,,,,,,,,,,,,,,,,,,,,,,,,,,,,,,,,,,,,,,,,,,,,,,,,,,,,,,
19_07,19,07,f,14,03/21/22,05/22/23,m,r,9.86,9.87,74.9,75.1,33.2,.,33.2,.,w,1581306,1581307,2,r,2,r,2,r,5,bu,,,,,,,,,,,,,,,,,,40,y,.,.,.,.,p,.,.,.,.,.,.,.,.,.,.,,,,,,,,,,,,,,,,,,,,,,,,,,,,,,,,,,,,,,,,,,,,,,,,,,,,,,,,,,,,,,,,,,,,,,,,
19_07,19,07,f,14,03/21/22,05/22/23,m,r,9.86,9.87,74.9,75.1,33.2,.,33.2,.,w,1581307,1596538,2,r,2,r,2,r,5,bu,,,,,,,,,,,,,,,,,,,,,,,,,,,,,,,,,,,,,,,,,,,,,,,,,,,,,,,,,,,,,,,,,,,,,,,,,,,,,,,,,,,,,,,,,,,,,,,,,,,,,,,,,,
19_07,19,07,f,14,03/21/22,05/22/23,m,r,9.86,9.87,74.9,75.1,33.2,.,33.2,.,w,1596538,1596539,2,r,2,r,2,r,5,bu,,,,,,,,,,,,,,,,,,41,y,.,.,.,.,d,.,.,.,.,.,.,.,.,.,.,,,,,,,,,,,,,,,,,,,,,,,,,,,,,,,,,,,,,,,,,,,,,,,,,,,,,,,,,,,,,,,,,,,,,,,,
19_07,19,07,f,14,03/21/22,05/22/23,m,r,9.86,9.87,74.9,75.1,33.2,.,33.2,.,w,1596539,1608607,2,r,2,r,2,r,,,,,,,,,,,,,,,,,,,,,,,,,,,,,,,,,,,,,,,,,,,,,,,,,,,,,,,,,,,,,,,,,,,,,,,,,,,,,,,,,,,,,,,,,,,,,,,,,,,,,,,,,,,,
19_07,19,07,f,14,03/21/22,05/22/23,m,r,9.86,9.87,74.9,75.1,33.2,.,33.2,.,w,1608607,1609357,2,r,2,r,2,r,6,bu,42,y,.,.,.,.,pu,.,.,.,.,.,.,.,.,.,.,,,,,,,,,,,,,,,,,,,,,,,,,,,,,,,,,,,,,,,,,,,,,,,,,,,,,,,,,,,,,,,,,,,,,,,,,,,,,,,,,,,,,,,,,
19_07,19,07,f,14,03/21/22,05/22/23,m,r,9.86,9.87,74.9,75.1,33.2,.,33.2,.,w,1609357,1611464,2,r,2,r,2,r,6,bu,,,,,,,,,,,,,,,,,,,,,,,,,,,,,,,,,,,,,,,,,,,,,,,,,,,,,,,,,,,,,,,,,,,,,,,,,,,,,,,,,,,,,,,,,,,,,,,,,,,,,,,,,,
19_07,19,07,f,14,03/21/22,05/22/23,m,r,9.86,9.87,74.9,75.1,33.2,.,33.2,.,w,1611464,1611465,2,r,2,r,2,r,6,bu,,,,,,,,,,,,,,,,,,43,y,.,.,.,.,p,.,.,.,.,.,.,.,.,.,.,,,,,,,,,,,,,,,,,,,,,,,,,,,,,,,,,,,,,,,,,,,,,,,,,,,,,,,,,,,,,,,,,,,,,,,,
19_07,19,07,f,14,03/21/22,05/22/23,m,r,9.86,9.87,74.9,75.1,33.2,.,33.2,.,w,1611465,1612144,2,r,2,r,2,r,6,bu,,,,,,,,,,,,,,,,,,,,,,,,,,,,,,,,,,,,,,,,,,,,,,,,,,,,,,,,,,,,,,,,,,,,,,,,,,,,,,,,,,,,,,,,,,,,,,,,,,,,,,,,,,
19_07,19,07,f,14,03/21/22,05/22/23,m,r,9.86,9.87,74.9,75.1,33.2,.,33.2,.,w,1612144,1612145,2,r,2,r,2,r,6,bu,,,,,,,,,,,,,,,,,,44,y,.,.,.,.,d,.,.,.,.,.,.,.,.,.,.,,,,,,,,,,,,,,,,,,,,,,,,,,,,,,,,,,,,,,,,,,,,,,,,,,,,,,,,,,,,,,,,,,,,,,,,
19_07,19,07,f,14,03/21/22,05/22/23,m,r,9.86,9.87,74.9,75.1,33.2,.,33.2,.,w,1612145,1619624,2,r,2,r,2,r,6,bu,,,,,,,,,,,,,,,,,,,,,,,,,,,,,,,,,,,,,,,,,,,,,,,,,,,,,,,,,,,,,,,,,,,,,,,,,,,,,,,,,,,,,,,,,,,,,,,,,,,,,,,,,,
19_07,19,07,f,14,03/21/22,05/22/23,m,r,9.86,9.87,74.9,75.1,33.2,.,33.2,.,w,1619624,1619625,2,r,2,r,2,r,6,bu,,,,,,,,,,,,,,,,,,45,y,.,.,.,.,p,.,.,.,.,.,.,.,.,.,.,,,,,,,,,,,,,,,,,,,,,,,,,,,,,,,,,,,,,,,,,,,,,,,,,,,,,,,,,,,,,,,,,,,,,,,,
19_07,19,07,f,14,03/21/22,05/22/23,m,r,9.86,9.87,74.9,75.1,33.2,.,33.2,.,w,1619625,1623398,2,r,2,r,2,r,6,bu,,,,,,,,,,,,,,,,,,,,,,,,,,,,,,,,,,,,,,,,,,,,,,,,,,,,,,,,,,,,,,,,,,,,,,,,,,,,,,,,,,,,,,,,,,,,,,,,,,,,,,,,,,
19_07,19,07,f,14,03/21/22,05/22/23,m,r,9.86,9.87,74.9,75.1,33.2,.,33.2,.,w,1623398,1623399,2,r,2,r,2,r,6,bu,,,,,,,,,,,,,,,,,,46,y,.,.,.,.,d,.,.,.,.,.,.,.,.,.,.,,,,,,,,,,,,,,,,,,,,,,,,,,,,,,,,,,,,,,,,,,,,,,,,,,,,,,,,,,,,,,,,,,,,,,,,
19_07,19,07,f,14,03/21/22,05/22/23,m,r,9.86,9.87,74.9,75.1,33.2,.,33.2,.,w,1623399,1673718,2,r,2,r,2,r,,,,,,,,,,,,,,,,,,,,,,,,,,,,,,,,,,,,,,,,,,,,,,,,,,,,,,,,,,,,,,,,,,,,,,,,,,,,,,,,,,,,,,,,,,,,,,,,,,,,,,,,,,,,
19_07,19,07,f,14,03/21/22,05/22/23,m,r,9.86,9.87,74.9,75.1,33.2,.,33.2,.,w,1673718,1673957,2,r,2,r,2,r,7,bu,47,.,.,y,.,.,k,.,.,.,.,.,.,.,.,.,.,,,,,,,,,,,,,,,,,,,,,,,,,,,,,,,,,,,,,,,,,,,,,,,,,,,,,,,,,,,,,,,,,,,,,,,,,,,,,,,,,,,,,,,,,
19_07,19,07,f,14,03/21/22,05/22/23,m,r,9.86,9.87,74.9,75.1,33.2,.,33.2,.,w,1673957,1756678,2,r,2,r,2,r,,,,,,,,,,,,,,,,,,,,,,,,,,,,,,,,,,,,,,,,,,,,,,,,,,,,,,,,,,,,,,,,,,,,,,,,,,,,,,,,,,,,,,,,,,,,,,,,,,,,,,,,,,,,
19_07,19,07,f,14,03/21/22,05/22/23,m,r,9.86,9.87,74.9,75.1,33.2,.,33.2,.,w,1756678,1756985,2,r,2,r,2,r,8,bu,48,.,.,y,.,.,k,.,.,.,.,.,.,.,.,.,.,,,,,,,,,,,,,,,,,,,,,,,,,,,,,,,,,,,,,,,,,,,,,,,,,,,,,,,,,,,,,,,,,,,,,,,,,,,,,,,,,,,,,,,,,
19_07,19,07,f,14,03/21/22,05/22/23,m,r,9.86,9.87,74.9,75.1,33.2,.,33.2,.,w,1756985,1757834,2,r,2,r,2,r,8,bu,,,,,,,,,,,,,,,,,,,,,,,,,,,,,,,,,,,,,,,,,,,,,,,,,,,,,,,,,,,,,,,,,,,,,,,,,,,,,,,,,,,,,,,,,,,,,,,,,,,,,,,,,,
19_07,19,07,f,14,03/21/22,05/22/23,m,r,9.86,9.87,74.9,75.1,33.2,.,33.2,.,w,1757834,1758175,2,r,2,r,2,r,8,bu,49,.,.,.,.,.,k,.,.,.,.,.,.,.,.,.,.,,,,,,,,,,,,,,,,,,,,,,,,,,,,,,,,,,,,,,,,,,,,,,,,,,,,,,,,,,,,,,,,,,,,,,,,,,,,,,,,,,,,,,,,,
19_07,19,07,f,14,03/21/22,05/22/23,m,r,9.86,9.87,74.9,75.1,33.2,.,33.2,.,w,1758175,1762492,2,r,2,r,2,r,,,,,,,,,,,,,,,,,,,,,,,,,,,,,,,,,,,,,,,,,,,,,,,,,,,,,,,,,,,,,,,,,,,,,,,,,,,,,,,,,,,,,,,,,,,,,,,,,,,,,,,,,,,,
19_07,19,07,f,14,03/21/22,05/22/23,m,r,9.86,9.87,74.9,75.1,33.2,.,33.2,.,w,1762492,1762493,2,r,2,r,2,r,9,bu,,,,,,,,,,,,,,,,,,50,y,.,.,.,.,p,.,.,.,.,.,.,.,.,.,.,,,,,,,,,,,,,,,,,,,,,,,,,,,,,,,,,,,,,,,,,,,,,,,,,,,,,,,,,,,,,,,,,,,,,,,,
19_07,19,07,f,14,03/21/22,05/22/23,m,r,9.86,9.87,74.9,75.1,33.2,.,33.2,.,w,1762493,1765110,2,r,2,r,2,r,9,bu,,,,,,,,,,,,,,,,,,,,,,,,,,,,,,,,,,,,,,,,,,,,,,,,,,,,,,,,,,,,,,,,,,,,,,,,,,,,,,,,,,,,,,,,,,,,,,,,,,,,,,,,,,
19_07,19,07,f,14,03/21/22,05/22/23,m,r,9.86,9.87,74.9,75.1,33.2,.,33.2,.,w,1765110,1765111,2,r,2,r,2,r,9,bu,,,,,,,,,,,,,,,,,,51,y,.,.,.,.,p,.,.,.,.,.,.,.,.,.,.,,,,,,,,,,,,,,,,,,,,,,,,,,,,,,,,,,,,,,,,,,,,,,,,,,,,,,,,,,,,,,,,,,,,,,,,
19_07,19,07,f,14,03/21/22,05/22/23,m,r,9.86,9.87,74.9,75.1,33.2,.,33.2,.,w,1765111,1766300,2,r,2,r,2,r,9,bu,,,,,,,,,,,,,,,,,,,,,,,,,,,,,,,,,,,,,,,,,,,,,,,,,,,,,,,,,,,,,,,,,,,,,,,,,,,,,,,,,,,,,,,,,,,,,,,,,,,,,,,,,,
19_07,19,07,f,14,03/21/22,05/22/23,m,r,9.86,9.87,74.9,75.1,33.2,.,33.2,.,w,1766300,1766301,2,r,2,r,2,r,9,bu,,,,,,,,,,,,,,,,,,52,y,.,.,.,.,d,.,.,.,.,.,.,.,.,.,.,,,,,,,,,,,,,,,,,,,,,,,,,,,,,,,,,,,,,,,,,,,,,,,,,,,,,,,,,,,,,,,,,,,,,,,,
19_07,19,07,f,14,03/21/22,05/22/23,m,r,9.86,9.87,74.9,75.1,33.2,.,33.2,.,w,1766301,1768136,2,r,2,r,2,r,9,bu,,,,,,,,,,,,,,,,,,,,,,,,,,,,,,,,,,,,,,,,,,,,,,,,,,,,,,,,,,,,,,,,,,,,,,,,,,,,,,,,,,,,,,,,,,,,,,,,,,,,,,,,,,
19_07,19,07,f,14,03/21/22,05/22/23,m,r,9.86,9.87,74.9,75.1,33.2,.,33.2,.,w,1768136,1768137,2,r,2,r,2,r,9,bu,,,,,,,,,,,,,,,,,,53,y,.,.,.,.,d,.,.,.,.,.,.,.,.,.,.,,,,,,,,,,,,,,,,,,,,,,,,,,,,,,,,,,,,,,,,,,,,,,,,,,,,,,,,,,,,,,,,,,,,,,,,
19_07,19,07,f,14,03/21/22,05/22/23,m,r,9.86,9.87,74.9,75.1,33.2,.,33.2,.,w,1768137,1773134,2,r,2,r,2,r,,,,,,,,,,,,,,,,,,,,,,,,,,,,,,,,,,,,,,,,,,,,,,,,,,,,,,,,,,,,,,,,,,,,,,,,,,,,,,,,,,,,,,,,,,,,,,,,,,,,,,,,,,,,
19_07,19,07,f,14,03/21/22,05/22/23,m,r,9.86,9.87,74.9,75.1,33.2,.,33.2,.,w,1773134,1773135,2,r,2,r,2,r,10,bu,,,,,,,,,,,,,,,,,,54,y,.,.,.,.,p,.,.,.,.,.,.,.,.,.,.,,,,,,,,,,,,,,,,,,,,,,,,,,,,,,,,,,,,,,,,,,,,,,,,,,,,,,,,,,,,,,,,,,,,,,,,
19_07,19,07,f,14,03/21/22,05/22/23,m,r,9.86,9.87,74.9,75.1,33.2,.,33.2,.,w,1773135,1774358,2,r,2,r,2,r,10,bu,,,,,,,,,,,,,,,,,,,,,,,,,,,,,,,,,,,,,,,,,,,,,,,,,,,,,,,,,,,,,,,,,,,,,,,,,,,,,,,,,,,,,,,,,,,,,,,,,,,,,,,,,,
19_07,19,07,f,14,03/21/22,05/22/23,m,r,9.86,9.87,74.9,75.1,33.2,.,33.2,.,w,1774358,1774359,2,r,2,r,2,r,10,bu,,,,,,,,,,,,,,,,,,55,y,.,.,.,.,p,.,.,.,.,.,.,.,.,.,.,,,,,,,,,,,,,,,,,,,,,,,,,,,,,,,,,,,,,,,,,,,,,,,,,,,,,,,,,,,,,,,,,,,,,,,,
19_07,19,07,f,14,03/21/22,05/22/23,m,r,9.86,9.87,74.9,75.1,33.2,.,33.2,.,w,1774359,1775208,2,r,2,r,2,r,10,bu,,,,,,,,,,,,,,,,,,,,,,,,,,,,,,,,,,,,,,,,,,,,,,,,,,,,,,,,,,,,,,,,,,,,,,,,,,,,,,,,,,,,,,,,,,,,,,,,,,,,,,,,,,
19_07,19,07,f,14,03/21/22,05/22/23,m,r,9.86,9.87,74.9,75.1,33.2,.,33.2,.,w,1775208,1775209,2,r,2,r,2,r,10,bu,,,,,,,,,,,,,,,,,,56,y,.,.,.,.,d,.,.,.,.,.,.,.,.,.,.,,,,,,,,,,,,,,,,,,,,,,,,,,,,,,,,,,,,,,,,,,,,,,,,,,,,,,,,,,,,,,,,,,,,,,,,
19_07,19,07,f,14,03/21/22,05/22/23,m,r,9.86,9.87,74.9,75.1,33.2,.,33.2,.,w,1775209,1791936,2,r,2,r,2,r,,,,,,,,,,,,,,,,,,,,,,,,,,,,,,,,,,,,,,,,,,,,,,,,,,,,,,,,,,,,,,,,,,,,,,,,,,,,,,,,,,,,,,,,,,,,,,,,,,,,,,,,,,,,
19_07,19,07,f,14,03/21/22,05/22/23,m,r,9.86,9.87,74.9,75.1,33.2,.,33.2,.,w,1791936,1792481,2,r,2,r,2,r,11,s,57,y,.,.,.,.,pu,.,.,.,.,.,.,.,.,.,.,,,,,,,,,,,,,,,,,,,,,,,,,,,,,,,,,,,,,,,,,,,,,,,,,,,,,,,,,,,,,,,,,,,,,,,,,,,,,,,,,,,,,,,,,
19_07,19,07,f,14,03/21/22,05/22/23,m,r,9.86,9.87,74.9,75.1,33.2,.,33.2,.,w,1792481,1792651,2,r,2,r,2,r,11,s,,,,,,,,,,,,,,,,,,,,,,,,,,,,,,,,,,,,,,,,,,,,,,,,,,,,,,,,,,,,,,,,,,,,,,,,,,,,,,,,,,,,,,,,,,,,,,,,,,,,,,,,,,
19_07,19,07,f,14,03/21/22,05/22/23,m,r,9.86,9.87,74.9,75.1,33.2,.,33.2,.,w,1792651,1799144,2,r,2,r,2,r,,,,,,,,,,,,,,,,,,,,,,,,,,,,,,,,,,,,,,,,,,,,,,,,,,,,,,,,,,,,,,,,,,,,,,,,,,,,,,,,,,,,,,,,,,,,,,,,,,,,,,,,,,,,
19_07,19,07,f,14,03/21/22,05/22/23,m,r,9.86,9.87,74.9,75.1,33.2,.,33.2,.,w,1799144,1810263,2,r,2,r,2,r,12,s,58,y,.,.,.,.,pu,.,.,.,.,.,.,.,.,.,.,,,,,,,,,,,,,,,,,,,,,,,,,,,,,,,,,,,,,,,,,,,,,,,,,,,,,,,,,,,,,,,,,,,,,,,,,,,,,,,,,,,,,,,,,
19_07,19,07,f,14,03/21/22,05/22/23,m,r,9.86,9.87,74.9,75.1,33.2,.,33.2,.,w,1810263,1883600,2,r,2,r,2,r,,,,,,,,,,,,,,,,,,,,,,,,,,,,,,,,,,,,,,,,,,,,,,,,,,,,,,,,,,,,,,,,,,,,,,,,,,,,,,,,,,,,,,,,,,,,,,,,,,,,,,,,,,,,
19_07,19,07,f,14,03/21/22,05/22/23,m,r,9.86,9.87,74.9,75.1,33.2,.,33.2,.,w,1883600,1885913,2,r,2,r,2,r,13,ca,59,y,.,.,.,.,pu,.,.,.,.,.,.,.,.,.,.,,,,,,,,,,,,,,,,,,,,,,,,,,,,,,,,,,,,,,,,,,,,,,,,,,,,,,,,,,,,,,,,,,,,,,,,,,,,,,,,,,,,,,,,,
19_07,19,07,f,14,03/21/22,05/22/23,m,r,9.86,9.87,74.9,75.1,33.2,.,33.2,.,w,1885913,1890434,2,r,2,r,2,r,,,,,,,,,,,,,,,,,,,,,,,,,,,,,,,,,,,,,,,,,,,,,,,,,,,,,,,,,,,,,,,,,,,,,,,,,,,,,,,,,,,,,,,,,,,,,,,,,,,,,,,,,,,,
19_07,19,07,f,14,03/21/22,05/22/23,m,r,9.86,9.87,74.9,75.1,33.2,.,33.2,.,w,1890434,1890435,2,r,2,r,2,r,14,b,,,,,,,,,,,,,,,,,,60,y,.,.,.,.,p,.,.,.,.,.,.,.,.,.,.,,,,,,,,,,,,,,,,,,,,,,,,,,,,,,,,,,,,,,,,,,,,,,,,,,,,,,,,,,,,,,,,,,,,,,,,
19_07,19,07,f,14,03/21/22,05/22/23,m,r,9.86,9.87,74.9,75.1,33.2,.,33.2,.,w,1890435,1914710,2,r,2,r,2,r,14,b,,,,,,,,,,,,,,,,,,,,,,,,,,,,,,,,,,,,,,,,,,,,,,,,,,,,,,,,,,,,,,,,,,,,,,,,,,,,,,,,,,,,,,,,,,,,,,,,,,,,,,,,,,
19_07,19,07,f,14,03/21/22,05/22/23,m,r,9.86,9.87,74.9,75.1,33.2,.,33.2,.,w,1914710,1921545,2,r,2,r,2,r,14,b,61,y,.,.,.,.,t,.,.,.,.,.,.,.,.,.,.,,,,,,,,,,,,,,,,,,,,,,,,,,,,,,,,,,,,,,,,,,,,,,,,,,,,,,,,,,,,,,,,,,,,,,,,,,,,,,,,,,,,,,,,,
19_07,19,07,f,14,03/21/22,05/22/23,m,r,9.86,9.87,74.9,75.1,33.2,.,33.2,.,w,1921545,1929262,2,r,2,r,2,r,14,b,,,,,,,,,,,,,,,,,,,,,,,,,,,,,,,,,,,,,,,,,,,,,,,,,,,,,,,,,,,,,,,,,,,,,,,,,,,,,,,,,,,,,,,,,,,,,,,,,,,,,,,,,,
19_07,19,07,f,14,03/21/22,05/22/23,m,r,9.86,9.87,74.9,75.1,33.2,.,33.2,.,w,1929262,1936471,2,r,2,r,2,r,14,b,62,y,.,.,.,.,t,.,.,.,.,.,.,.,.,.,.,,,,,,,,,,,,,,,,,,,,,,,,,,,,,,,,,,,,,,,,,,,,,,,,,,,,,,,,,,,,,,,,,,,,,,,,,,,,,,,,,,,,,,,,,
19_07,19,07,f,14,03/21/22,05/22/23,m,r,9.86,9.87,74.9,75.1,33.2,.,33.2,.,w,1936471,1952756,2,r,2,r,2,r,14,b,,,,,,,,,,,,,,,,,,,,,,,,,,,,,,,,,,,,,,,,,,,,,,,,,,,,,,,,,,,,,,,,,,,,,,,,,,,,,,,,,,,,,,,,,,,,,,,,,,,,,,,,,,
19_07,19,07,f,14,03/21/22,05/22/23,m,r,9.86,9.87,74.9,75.1,33.2,.,33.2,.,w,1952756,1952757,2,r,2,r,2,r,14,b,,,,,,,,,,,,,,,,,,63,y,.,.,.,.,p,.,.,.,.,.,.,.,.,.,.,,,,,,,,,,,,,,,,,,,,,,,,,,,,,,,,,,,,,,,,,,,,,,,,,,,,,,,,,,,,,,,,,,,,,,,,
19_07,19,07,f,14,03/21/22,05/22/23,m,r,9.86,9.87,74.9,75.1,33.2,.,33.2,.,w,1952757,1958060,2,r,2,r,2,r,14,b,,,,,,,,,,,,,,,,,,,,,,,,,,,,,,,,,,,,,,,,,,,,,,,,,,,,,,,,,,,,,,,,,,,,,,,,,,,,,,,,,,,,,,,,,,,,,,,,,,,,,,,,,,
19_07,19,07,f,14,03/21/22,05/22/23,m,r,9.86,9.87,74.9,75.1,33.2,.,33.2,.,w,1958060,1958061,,,,,,,14,b,,,,,,,,,,,,,,,,,,,,,,,,,,,,,,,,,,,,,,,,,,,,,,,,,,,,,,,,,,,,,,,,,,,,,,,,,,,,,,,,,,,,,,,,,,,,,,,,,,,,,,,,,,
19_07,19,07,f,14,03/21/22,05/22/23,m,r,9.86,9.87,74.9,75.1,33.2,.,33.2,.,w,1958061,2338656,,,,,,,,,,,,,,,,,,,,,,,,,,,,,,,,,,,,,,,,,,,,,,,,,,,,,,,,,,,,,,,,,,,,,,,,,,,,,,,,,,,,,,,,,,,,,,,,,,,,,,,,,,,,,,,,,,
19_07,19,07,f,14,03/21/22,05/22/23,m,r,9.86,9.87,74.9,75.1,33.2,.,33.2,.,w,2338656,3125416,3,b,,,,,,,,,,,,,,,,,,,,,,,,,,,,,,,,,,,,,,,,,,,,,,,,,,,,,,,,,,,,,,,,,,,,,,,,,,,,,,,,,,,,,,,,,,,,,,,,,,,,,,,,,,,,,,,,
19_07,19,07,f,14,03/21/22,05/22/23,m,r,9.86,9.87,74.9,75.1,33.2,.,33.2,.,w,3125416,3550416,,,,,,,,,,,,,,,,,,,,,,,,,,,,,,,,,,,,,,,,,,,,,,,,,,,,,,,,,,,,,,,,,,,,,,,,,,,,,,,,,,,,,,,,,,,,,,,,,,,,,,,,,,,,,,,,,,
19_07,19,07,f,14,03/21/22,05/22/23,m,r,9.86,9.87,74.9,75.1,33.2,.,33.2,.,w,3550416,3623550,4,b,,,,,,,,,,,,,,,,,,,,,,,,,,,,,,,,,,,,,,,,,,,,,,,,,,,,,,,,,,,,,,,,,,,,,,,,,,,,,,,,,,,,,,,,,,,,,,,,,,,,,,,,,,,,,,,,
19_07,19,07,f,14,03/21/22,05/22/23,m,r,9.86,9.87,74.9,75.1,33.2,.,33.2,.,w,3623550,3978442,,,,,,,,,,,,,,,,,,,,,,,,,,,,,,,,,,,,,,,,,,,,,,,,,,,,,,,,,,,,,,,,,,,,,,,,,,,,,,,,,,,,,,,,,,,,,,,,,,,,,,,,,,,,,,,,,,
19_07,19,07,f,14,03/21/22,05/22/23,m,r,9.86,9.87,74.9,75.1,33.2,.,33.2,.,w,3978442,4093770,5,m,,,,,,,,,,,,,,,,,,,,,,,,,,,,,,,,,,,,,,,,,,,,,,,,,,,,,,,,,,,,,,,,,,,,,,,,,,,,,,,,,,,,,,,,,,,,,,,,,,,,,,,,,,,,,,,,
19_09,19,09,f,18,03/21/22,09/25/23,m,r,10.79,.,79.6,78.7,.,.,.,.,w,297058,1013543,1,p,1,p,1,p,,,,,,,,,,,,,,,,,,,,,,,,,,,,,,,,,,,,,,,,,,,,,,,,,,,,,,,,,,,,,,,,,,,,,,,,,,,,,,,,,,,,,,,,,,,,,,,,,,,,,,,,,,,,
19_09,19,09,f,18,03/21/22,09/25/23,m,r,10.79,.,79.6,78.7,.,.,.,.,w,1013543,1161508,,,,,,,,,,,,,,,,,,,,,,,,,,,,,,,,,,,,,,,,,,,,,,,,,,,,,,,,,,,,,,,,,,,,,,,,,,,,,,,,,,,,,,,,,,,,,,,,,,,,,,,,,,,,,,,,,,
19_09,19,09,f,18,03/21/22,09/25/23,m,r,10.79,.,79.6,78.7,.,.,.,.,w,1161508,1162698,2,r,2,r,2,r,,,,,,,,,,,,,,,,,,,,,,,,,,,,,,,,,,,,,,,,,,,,,,,,,,,,,,,,,,,,,,,,,,,,,,,,,,,,,,,,,,,,,,,,,,,,,,,,,,,,,,,,,,,,
19_09,19,09,f,18,03/21/22,09/25/23,m,r,10.79,.,79.6,78.7,.,.,.,.,w,1162698,1165215,2,r,2,r,2,r,1,y,,,,,,,,,,,,,,,,,,,,,,,,,,,,,,,,,,,,,,,,,,,,,,,,,,,,,,,,,,,,,,,,,,,,,,,,,,,,,,,,,,,,,,,,,,,,,,,,,,,,,,,,,,
19_09,19,09,f,18,03/21/22,09/25/23,m,r,10.79,.,79.6,78.7,.,.,.,.,w,1165215,1175278,2,r,2,r,2,r,,,,,,,,,,,,,,,,,,,,,,,,,,,,,,,,,,,,,,,,,,,,,,,,,,,,,,,,,,,,,,,,,,,,,,,,,,,,,,,,,,,,,,,,,,,,,,,,,,,,,,,,,,,,
19_09,19,09,f,18,03/21/22,09/25/23,m,r,10.79,.,79.6,78.7,.,.,.,.,w,1175278,1195338,2,r,2,r,,,,,,,,,,,,,,,,,,,,,,,,,,,,,,,,,,,,,,,,,,,,,,,,,,,,,,,,,,,,,,,,,,,,,,,,,,,,,,,,,,,,,,,,,,,,,,,,,,,,,,,,,,,,,,
19_09,19,09,f,18,03/21/22,09/25/23,m,r,10.79,.,79.6,78.7,.,.,.,.,w,1195338,1195339,2,r,2,r,,,2,cu,,,,,,,,,,,,,,,,,,1,y,.,.,.,.,p,.,.,.,.,.,.,.,.,.,.,,,,,,,,,,,,,,,,,,,,,,,,,,,,,,,,,,,,,,,,,,,,,,,,,,,,,,,,,,,,,,,,,,,,,,,,
19_09,19,09,f,18,03/21/22,09/25/23,m,r,10.79,.,79.6,78.7,.,.,.,.,w,1195339,1198228,2,r,2,r,,,2,cu,,,,,,,,,,,,,,,,,,,,,,,,,,,,,,,,,,,,,,,,,,,,,,,,,,,,,,,,,,,,,,,,,,,,,,,,,,,,,,,,,,,,,,,,,,,,,,,,,,,,,,,,,,
19_09,19,09,f,18,03/21/22,09/25/23,m,r,10.79,.,79.6,78.7,.,.,.,.,w,1198228,1198229,2,r,2,r,,,2,cu,,,,,,,,,,,,,,,,,,2,y,.,.,.,.,p,.,.,.,.,.,.,.,.,.,.,,,,,,,,,,,,,,,,,,,,,,,,,,,,,,,,,,,,,,,,,,,,,,,,,,,,,,,,,,,,,,,,,,,,,,,,
19_09,19,09,f,18,03/21/22,09/25/23,m,r,10.79,.,79.6,78.7,.,.,.,.,w,1198229,1202852,2,r,2,r,,,2,cu,,,,,,,,,,,,,,,,,,,,,,,,,,,,,,,,,,,,,,,,,,,,,,,,,,,,,,,,,,,,,,,,,,,,,,,,,,,,,,,,,,,,,,,,,,,,,,,,,,,,,,,,,,
19_09,19,09,f,18,03/21/22,09/25/23,m,r,10.79,.,79.6,78.7,.,.,.,.,w,1202852,1202853,2,r,2,r,,,2,cu,,,,,,,,,,,,,,,,,,3,y,.,.,.,.,d,.,.,.,.,.,.,.,.,.,.,,,,,,,,,,,,,,,,,,,,,,,,,,,,,,,,,,,,,,,,,,,,,,,,,,,,,,,,,,,,,,,,,,,,,,,,
19_09,19,09,f,18,03/21/22,09/25/23,m,r,10.79,.,79.6,78.7,.,.,.,.,w,1202853,1204504,2,r,2,r,,,2,cu,,,,,,,,,,,,,,,,,,,,,,,,,,,,,,,,,,,,,,,,,,,,,,,,,,,,,,,,,,,,,,,,,,,,,,,,,,,,,,,,,,,,,,,,,,,,,,,,,,,,,,,,,,
19_09,19,09,f,18,03/21/22,09/25/23,m,r,10.79,.,79.6,78.7,.,.,.,.,w,1204504,1204505,2,r,2,r,,,2,cu,,,,,,,,,,,,,,,,,,4,y,.,.,.,.,d,.,.,.,.,.,.,.,.,.,.,,,,,,,,,,,,,,,,,,,,,,,,,,,,,,,,,,,,,,,,,,,,,,,,,,,,,,,,,,,,,,,,,,,,,,,,
19_09,19,09,f,18,03/21/22,09/25/23,m,r,10.79,.,79.6,78.7,.,.,.,.,w,1204505,1212032,2,r,2,r,,,,,,,,,,,,,,,,,,,,,,,,,,,,,,,,,,,,,,,,,,,,,,,,,,,,,,,,,,,,,,,,,,,,,,,,,,,,,,,,,,,,,,,,,,,,,,,,,,,,,,,,,,,,,,
19_09,19,09,f,18,03/21/22,09/25/23,m,r,10.79,.,79.6,78.7,.,.,.,.,w,1212032,1212202,2,r,2,r,,,3,cu,,,,,,,,,,,,,,,,,,,,,,,,,,,,,,,,,,,,,,,,,,,,,,,,,,,,,,,,,,,,,,,,,,,,,,,,,,,,,,,,,,,,,,,,,,,,,,,,,,,,,,,,,,
19_09,19,09,f,18,03/21/22,09/25/23,m,r,10.79,.,79.6,78.7,.,.,.,.,w,1212202,1212203,2,r,2,r,,,3,cu,,,,,,,,,,,,,,,,,,5,.,.,y,.,.,f,.,.,.,.,.,.,.,.,.,y,,,,,,,,,,,,,,,,,,,,,,,,,,,,,,,,,,,,,,,,,,,,,,,,,,,,,,,,,,,,,,,,,,,,,,,,
19_09,19,09,f,18,03/21/22,09/25/23,m,r,10.79,.,79.6,78.7,.,.,.,.,w,1212203,1214650,2,r,2,r,,,3,cu,,,,,,,,,,,,,,,,,,,,,,,,,,,,,,,,,,,,,,,,,,,,,,,,,,,,,,,,,,,,,,,,,,,,,,,,,,,,,,,,,,,,,,,,,,,,,,,,,,,,,,,,,,
19_09,19,09,f,18,03/21/22,09/25/23,m,r,10.79,.,79.6,78.7,.,.,.,.,w,1214650,1214651,2,r,2,r,,,3,cu,,,,,,,,,,,,,,,,,,6,.,.,y,.,.,f,.,.,.,.,.,.,.,.,.,y,,,,,,,,,,,,,,,,,,,,,,,,,,,,,,,,,,,,,,,,,,,,,,,,,,,,,,,,,,,,,,,,,,,,,,,,
19_09,19,09,f,18,03/21/22,09/25/23,m,r,10.79,.,79.6,78.7,.,.,.,.,w,1214651,1215636,2,r,2,r,,,3,cu,,,,,,,,,,,,,,,,,,,,,,,,,,,,,,,,,,,,,,,,,,,,,,,,,,,,,,,,,,,,,,,,,,,,,,,,,,,,,,,,,,,,,,,,,,,,,,,,,,,,,,,,,,
19_09,19,09,f,18,03/21/22,09/25/23,m,r,10.79,.,79.6,78.7,.,.,.,.,w,1215636,1215637,2,r,2,r,,,3,cu,,,,,,,,,,,,,,,,,,7,.,.,y,.,.,f,.,.,.,.,.,.,.,.,.,y,,,,,,,,,,,,,,,,,,,,,,,,,,,,,,,,,,,,,,,,,,,,,,,,,,,,,,,,,,,,,,,,,,,,,,,,
19_09,19,09,f,18,03/21/22,09/25/23,m,r,10.79,.,79.6,78.7,.,.,.,.,w,1215637,1216894,2,r,2,r,,,3,cu,,,,,,,,,,,,,,,,,,,,,,,,,,,,,,,,,,,,,,,,,,,,,,,,,,,,,,,,,,,,,,,,,,,,,,,,,,,,,,,,,,,,,,,,,,,,,,,,,,,,,,,,,,
19_09,19,09,f,18,03/21/22,09/25/23,m,r,10.79,.,79.6,78.7,.,.,.,.,w,1216894,1216895,2,r,2,r,,,3,cu,,,,,,,,,,,,,,,,,,8,.,.,y,.,.,f,.,.,.,.,.,.,.,.,.,y,,,,,,,,,,,,,,,,,,,,,,,,,,,,,,,,,,,,,,,,,,,,,,,,,,,,,,,,,,,,,,,,,,,,,,,,
19_09,19,09,f,18,03/21/22,09/25/23,m,r,10.79,.,79.6,78.7,.,.,.,.,w,1216895,1217574,2,r,2,r,,,3,cu,,,,,,,,,,,,,,,,,,,,,,,,,,,,,,,,,,,,,,,,,,,,,,,,,,,,,,,,,,,,,,,,,,,,,,,,,,,,,,,,,,,,,,,,,,,,,,,,,,,,,,,,,,
19_09,19,09,f,18,03/21/22,09/25/23,m,r,10.79,.,79.6,78.7,.,.,.,.,w,1217574,1217575,2,r,2,r,,,3,cu,,,,,,,,,,,,,,,,,,9,.,.,y,.,.,f,.,.,.,.,.,.,.,.,.,y,,,,,,,,,,,,,,,,,,,,,,,,,,,,,,,,,,,,,,,,,,,,,,,,,,,,,,,,,,,,,,,,,,,,,,,,
19_09,19,09,f,18,03/21/22,09/25/23,m,r,10.79,.,79.6,78.7,.,.,.,.,w,1217575,1217677,2,r,2,r,,,3,cu,,,,,,,,,,,,,,,,,,,,,,,,,,,,,,,,,,,,,,,,,,,,,,,,,,,,,,,,,,,,,,,,,,,,,,,,,,,,,,,,,,,,,,,,,,,,,,,,,,,,,,,,,,
19_09,19,09,f,18,03/21/22,09/25/23,m,r,10.79,.,79.6,78.7,.,.,.,.,w,1217677,1229202,2,r,2,r,,,,,,,,,,,,,,,,,,,,,,,,,,,,,,,,,,,,,,,,,,,,,,,,,,,,,,,,,,,,,,,,,,,,,,,,,,,,,,,,,,,,,,,,,,,,,,,,,,,,,,,,,,,,,,
19_09,19,09,f,18,03/21/22,09/25/23,m,r,10.79,.,79.6,78.7,.,.,.,.,w,1229202,1258748,2,r,2,r,3,r,,,,,,,,,,,,,,,,,,,,,,,,,,,,,,,,,,,,,,,,,,,,,,,,,,,,,,,,,,,,,,,,,,,,,,,,,,,,,,,,,,,,,,,,,,,,,,,,,,,,,,,,,,,,
19_09,19,09,f,18,03/21/22,09/25/23,m,r,10.79,.,79.6,78.7,.,.,.,.,w,1258748,1258749,2,r,2,r,3,r,4,pb,,,,,,,,,,,,,,,,,,10,y,.,.,.,.,p,.,.,.,.,.,.,.,.,.,.,,,,,,,,,,,,,,,,,,,,,,,,,,,,,,,,,,,,,,,,,,,,,,,,,,,,,,,,,,,,,,,,,,,,,,,,
19_09,19,09,f,18,03/21/22,09/25/23,m,r,10.79,.,79.6,78.7,.,.,.,.,w,1258749,1261468,2,r,2,r,3,r,4,pb,,,,,,,,,,,,,,,,,,,,,,,,,,,,,,,,,,,,,,,,,,,,,,,,,,,,,,,,,,,,,,,,,,,,,,,,,,,,,,,,,,,,,,,,,,,,,,,,,,,,,,,,,,
19_09,19,09,f,18,03/21/22,09/25/23,m,r,10.79,.,79.6,78.7,.,.,.,.,w,1261468,1261469,2,r,2,r,3,r,4,pb,,,,,,,,,,,,,,,,,,11,y,.,.,.,.,th,.,.,.,.,.,.,.,.,.,.,,,,,,,,,,,,,,,,,,,,,,,,,,,,,,,,,,,,,,,,,,,,,,,,,,,,,,,,,,,,,,,,,,,,,,,,
19_09,19,09,f,18,03/21/22,09/25/23,m,r,10.79,.,79.6,78.7,.,.,.,.,w,1261469,1265038,2,r,2,r,3,r,,,,,,,,,,,,,,,,,,,,,,,,,,,,,,,,,,,,,,,,,,,,,,,,,,,,,,,,,,,,,,,,,,,,,,,,,,,,,,,,,,,,,,,,,,,,,,,,,,,,,,,,,,,,
19_09,19,09,f,18,03/21/22,09/25/23,m,r,10.79,.,79.6,78.7,.,.,.,.,w,1265038,1265039,2,r,2,r,3,r,5,g,,,,,,,,,,,,,,,,,,12,y,.,.,.,.,p,.,.,.,.,.,.,.,.,.,.,,,,,,,,,,,,,,,,,,,,,,,,,,,,,,,,,,,,,,,,,,,,,,,,,,,,,,,,,,,,,,,,,,,,,,,,
19_09,19,09,f,18,03/21/22,09/25/23,m,r,10.79,.,79.6,78.7,.,.,.,.,w,1265039,1266908,2,r,2,r,3,r,5,g,,,,,,,,,,,,,,,,,,,,,,,,,,,,,,,,,,,,,,,,,,,,,,,,,,,,,,,,,,,,,,,,,,,,,,,,,,,,,,,,,,,,,,,,,,,,,,,,,,,,,,,,,,
19_09,19,09,f,18,03/21/22,09/25/23,m,r,10.79,.,79.6,78.7,.,.,.,.,w,1266908,1266909,2,r,2,r,3,r,5,g,,,,,,,,,,,,,,,,,,13,y,.,.,.,.,d,.,.,.,.,.,.,.,.,.,.,,,,,,,,,,,,,,,,,,,,,,,,,,,,,,,,,,,,,,,,,,,,,,,,,,,,,,,,,,,,,,,,,,,,,,,,
19_09,19,09,f,18,03/21/22,09/25/23,m,r,10.79,.,79.6,78.7,.,.,.,.,w,1266909,1269152,2,r,2,r,3,r,,,,,,,,,,,,,,,,,,,,,,,,,,,,,,,,,,,,,,,,,,,,,,,,,,,,,,,,,,,,,,,,,,,,,,,,,,,,,,,,,,,,,,,,,,,,,,,,,,,,,,,,,,,,
19_09,19,09,f,18,03/21/22,09/25/23,m,r,10.79,.,79.6,78.7,.,.,.,.,w,1269152,1279965,2,r,2,r,3,r,6,s,14,y,.,.,.,.,pu,.,.,.,.,.,.,.,.,.,.,,,,,,,,,,,,,,,,,,,,,,,,,,,,,,,,,,,,,,,,,,,,,,,,,,,,,,,,,,,,,,,,,,,,,,,,,,,,,,,,,,,,,,,,,
19_09,19,09,f,18,03/21/22,09/25/23,m,r,10.79,.,79.6,78.7,.,.,.,.,w,1279965,1285166,2,r,2,r,3,r,,,,,,,,,,,,,,,,,,,,,,,,,,,,,,,,,,,,,,,,,,,,,,,,,,,,,,,,,,,,,,,,,,,,,,,,,,,,,,,,,,,,,,,,,,,,,,,,,,,,,,,,,,,,
19_09,19,09,f,18,03/21/22,09/25/23,m,r,10.79,.,79.6,78.7,.,.,.,.,w,1285166,1295571,2,r,2,r,3,r,7,s,15,y,.,.,.,.,pu,.,.,.,.,.,.,.,.,.,.,,,,,,,,,,,,,,,,,,,,,,,,,,,,,,,,,,,,,,,,,,,,,,,,,,,,,,,,,,,,,,,,,,,,,,,,,,,,,,,,,,,,,,,,,
19_09,19,09,f,18,03/21/22,09/25/23,m,r,10.79,.,79.6,78.7,.,.,.,.,w,1295571,1297032,2,r,2,r,3,r,,,,,,,,,,,,,,,,,,,,,,,,,,,,,,,,,,,,,,,,,,,,,,,,,,,,,,,,,,,,,,,,,,,,,,,,,,,,,,,,,,,,,,,,,,,,,,,,,,,,,,,,,,,,
19_09,19,09,f,18,03/21/22,09/25/23,m,r,10.79,.,79.6,78.7,.,.,.,.,w,1297032,1297033,2,r,2,r,3,r,8,bu,,,,,,,,,,,,,,,,,,16,y,.,.,.,.,p,.,.,.,.,.,.,.,.,.,.,,,,,,,,,,,,,,,,,,,,,,,,,,,,,,,,,,,,,,,,,,,,,,,,,,,,,,,,,,,,,,,,,,,,,,,,
19_09,19,09,f,18,03/21/22,09/25/23,m,r,10.79,.,79.6,78.7,.,.,.,.,w,1297033,1304988,2,r,2,r,3,r,8,bu,,,,,,,,,,,,,,,,,,,,,,,,,,,,,,,,,,,,,,,,,,,,,,,,,,,,,,,,,,,,,,,,,,,,,,,,,,,,,,,,,,,,,,,,,,,,,,,,,,,,,,,,,,
19_09,19,09,f,18,03/21/22,09/25/23,m,r,10.79,.,79.6,78.7,.,.,.,.,w,1304988,1304989,2,r,2,r,3,r,8,bu,,,,,,,,,,,,,,,,,,17,y,.,.,.,.,d,.,.,.,.,.,.,.,.,.,.,,,,,,,,,,,,,,,,,,,,,,,,,,,,,,,,,,,,,,,,,,,,,,,,,,,,,,,,,,,,,,,,,,,,,,,,
19_09,19,09,f,18,03/21/22,09/25/23,m,r,10.79,.,79.6,78.7,.,.,.,.,w,1304989,1306994,2,r,2,r,3,r,8,bu,,,,,,,,,,,,,,,,,,,,,,,,,,,,,,,,,,,,,,,,,,,,,,,,,,,,,,,,,,,,,,,,,,,,,,,,,,,,,,,,,,,,,,,,,,,,,,,,,,,,,,,,,,
19_09,19,09,f,18,03/21/22,09/25/23,m,r,10.79,.,79.6,78.7,.,.,.,.,w,1306994,1306995,2,r,2,r,3,r,8,bu,,,,,,,,,,,,,,,,,,18,y,.,.,.,.,o,.,.,.,y,.,.,.,.,.,.,,,,,,,,,,,,,,,,,,,,,,,,,,,,,,,,,,,,,,,,,,,,,,,,,,,,,,,,,,,,,,,,,,,,,,,,
19_09,19,09,f,18,03/21/22,09/25/23,m,r,10.79,.,79.6,78.7,.,.,.,.,w,1306995,1312706,2,r,2,r,3,r,8,bu,,,,,,,,,,,,,,,,,,,,,,,,,,,,,,,,,,,,,,,,,,,,,,,,,,,,,,,,,,,,,,,,,,,,,,,,,,,,,,,,,,,,,,,,,,,,,,,,,,,,,,,,,,
19_09,19,09,f,18,03/21/22,09/25/23,m,r,10.79,.,79.6,78.7,.,.,.,.,w,1312706,1312707,2,r,2,r,3,r,8,bu,,,,,,,,,,,,,,,,,,19,y,.,.,.,.,th,.,.,.,.,.,.,.,.,.,.,,,,,,,,,,,,,,,,,,,,,,,,,,,,,,,,,,,,,,,,,,,,,,,,,,,,,,,,,,,,,,,,,,,,,,,,
19_09,19,09,f,18,03/21/22,09/25/23,m,r,10.79,.,79.6,78.7,.,.,.,.,w,1312707,1319676,2,r,2,r,3,r,,,,,,,,,,,,,,,,,,,,,,,,,,,,,,,,,,,,,,,,,,,,,,,,,,,,,,,,,,,,,,,,,,,,,,,,,,,,,,,,,,,,,,,,,,,,,,,,,,,,,,,,,,,,
19_09,19,09,f,18,03/21/22,09/25/23,m,r,10.79,.,79.6,78.7,.,.,.,.,w,1319676,1322396,2,r,2,r,3,r,9,bu,,,,,,,,,,,,,,,,,,,,,,,,,,,,,,,,,,,,,,,,,,,,,,,,,,,,,,,,,,,,,,,,,,,,,,,,,,,,,,,,,,,,,,,,,,,,,,,,,,,,,,,,,,
19_09,19,09,f,18,03/21/22,09/25/23,m,r,10.79,.,79.6,78.7,.,.,.,.,w,1322396,1322397,2,r,2,r,3,r,9,bu,,,,,,,,,,,,,,,,,,20,y,.,.,.,.,o,.,.,.,y,.,.,.,.,.,.,,,,,,,,,,,,,,,,,,,,,,,,,,,,,,,,,,,,,,,,,,,,,,,,,,,,,,,,,,,,,,,,,,,,,,,,
19_09,19,09,f,18,03/21/22,09/25/23,m,r,10.79,.,79.6,78.7,.,.,.,.,w,1322397,1329808,2,r,2,r,3,r,9,bu,,,,,,,,,,,,,,,,,,,,,,,,,,,,,,,,,,,,,,,,,,,,,,,,,,,,,,,,,,,,,,,,,,,,,,,,,,,,,,,,,,,,,,,,,,,,,,,,,,,,,,,,,,
19_09,19,09,f,18,03/21/22,09/25/23,m,r,10.79,.,79.6,78.7,.,.,.,.,w,1329808,1329809,2,r,2,r,3,r,9,bu,,,,,,,,,,,,,,,,,,21,y,.,.,.,.,th,.,.,.,.,.,.,.,.,.,.,,,,,,,,,,,,,,,,,,,,,,,,,,,,,,,,,,,,,,,,,,,,,,,,,,,,,,,,,,,,,,,,,,,,,,,,
19_09,19,09,f,18,03/21/22,09/25/23,m,r,10.79,.,79.6,78.7,.,.,.,.,w,1329809,1331508,2,r,2,r,3,r,9,bu,,,,,,,,,,,,,,,,,,,,,,,,,,,,,,,,,,,,,,,,,,,,,,,,,,,,,,,,,,,,,,,,,,,,,,,,,,,,,,,,,,,,,,,,,,,,,,,,,,,,,,,,,,
19_09,19,09,f,18,03/21/22,09/25/23,m,r,10.79,.,79.6,78.7,.,.,.,.,w,1331508,1331509,2,r,2,r,3,r,9,bu,,,,,,,,,,,,,,,,,,22,y,.,.,.,.,d,.,.,.,.,.,.,.,.,.,.,,,,,,,,,,,,,,,,,,,,,,,,,,,,,,,,,,,,,,,,,,,,,,,,,,,,,,,,,,,,,,,,,,,,,,,,
19_09,19,09,f,18,03/21/22,09/25/23,m,r,10.79,.,79.6,78.7,.,.,.,.,w,1331509,1340280,2,r,2,r,3,r,,,,,,,,,,,,,,,,,,,,,,,,,,,,,,,,,,,,,,,,,,,,,,,,,,,,,,,,,,,,,,,,,,,,,,,,,,,,,,,,,,,,,,,,,,,,,,,,,,,,,,,,,,,,
19_09,19,09,f,18,03/21/22,09/25/23,m,r,10.79,.,79.6,78.7,.,.,.,.,w,1340280,1346264,2,r,2,r,3,r,10,bu,,,,,,,,,,,,,,,,,,,,,,,,,,,,,,,,,,,,,,,,,,,,,,,,,,,,,,,,,,,,,,,,,,,,,,,,,,,,,,,,,,,,,,,,,,,,,,,,,,,,,,,,,,
19_09,19,09,f,18,03/21/22,09/25/23,m,r,10.79,.,79.6,78.7,.,.,.,.,w,1346264,1346265,2,r,2,r,3,r,10,bu,,,,,,,,,,,,,,,,,,23,y,.,.,.,.,o,.,.,.,y,.,.,.,.,.,.,,,,,,,,,,,,,,,,,,,,,,,,,,,,,,,,,,,,,,,,,,,,,,,,,,,,,,,,,,,,,,,,,,,,,,,,
19_09,19,09,f,18,03/21/22,09/25/23,m,r,10.79,.,79.6,78.7,.,.,.,.,w,1346265,1352078,2,r,2,r,3,r,10,bu,,,,,,,,,,,,,,,,,,,,,,,,,,,,,,,,,,,,,,,,,,,,,,,,,,,,,,,,,,,,,,,,,,,,,,,,,,,,,,,,,,,,,,,,,,,,,,,,,,,,,,,,,,
19_09,19,09,f,18,03/21/22,09/25/23,m,r,10.79,.,79.6,78.7,.,.,.,.,w,1352078,1352079,2,r,2,r,3,r,10,bu,,,,,,,,,,,,,,,,,,24,y,.,.,.,.,d,.,.,.,.,.,.,.,.,.,.,,,,,,,,,,,,,,,,,,,,,,,,,,,,,,,,,,,,,,,,,,,,,,,,,,,,,,,,,,,,,,,,,,,,,,,,
19_09,19,09,f,18,03/21/22,09/25/23,m,r,10.79,.,79.6,78.7,.,.,.,.,w,1352079,1355444,2,r,2,r,3,r,10,bu,,,,,,,,,,,,,,,,,,,,,,,,,,,,,,,,,,,,,,,,,,,,,,,,,,,,,,,,,,,,,,,,,,,,,,,,,,,,,,,,,,,,,,,,,,,,,,,,,,,,,,,,,,
19_09,19,09,f,18,03/21/22,09/25/23,m,r,10.79,.,79.6,78.7,.,.,.,.,w,1355444,1355445,2,r,2,r,3,r,10,bu,,,,,,,,,,,,,,,,,,25,y,.,.,.,.,th,.,.,.,.,.,.,.,.,.,.,,,,,,,,,,,,,,,,,,,,,,,,,,,,,,,,,,,,,,,,,,,,,,,,,,,,,,,,,,,,,,,,,,,,,,,,
19_09,19,09,f,18,03/21/22,09/25/23,m,r,10.79,.,79.6,78.7,.,.,.,.,w,1355445,1360680,2,r,2,r,3,r,10,bu,,,,,,,,,,,,,,,,,,,,,,,,,,,,,,,,,,,,,,,,,,,,,,,,,,,,,,,,,,,,,,,,,,,,,,,,,,,,,,,,,,,,,,,,,,,,,,,,,,,,,,,,,,
19_09,19,09,f,18,03/21/22,09/25/23,m,r,10.79,.,79.6,78.7,.,.,.,.,w,1360680,1360681,2,r,2,r,3,r,10,bu,,,,,,,,,,,,,,,,,,26,y,.,.,.,.,o,.,.,.,y,.,.,.,.,.,.,,,,,,,,,,,,,,,,,,,,,,,,,,,,,,,,,,,,,,,,,,,,,,,,,,,,,,,,,,,,,,,,,,,,,,,,
19_09,19,09,f,18,03/21/22,09/25/23,m,r,10.79,.,79.6,78.7,.,.,.,.,w,1360681,1361360,2,r,2,r,3,r,10,bu,,,,,,,,,,,,,,,,,,,,,,,,,,,,,,,,,,,,,,,,,,,,,,,,,,,,,,,,,,,,,,,,,,,,,,,,,,,,,,,,,,,,,,,,,,,,,,,,,,,,,,,,,,
19_09,19,09,f,18,03/21/22,09/25/23,m,r,10.79,.,79.6,78.7,.,.,.,.,w,1361360,1361361,2,r,2,r,3,r,10,bu,,,,,,,,,,,,,,,,,,27,y,.,.,.,.,p,.,.,.,.,.,.,.,.,.,.,,,,,,,,,,,,,,,,,,,,,,,,,,,,,,,,,,,,,,,,,,,,,,,,,,,,,,,,,,,,,,,,,,,,,,,,
19_09,19,09,f,18,03/21/22,09/25/23,m,r,10.79,.,79.6,78.7,.,.,.,.,w,1361361,1365372,2,r,2,r,3,r,10,bu,,,,,,,,,,,,,,,,,,,,,,,,,,,,,,,,,,,,,,,,,,,,,,,,,,,,,,,,,,,,,,,,,,,,,,,,,,,,,,,,,,,,,,,,,,,,,,,,,,,,,,,,,,
19_09,19,09,f,18,03/21/22,09/25/23,m,r,10.79,.,79.6,78.7,.,.,.,.,w,1365372,1365373,2,r,2,r,3,r,10,bu,,,,,,,,,,,,,,,,,,28,y,.,.,.,.,d,.,.,.,.,.,.,.,.,.,.,,,,,,,,,,,,,,,,,,,,,,,,,,,,,,,,,,,,,,,,,,,,,,,,,,,,,,,,,,,,,,,,,,,,,,,,
19_09,19,09,f,18,03/21/22,09/25/23,m,r,10.79,.,79.6,78.7,.,.,.,.,w,1365373,1373430,2,r,2,r,3,r,10,bu,,,,,,,,,,,,,,,,,,,,,,,,,,,,,,,,,,,,,,,,,,,,,,,,,,,,,,,,,,,,,,,,,,,,,,,,,,,,,,,,,,,,,,,,,,,,,,,,,,,,,,,,,,
19_09,19,09,f,18,03/21/22,09/25/23,m,r,10.79,.,79.6,78.7,.,.,.,.,w,1373430,1373431,2,r,2,r,3,r,10,bu,,,,,,,,,,,,,,,,,,29,y,.,.,.,.,p,.,.,.,.,.,.,.,.,.,.,,,,,,,,,,,,,,,,,,,,,,,,,,,,,,,,,,,,,,,,,,,,,,,,,,,,,,,,,,,,,,,,,,,,,,,,
19_09,19,09,f,18,03/21/22,09/25/23,m,r,10.79,.,79.6,78.7,.,.,.,.,w,1373431,1373974,2,r,2,r,3,r,10,bu,,,,,,,,,,,,,,,,,,,,,,,,,,,,,,,,,,,,,,,,,,,,,,,,,,,,,,,,,,,,,,,,,,,,,,,,,,,,,,,,,,,,,,,,,,,,,,,,,,,,,,,,,,
19_09,19,09,f,18,03/21/22,09/25/23,m,r,10.79,.,79.6,78.7,.,.,.,.,w,1373974,1373975,2,r,2,r,3,r,10,bu,,,,,,,,,,,,,,,,,,30,y,.,.,.,.,i,.,.,.,.,y,.,.,.,.,.,,,,,,,,,,,,,,,,,,,,,,,,,,,,,,,,,,,,,,,,,,,,,,,,,,,,,,,,,,,,,,,,,,,,,,,,
19_09,19,09,f,18,03/21/22,09/25/23,m,r,10.79,.,79.6,78.7,.,.,.,.,w,1373975,1375742,2,r,2,r,3,r,10,bu,,,,,,,,,,,,,,,,,,,,,,,,,,,,,,,,,,,,,,,,,,,,,,,,,,,,,,,,,,,,,,,,,,,,,,,,,,,,,,,,,,,,,,,,,,,,,,,,,,,,,,,,,,
19_09,19,09,f,18,03/21/22,09/25/23,m,r,10.79,.,79.6,78.7,.,.,.,.,w,1375742,1375743,2,r,2,r,3,r,10,bu,,,,,,,,,,,,,,,,,,31,y,.,.,.,.,p,.,.,.,.,.,.,.,.,.,.,,,,,,,,,,,,,,,,,,,,,,,,,,,,,,,,,,,,,,,,,,,,,,,,,,,,,,,,,,,,,,,,,,,,,,,,
19_09,19,09,f,18,03/21/22,09/25/23,m,r,10.79,.,79.6,78.7,.,.,.,.,w,1375743,1376524,2,r,2,r,3,r,10,bu,,,,,,,,,,,,,,,,,,,,,,,,,,,,,,,,,,,,,,,,,,,,,,,,,,,,,,,,,,,,,,,,,,,,,,,,,,,,,,,,,,,,,,,,,,,,,,,,,,,,,,,,,,
19_09,19,09,f,18,03/21/22,09/25/23,m,r,10.79,.,79.6,78.7,.,.,.,.,w,1376524,1376525,2,r,2,r,3,r,10,bu,,,,,,,,,,,,,,,,,,32,y,.,.,.,.,i,.,.,.,.,y,.,.,.,.,.,,,,,,,,,,,,,,,,,,,,,,,,,,,,,,,,,,,,,,,,,,,,,,,,,,,,,,,,,,,,,,,,,,,,,,,,
19_09,19,09,f,18,03/21/22,09/25/23,m,r,10.79,.,79.6,78.7,.,.,.,.,w,1376525,1377374,2,r,2,r,3,r,10,bu,,,,,,,,,,,,,,,,,,,,,,,,,,,,,,,,,,,,,,,,,,,,,,,,,,,,,,,,,,,,,,,,,,,,,,,,,,,,,,,,,,,,,,,,,,,,,,,,,,,,,,,,,,
19_09,19,09,f,18,03/21/22,09/25/23,m,r,10.79,.,79.6,78.7,.,.,.,.,w,1377374,1377375,2,r,2,r,3,r,10,bu,,,,,,,,,,,,,,,,,,33,y,.,.,.,.,p,.,.,.,.,.,.,.,.,.,.,,,,,,,,,,,,,,,,,,,,,,,,,,,,,,,,,,,,,,,,,,,,,,,,,,,,,,,,,,,,,,,,,,,,,,,,
19_09,19,09,f,18,03/21/22,09/25/23,m,r,10.79,.,79.6,78.7,.,.,.,.,w,1377375,1381012,2,r,2,r,3,r,10,bu,,,,,,,,,,,,,,,,,,,,,,,,,,,,,,,,,,,,,,,,,,,,,,,,,,,,,,,,,,,,,,,,,,,,,,,,,,,,,,,,,,,,,,,,,,,,,,,,,,,,,,,,,,
19_09,19,09,f,18,03/21/22,09/25/23,m,r,10.79,.,79.6,78.7,.,.,.,.,w,1381012,1381013,2,r,2,r,3,r,10,bu,,,,,,,,,,,,,,,,,,,,,,,,,,,,,,,,,,,1,cu,,,,,,,,,,,,,,,,,,91,y,.,.,.,.,p,.,.,.,.,.,.,.,.,.,.,,,,,,,,,,,,,,,,,,,,,,,,,,,,,,,,,,,,
19_09,19,09,f,18,03/21/22,09/25/23,m,r,10.79,.,79.6,78.7,.,.,.,.,w,1381013,1382270,2,r,2,r,3,r,10,bu,,,,,,,,,,,,,,,,,,,,,,,,,,,,,,,,,,,1,cu,,,,,,,,,,,,,,,,,,,,,,,,,,,,,,,,,,,,,,,,,,,,,,,,,,,,,,,,,,,,,,,,,,,,,,
19_09,19,09,f,18,03/21/22,09/25/23,m,r,10.79,.,79.6,78.7,.,.,.,.,w,1382270,1382271,2,r,2,r,3,r,10,bu,,,,,,,,,,,,,,,,,,34,.,.,.,.,y,i,.,.,.,.,y,.,.,.,.,.,1,cu,,,,,,,,,,,,,,,,,,91,y,.,.,.,.,i,.,.,.,.,y,.,.,.,.,.,,,,,,,,,,,,,,,,,,,,,,,,,,,,,,,,,,,,
19_09,19,09,f,18,03/21/22,09/25/23,m,r,10.79,.,79.6,78.7,.,.,.,.,w,1382271,1385738,2,r,2,r,3,r,10,bu,,,,,,,,,,,,,,,,,,,,,,,,,,,,,,,,,,,1,cu,,,,,,,,,,,,,,,,,,,,,,,,,,,,,,,,,,,,,,,,,,,,,,,,,,,,,,,,,,,,,,,,,,,,,,
19_09,19,09,f,18,03/21/22,09/25/23,m,r,10.79,.,79.6,78.7,.,.,.,.,w,1385738,1385739,2,r,2,r,3,r,10,bu,,,,,,,,,,,,,,,,,,,,,,,,,,,,,,,,,,,1,cu,,,,,,,,,,,,,,,,,,91,y,.,.,.,.,p,.,.,.,.,.,.,.,.,.,.,,,,,,,,,,,,,,,,,,,,,,,,,,,,,,,,,,,,
19_09,19,09,f,18,03/21/22,09/25/23,m,r,10.79,.,79.6,78.7,.,.,.,.,w,1385739,1386962,2,r,2,r,3,r,10,bu,,,,,,,,,,,,,,,,,,,,,,,,,,,,,,,,,,,1,cu,,,,,,,,,,,,,,,,,,,,,,,,,,,,,,,,,,,,,,,,,,,,,,,,,,,,,,,,,,,,,,,,,,,,,,
19_09,19,09,f,18,03/21/22,09/25/23,m,r,10.79,.,79.6,78.7,.,.,.,.,w,1386962,1386963,2,r,2,r,3,r,10,bu,,,,,,,,,,,,,,,,,,35,.,.,.,.,y,i,.,.,.,.,y,.,.,.,.,.,1,cu,,,,,,,,,,,,,,,,,,91,y,.,.,.,.,i,.,.,.,.,y,.,.,.,.,.,,,,,,,,,,,,,,,,,,,,,,,,,,,,,,,,,,,,
19_09,19,09,f,18,03/21/22,09/25/23,m,r,10.79,.,79.6,78.7,.,.,.,.,w,1386963,1391076,2,r,2,r,3,r,10,bu,,,,,,,,,,,,,,,,,,,,,,,,,,,,,,,,,,,,,,,,,,,,,,,,,,,,,,,,,,,,,,,,,,,,,,,,,,,,,,,,,,,,,,,,,,,,,,,,,,,,,,,,,,
19_09,19,09,f,18,03/21/22,09/25/23,m,r,10.79,.,79.6,78.7,.,.,.,.,w,1391076,1391077,2,r,2,r,3,r,10,bu,,,,,,,,,,,,,,,,,,,,,,,,,,,,,,,,,,,2,cu,,,,,,,,,,,,,,,,,,91,y,.,.,.,.,p,.,.,.,.,.,.,.,.,.,.,,,,,,,,,,,,,,,,,,,,,,,,,,,,,,,,,,,,
19_09,19,09,f,18,03/21/22,09/25/23,m,r,10.79,.,79.6,78.7,.,.,.,.,w,1391077,1392436,2,r,2,r,3,r,10,bu,,,,,,,,,,,,,,,,,,,,,,,,,,,,,,,,,,,2,cu,,,,,,,,,,,,,,,,,,,,,,,,,,,,,,,,,,,,,,,,,,,,,,,,,,,,,,,,,,,,,,,,,,,,,,
19_09,19,09,f,18,03/21/22,09/25/23,m,r,10.79,.,79.6,78.7,.,.,.,.,w,1392436,1392437,2,r,2,r,3,r,10,bu,,,,,,,,,,,,,,,,,,36,.,.,.,.,y,i,.,.,.,.,y,.,.,.,.,.,2,cu,,,,,,,,,,,,,,,,,,91,y,.,.,.,.,i,.,.,.,.,y,.,.,.,.,.,,,,,,,,,,,,,,,,,,,,,,,,,,,,,,,,,,,,
19_09,19,09,f,18,03/21/22,09/25/23,m,r,10.79,.,79.6,78.7,.,.,.,.,w,1392437,1396448,2,r,2,r,3,r,10,bu,,,,,,,,,,,,,,,,,,,,,,,,,,,,,,,,,,,2,cu,,,,,,,,,,,,,,,,,,,,,,,,,,,,,,,,,,,,,,,,,,,,,,,,,,,,,,,,,,,,,,,,,,,,,,
19_09,19,09,f,18,03/21/22,09/25/23,m,r,10.79,.,79.6,78.7,.,.,.,.,w,1396448,1396449,2,r,2,r,3,r,10,bu,,,,,,,,,,,,,,,,,,37,.,.,.,.,y,o,.,.,.,y,.,.,.,.,.,.,2,cu,,,,,,,,,,,,,,,,,,91,y,.,.,.,.,o,.,.,.,y,.,.,.,.,.,.,,,,,,,,,,,,,,,,,,,,,,,,,,,,,,,,,,,,
19_09,19,09,f,18,03/21/22,09/25/23,m,r,10.79,.,79.6,78.7,.,.,.,.,w,1396449,1398318,2,r,2,r,3,r,10,bu,,,,,,,,,,,,,,,,,,,,,,,,,,,,,,,,,,,2,cu,,,,,,,,,,,,,,,,,,,,,,,,,,,,,,,,,,,,,,,,,,,,,,,,,,,,,,,,,,,,,,,,,,,,,,
19_09,19,09,f,18,03/21/22,09/25/23,m,r,10.79,.,79.6,78.7,.,.,.,.,w,1398318,1398319,2,r,2,r,3,r,10,bu,,,,,,,,,,,,,,,,,,,,,,,,,,,,,,,,,,,2,cu,,,,,,,,,,,,,,,,,,91,y,.,.,.,.,d,.,.,.,.,.,.,.,.,.,.,,,,,,,,,,,,,,,,,,,,,,,,,,,,,,,,,,,,
19_09,19,09,f,18,03/21/22,09/25/23,m,r,10.79,.,79.6,78.7,.,.,.,.,w,1398319,1402058,2,r,2,r,3,r,10,bu,,,,,,,,,,,,,,,,,,,,,,,,,,,,,,,,,,,2,cu,,,,,,,,,,,,,,,,,,,,,,,,,,,,,,,,,,,,,,,,,,,,,,,,,,,,,,,,,,,,,,,,,,,,,,
19_09,19,09,f,18,03/21/22,09/25/23,m,r,10.79,.,79.6,78.7,.,.,.,.,w,1402058,1402059,2,r,2,r,3,r,10,bu,,,,,,,,,,,,,,,,,,38,y,.,.,.,.,d,.,.,.,.,.,.,.,.,.,.,2,cu,,,,,,,,,,,,,,,,,,,,,,,,,,,,,,,,,,,,,,,,,,,,,,,,,,,,,,,,,,,,,,,,,,,,,,
19_09,19,09,f,18,03/21/22,09/25/23,m,r,10.79,.,79.6,78.7,.,.,.,.,w,1402059,1407260,2,r,2,r,3,r,10,bu,,,,,,,,,,,,,,,,,,,,,,,,,,,,,,,,,,,2,cu,,,,,,,,,,,,,,,,,,,,,,,,,,,,,,,,,,,,,,,,,,,,,,,,,,,,,,,,,,,,,,,,,,,,,,
19_09,19,09,f,18,03/21/22,09/25/23,m,r,10.79,.,79.6,78.7,.,.,.,.,w,1407260,1407261,2,r,2,r,3,r,10,bu,,,,,,,,,,,,,,,,,,39,.,.,.,.,y,o,.,.,.,y,.,.,.,.,.,.,2,cu,,,,,,,,,,,,,,,,,,91,y,.,.,.,.,o,.,.,.,y,.,.,.,.,.,.,,,,,,,,,,,,,,,,,,,,,,,,,,,,,,,,,,,,
19_09,19,09,f,18,03/21/22,09/25/23,m,r,10.79,.,79.6,78.7,.,.,.,.,w,1407261,1409164,2,r,2,r,3,r,,,,,,,,,,,,,,,,,,,,,,,,,,,,,,,,,,,,,2,cu,,,,,,,,,,,,,,,,,,,,,,,,,,,,,,,,,,,,,,,,,,,,,,,,,,,,,,,,,,,,,,,,,,,,,,
19_09,19,09,f,18,03/21/22,09/25/23,m,r,10.79,.,79.6,78.7,.,.,.,.,w,1409164,1409165,2,r,2,r,3,r,,,,,,,,,,,,,,,,,,,,,,,,,,,,,,,,,,,,,2,cu,,,,,,,,,,,,,,,,,,91,y,.,.,.,.,d,.,.,.,.,.,.,.,.,.,.,,,,,,,,,,,,,,,,,,,,,,,,,,,,,,,,,,,,
19_09,19,09,f,18,03/21/22,09/25/23,m,r,10.79,.,79.6,78.7,.,.,.,.,w,1409165,1411544,2,r,2,r,3,r,,,,,,,,,,,,,,,,,,,,,,,,,,,,,,,,,,,,,2,cu,,,,,,,,,,,,,,,,,,,,,,,,,,,,,,,,,,,,,,,,,,,,,,,,,,,,,,,,,,,,,,,,,,,,,,
19_09,19,09,f,18,03/21/22,09/25/23,m,r,10.79,.,79.6,78.7,.,.,.,.,w,1411544,1413346,2,r,2,r,3,r,11,bu,,,,,,,,,,,,,,,,,,,,,,,,,,,,,,,,,,,2,cu,,,,,,,,,,,,,,,,,,,,,,,,,,,,,,,,,,,,,,,,,,,,,,,,,,,,,,,,,,,,,,,,,,,,,,
19_09,19,09,f,18,03/21/22,09/25/23,m,r,10.79,.,79.6,78.7,.,.,.,.,w,1413346,1413347,2,r,2,r,3,r,11,bu,,,,,,,,,,,,,,,,,,40,.,.,.,.,y,o,.,.,.,y,.,.,.,.,.,.,2,cu,,,,,,,,,,,,,,,,,,91,y,.,.,.,.,o,.,.,.,y,.,.,.,.,.,.,,,,,,,,,,,,,,,,,,,,,,,,,,,,,,,,,,,,
19_09,19,09,f,18,03/21/22,09/25/23,m,r,10.79,.,79.6,78.7,.,.,.,.,w,1413347,1417888,2,r,2,r,3,r,,,,,,,,,,,,,,,,,,,,,,,,,,,,,,,,,,,,,2,cu,,,,,,,,,,,,,,,,,,,,,,,,,,,,,,,,,,,,,,,,,,,,,,,,,,,,,,,,,,,,,,,,,,,,,,
19_09,19,09,f,18,03/21/22,09/25/23,m,r,10.79,.,79.6,78.7,.,.,.,.,w,1417888,1417889,2,r,2,r,3,r,,,,,,,,,,,,,,,,,,,,,,,,,,,,,,,,,,,,,2,cu,,,,,,,,,,,,,,,,,,91,y,.,.,.,.,d,.,.,.,.,.,.,.,.,.,.,,,,,,,,,,,,,,,,,,,,,,,,,,,,,,,,,,,,
19_09,19,09,f,18,03/21/22,09/25/23,m,r,10.79,.,79.6,78.7,.,.,.,.,w,1417889,1419126,2,r,2,r,3,r,,,,,,,,,,,,,,,,,,,,,,,,,,,,,,,,,,,,,,,,,,,,,,,,,,,,,,,,,,,,,,,,,,,,,,,,,,,,,,,,,,,,,,,,,,,,,,,,,,,,,,,,,,,,
19_09,19,09,f,18,03/21/22,09/25/23,m,r,10.79,.,79.6,78.7,.,.,.,.,w,1419126,1419127,2,r,2,r,3,r,12,bu,,,,,,,,,,,,,,,,,,41,y,.,.,.,.,p,.,.,.,.,.,.,.,.,.,.,,,,,,,,,,,,,,,,,,,,,,,,,,,,,,,,,,,,,,,,,,,,,,,,,,,,,,,,,,,,,,,,,,,,,,,,
19_09,19,09,f,18,03/21/22,09/25/23,m,r,10.79,.,79.6,78.7,.,.,.,.,w,1419127,1433916,2,r,2,r,3,r,12,bu,,,,,,,,,,,,,,,,,,,,,,,,,,,,,,,,,,,,,,,,,,,,,,,,,,,,,,,,,,,,,,,,,,,,,,,,,,,,,,,,,,,,,,,,,,,,,,,,,,,,,,,,,,
19_09,19,09,f,18,03/21/22,09/25/23,m,r,10.79,.,79.6,78.7,.,.,.,.,w,1433916,1433917,2,r,2,r,3,r,12,bu,,,,,,,,,,,,,,,,,,42,y,.,.,.,.,p,.,.,.,.,.,.,.,.,.,.,,,,,,,,,,,,,,,,,,,,,,,,,,,,,,,,,,,,,,,,,,,,,,,,,,,,,,,,,,,,,,,,,,,,,,,,
19_09,19,09,f,18,03/21/22,09/25/23,m,r,10.79,.,79.6,78.7,.,.,.,.,w,1433917,1437452,2,r,2,r,3,r,12,bu,,,,,,,,,,,,,,,,,,,,,,,,,,,,,,,,,,,,,,,,,,,,,,,,,,,,,,,,,,,,,,,,,,,,,,,,,,,,,,,,,,,,,,,,,,,,,,,,,,,,,,,,,,
19_09,19,09,f,18,03/21/22,09/25/23,m,r,10.79,.,79.6,78.7,.,.,.,.,w,1437452,1437453,2,r,2,r,3,r,12,bu,,,,,,,,,,,,,,,,,,43,y,.,.,.,.,p,.,.,.,.,.,.,.,.,.,.,,,,,,,,,,,,,,,,,,,,,,,,,,,,,,,,,,,,,,,,,,,,,,,,,,,,,,,,,,,,,,,,,,,,,,,,
19_09,19,09,f,18,03/21/22,09/25/23,m,r,10.79,.,79.6,78.7,.,.,.,.,w,1437453,1439016,2,r,2,r,3,r,12,bu,,,,,,,,,,,,,,,,,,,,,,,,,,,,,,,,,,,,,,,,,,,,,,,,,,,,,,,,,,,,,,,,,,,,,,,,,,,,,,,,,,,,,,,,,,,,,,,,,,,,,,,,,,
19_09,19,09,f,18,03/21/22,09/25/23,m,r,10.79,.,79.6,78.7,.,.,.,.,w,1439016,1439017,2,r,2,r,3,r,12,bu,,,,,,,,,,,,,,,,,,44,y,.,.,.,.,i,.,.,.,.,y,.,.,.,.,.,,,,,,,,,,,,,,,,,,,,,,,,,,,,,,,,,,,,,,,,,,,,,,,,,,,,,,,,,,,,,,,,,,,,,,,,
19_09,19,09,f,18,03/21/22,09/25/23,m,r,10.79,.,79.6,78.7,.,.,.,.,w,1439017,1439560,2,r,2,r,3,r,12,bu,,,,,,,,,,,,,,,,,,,,,,,,,,,,,,,,,,,,,,,,,,,,,,,,,,,,,,,,,,,,,,,,,,,,,,,,,,,,,,,,,,,,,,,,,,,,,,,,,,,,,,,,,,
19_09,19,09,f,18,03/21/22,09/25/23,m,r,10.79,.,79.6,78.7,.,.,.,.,w,1439560,1439561,2,r,2,r,3,r,12,bu,,,,,,,,,,,,,,,,,,45,y,.,.,.,.,i,.,.,.,.,y,.,.,.,.,.,,,,,,,,,,,,,,,,,,,,,,,,,,,,,,,,,,,,,,,,,,,,,,,,,,,,,,,,,,,,,,,,,,,,,,,,
19_09,19,09,f,18,03/21/22,09/25/23,m,r,10.79,.,79.6,78.7,.,.,.,.,w,1439561,1441430,2,r,2,r,3,r,12,bu,,,,,,,,,,,,,,,,,,,,,,,,,,,,,,,,,,,,,,,,,,,,,,,,,,,,,,,,,,,,,,,,,,,,,,,,,,,,,,,,,,,,,,,,,,,,,,,,,,,,,,,,,,
19_09,19,09,f,18,03/21/22,09/25/23,m,r,10.79,.,79.6,78.7,.,.,.,.,w,1441430,1441431,2,r,2,r,3,r,12,bu,,,,,,,,,,,,,,,,,,46,y,.,.,.,.,p,.,.,.,.,.,.,.,.,.,.,,,,,,,,,,,,,,,,,,,,,,,,,,,,,,,,,,,,,,,,,,,,,,,,,,,,,,,,,,,,,,,,,,,,,,,,
19_09,19,09,f,18,03/21/22,09/25/23,m,r,10.79,.,79.6,78.7,.,.,.,.,w,1441431,1442042,2,r,2,r,3,r,12,bu,,,,,,,,,,,,,,,,,,,,,,,,,,,,,,,,,,,,,,,,,,,,,,,,,,,,,,,,,,,,,,,,,,,,,,,,,,,,,,,,,,,,,,,,,,,,,,,,,,,,,,,,,,
19_09,19,09,f,18,03/21/22,09/25/23,m,r,10.79,.,79.6,78.7,.,.,.,.,w,1442042,1442043,2,r,2,r,3,r,12,bu,,,,,,,,,,,,,,,,,,47,y,.,.,.,.,i,.,.,.,.,y,.,.,.,.,.,,,,,,,,,,,,,,,,,,,,,,,,,,,,,,,,,,,,,,,,,,,,,,,,,,,,,,,,,,,,,,,,,,,,,,,,
19_09,19,09,f,18,03/21/22,09/25/23,m,r,10.79,.,79.6,78.7,.,.,.,.,w,1442043,1450780,2,r,2,r,3,r,12,bu,,,,,,,,,,,,,,,,,,,,,,,,,,,,,,,,,,,,,,,,,,,,,,,,,,,,,,,,,,,,,,,,,,,,,,,,,,,,,,,,,,,,,,,,,,,,,,,,,,,,,,,,,,
19_09,19,09,f,18,03/21/22,09/25/23,m,r,10.79,.,79.6,78.7,.,.,.,.,w,1450780,1450781,2,r,2,r,3,r,12,bu,,,,,,,,,,,,,,,,,,48,y,.,.,.,.,d,.,.,.,.,.,.,.,.,.,.,,,,,,,,,,,,,,,,,,,,,,,,,,,,,,,,,,,,,,,,,,,,,,,,,,,,,,,,,,,,,,,,,,,,,,,,
19_09,19,09,f,18,03/21/22,09/25/23,m,r,10.79,.,79.6,78.7,.,.,.,.,w,1450781,1451086,2,r,2,r,3,r,12,bu,,,,,,,,,,,,,,,,,,,,,,,,,,,,,,,,,,,,,,,,,,,,,,,,,,,,,,,,,,,,,,,,,,,,,,,,,,,,,,,,,,,,,,,,,,,,,,,,,,,,,,,,,,
19_09,19,09,f,18,03/21/22,09/25/23,m,r,10.79,.,79.6,78.7,.,.,.,.,w,1451086,1451087,2,r,2,r,3,r,12,bu,,,,,,,,,,,,,,,,,,49,y,.,.,.,.,d,.,.,.,.,.,.,.,.,.,.,,,,,,,,,,,,,,,,,,,,,,,,,,,,,,,,,,,,,,,,,,,,,,,,,,,,,,,,,,,,,,,,,,,,,,,,
19_09,19,09,f,18,03/21/22,09/25/23,m,r,10.79,.,79.6,78.7,.,.,.,.,w,1451087,1453465,2,r,2,r,3,r,12,bu,,,,,,,,,,,,,,,,,,,,,,,,,,,,,,,,,,,,,,,,,,,,,,,,,,,,,,,,,,,,,,,,,,,,,,,,,,,,,,,,,,,,,,,,,,,,,,,,,,,,,,,,,,
19_09,19,09,f,18,03/21/22,09/25/23,m,r,10.79,.,79.6,78.7,.,.,.,.,w,1453465,1453466,2,r,2,r,3,r,12,bu,,,,,,,,,,,,,,,,,,50,y,.,.,.,.,d,.,.,.,.,.,.,.,.,.,.,,,,,,,,,,,,,,,,,,,,,,,,,,,,,,,,,,,,,,,,,,,,,,,,,,,,,,,,,,,,,,,,,,,,,,,,
19_09,19,09,f,18,03/21/22,09/25/23,m,r,10.79,.,79.6,78.7,.,.,.,.,w,1453466,1457818,2,r,2,r,3,r,12,bu,,,,,,,,,,,,,,,,,,,,,,,,,,,,,,,,,,,,,,,,,,,,,,,,,,,,,,,,,,,,,,,,,,,,,,,,,,,,,,,,,,,,,,,,,,,,,,,,,,,,,,,,,,
19_09,19,09,f,18,03/21/22,09/25/23,m,r,10.79,.,79.6,78.7,.,.,.,.,w,1457818,1457819,2,r,2,r,3,r,12,bu,,,,,,,,,,,,,,,,,,51,y,.,.,.,.,d,.,.,.,.,.,.,.,.,.,.,,,,,,,,,,,,,,,,,,,,,,,,,,,,,,,,,,,,,,,,,,,,,,,,,,,,,,,,,,,,,,,,,,,,,,,,
19_09,19,09,f,18,03/21/22,09/25/23,m,r,10.79,.,79.6,78.7,.,.,.,.,w,1457819,1473084,2,r,2,r,3,r,12,bu,,,,,,,,,,,,,,,,,,,,,,,,,,,,,,,,,,,,,,,,,,,,,,,,,,,,,,,,,,,,,,,,,,,,,,,,,,,,,,,,,,,,,,,,,,,,,,,,,,,,,,,,,,
19_09,19,09,f,18,03/21/22,09/25/23,m,r,10.79,.,79.6,78.7,.,.,.,.,w,1473084,1473085,2,r,2,r,3,r,12,bu,,,,,,,,,,,,,,,,,,52,y,.,.,.,.,p,.,.,.,.,.,.,.,.,.,.,,,,,,,,,,,,,,,,,,,,,,,,,,,,,,,,,,,,,,,,,,,,,,,,,,,,,,,,,,,,,,,,,,,,,,,,
19_09,19,09,f,18,03/21/22,09/25/23,m,r,10.79,.,79.6,78.7,.,.,.,.,w,1473085,1476280,2,r,2,r,3,r,12,bu,,,,,,,,,,,,,,,,,,,,,,,,,,,,,,,,,,,,,,,,,,,,,,,,,,,,,,,,,,,,,,,,,,,,,,,,,,,,,,,,,,,,,,,,,,,,,,,,,,,,,,,,,,
19_09,19,09,f,18,03/21/22,09/25/23,m,r,10.79,.,79.6,78.7,.,.,.,.,w,1476280,1476281,2,r,2,r,3,r,12,bu,,,,,,,,,,,,,,,,,,53,y,.,.,.,.,d,.,.,.,.,.,.,.,.,.,.,,,,,,,,,,,,,,,,,,,,,,,,,,,,,,,,,,,,,,,,,,,,,,,,,,,,,,,,,,,,,,,,,,,,,,,,
19_09,19,09,f,18,03/21/22,09/25/23,m,r,10.79,.,79.6,78.7,.,.,.,.,w,1476281,1480904,2,r,2,r,3,r,,,,,,,,,,,,,,,,,,,,,,,,,,,,,,,,,,,,,,,,,,,,,,,,,,,,,,,,,,,,,,,,,,,,,,,,,,,,,,,,,,,,,,,,,,,,,,,,,,,,,,,,,,,,
19_09,19,09,f,18,03/21/22,09/25/23,m,r,10.79,.,79.6,78.7,.,.,.,.,w,1480904,1505283,2,r,2,r,3,r,13,s,54,y,.,.,.,.,pu,.,.,.,.,.,.,.,.,.,.,,,,,,,,,,,,,,,,,,,,,,,,,,,,,,,,,,,,,,,,,,,,,,,,,,,,,,,,,,,,,,,,,,,,,,,,,,,,,,,,,,,,,,,,,
19_09,19,09,f,18,03/21/22,09/25/23,m,r,10.79,.,79.6,78.7,.,.,.,.,w,1505283,1509498,2,r,2,r,3,r,,,,,,,,,,,,,,,,,,,,,,,,,,,,,,,,,,,,,,,,,,,,,,,,,,,,,,,,,,,,,,,,,,,,,,,,,,,,,,,,,,,,,,,,,,,,,,,,,,,,,,,,,,,,
19_09,19,09,f,18,03/21/22,09/25/23,m,r,10.79,.,79.6,78.7,.,.,.,.,w,1509498,1530715,2,r,2,r,3,r,14,s,55,y,.,.,.,.,pu,.,.,.,.,.,.,.,.,.,.,,,,,,,,,,,,,,,,,,,,,,,,,,,,,,,,,,,,,,,,,,,,,,,,,,,,,,,,,,,,,,,,,,,,,,,,,,,,,,,,,,,,,,,,,
19_09,19,09,f,18,03/21/22,09/25/23,m,r,10.79,.,79.6,78.7,.,.,.,.,w,1530715,1532482,2,r,2,r,3,r,,,,,,,,,,,,,,,,,,,,,,,,,,,,,,,,,,,,,,,,,,,,,,,,,,,,,,,,,,,,,,,,,,,,,,,,,,,,,,,,,,,,,,,,,,,,,,,,,,,,,,,,,,,,
19_09,19,09,f,18,03/21/22,09/25/23,m,r,10.79,.,79.6,78.7,.,.,.,.,w,1532482,1536426,2,r,2,r,3,r,15,g,,,,,,,,,,,,,,,,,,,,,,,,,,,,,,,,,,,,,,,,,,,,,,,,,,,,,,,,,,,,,,,,,,,,,,,,,,,,,,,,,,,,,,,,,,,,,,,,,,,,,,,,,,
19_09,19,09,f,18,03/21/22,09/25/23,m,r,10.79,.,79.6,78.7,.,.,.,.,w,1536426,1536427,2,r,2,r,3,r,15,g,,,,,,,,,,,,,,,,,,56,y,.,.,.,.,p,.,y,.,.,.,.,.,.,.,.,,,,,,,,,,,,,,,,,,,,,,,,,,,,,,,,,,,,,,,,,,,,,,,,,,,,,,,,,,,,,,,,,,,,,,,,
19_09,19,09,f,18,03/21/22,09/25/23,m,r,10.79,.,79.6,78.7,.,.,.,.,w,1536427,1543974,2,r,2,r,3,r,15,g,,,,,,,,,,,,,,,,,,,,,,,,,,,,,,,,,,,,,,,,,,,,,,,,,,,,,,,,,,,,,,,,,,,,,,,,,,,,,,,,,,,,,,,,,,,,,,,,,,,,,,,,,,
19_09,19,09,f,18,03/21/22,09/25/23,m,r,10.79,.,79.6,78.7,.,.,.,.,w,1543974,1543975,2,r,2,r,3,r,15,g,,,,,,,,,,,,,,,,,,57,y,.,.,.,.,p,.,.,.,.,.,.,.,.,.,.,,,,,,,,,,,,,,,,,,,,,,,,,,,,,,,,,,,,,,,,,,,,,,,,,,,,,,,,,,,,,,,,,,,,,,,,
19_09,19,09,f,18,03/21/22,09/25/23,m,r,10.79,.,79.6,78.7,.,.,.,.,w,1543975,1545878,2,r,2,r,3,r,15,g,,,,,,,,,,,,,,,,,,,,,,,,,,,,,,,,,,,,,,,,,,,,,,,,,,,,,,,,,,,,,,,,,,,,,,,,,,,,,,,,,,,,,,,,,,,,,,,,,,,,,,,,,,
19_09,19,09,f,18,03/21/22,09/25/23,m,r,10.79,.,79.6,78.7,.,.,.,.,w,1545878,1552033,2,r,2,r,3,r,15,g,58,y,.,.,.,.,a,.,.,.,.,.,.,.,.,.,.,,,,,,,,,,,,,,,,,,,,,,,,,,,,,,,,,,,,,,,,,,,,,,,,,,,,,,,,,,,,,,,,,,,,,,,,,,,,,,,,,,,,,,,,,
19_09,19,09,f,18,03/21/22,09/25/23,m,r,10.79,.,79.6,78.7,.,.,.,.,w,1552033,1553494,2,r,2,r,3,r,15,g,,,,,,,,,,,,,,,,,,,,,,,,,,,,,,,,,,,,,,,,,,,,,,,,,,,,,,,,,,,,,,,,,,,,,,,,,,,,,,,,,,,,,,,,,,,,,,,,,,,,,,,,,,
19_09,19,09,f,18,03/21/22,09/25/23,m,r,10.79,.,79.6,78.7,.,.,.,.,w,1553494,1553495,2,r,2,r,3,r,15,g,,,,,,,,,,,,,,,,,,59,y,.,.,.,.,p,.,.,.,.,.,.,.,.,.,.,,,,,,,,,,,,,,,,,,,,,,,,,,,,,,,,,,,,,,,,,,,,,,,,,,,,,,,,,,,,,,,,,,,,,,,,
19_09,19,09,f,18,03/21/22,09/25/23,m,r,10.79,.,79.6,78.7,.,.,.,.,w,1553495,1554038,2,r,2,r,3,r,15,g,,,,,,,,,,,,,,,,,,,,,,,,,,,,,,,,,,,,,,,,,,,,,,,,,,,,,,,,,,,,,,,,,,,,,,,,,,,,,,,,,,,,,,,,,,,,,,,,,,,,,,,,,,
19_09,19,09,f,18,03/21/22,09/25/23,m,r,10.79,.,79.6,78.7,.,.,.,.,w,1554038,1555161,2,r,2,r,3,r,15,g,60,y,.,.,.,.,s,.,y,.,.,.,.,.,.,.,.,,,,,,,,,,,,,,,,,,,,,,,,,,,,,,,,,,,,,,,,,,,,,,,,,,,,,,,,,,,,,,,,,,,,,,,,,,,,,,,,,,,,,,,,,
19_09,19,09,f,18,03/21/22,09/25/23,m,r,10.79,.,79.6,78.7,.,.,.,.,w,1555161,1555704,2,r,2,r,3,r,15,g,,,,,,,,,,,,,,,,,,,,,,,,,,,,,,,,,,,,,,,,,,,,,,,,,,,,,,,,,,,,,,,,,,,,,,,,,,,,,,,,,,,,,,,,,,,,,,,,,,,,,,,,,,
19_09,19,09,f,18,03/21/22,09/25/23,m,r,10.79,.,79.6,78.7,.,.,.,.,w,1555704,1558255,2,r,2,r,3,r,15,g,61,y,.,.,.,.,a,.,.,.,.,.,.,.,.,.,.,,,,,,,,,,,,,,,,,,,,,,,,,,,,,,,,,,,,,,,,,,,,,,,,,,,,,,,,,,,,,,,,,,,,,,,,,,,,,,,,,,,,,,,,,
19_09,19,09,f,18,03/21/22,09/25/23,m,r,10.79,.,79.6,78.7,.,.,.,.,w,1558255,1558832,2,r,2,r,3,r,15,g,,,,,,,,,,,,,,,,,,,,,,,,,,,,,,,,,,,,,,,,,,,,,,,,,,,,,,,,,,,,,,,,,,,,,,,,,,,,,,,,,,,,,,,,,,,,,,,,,,,,,,,,,,
19_09,19,09,f,18,03/21/22,09/25/23,m,r,10.79,.,79.6,78.7,.,.,.,.,w,1558832,1558833,2,r,2,r,3,r,15,g,,,,,,,,,,,,,,,,,,62,y,.,.,.,.,p,.,.,.,.,.,.,.,.,.,.,,,,,,,,,,,,,,,,,,,,,,,,,,,,,,,,,,,,,,,,,,,,,,,,,,,,,,,,,,,,,,,,,,,,,,,,
19_09,19,09,f,18,03/21/22,09/25/23,m,r,10.79,.,79.6,78.7,.,.,.,.,w,1558833,1560396,2,r,2,r,3,r,15,g,,,,,,,,,,,,,,,,,,,,,,,,,,,,,,,,,,,,,,,,,,,,,,,,,,,,,,,,,,,,,,,,,,,,,,,,,,,,,,,,,,,,,,,,,,,,,,,,,,,,,,,,,,
19_09,19,09,f,18,03/21/22,09/25/23,m,r,10.79,.,79.6,78.7,.,.,.,.,w,1560396,1560397,2,r,2,r,3,r,15,g,,,,,,,,,,,,,,,,,,63,y,.,.,.,.,d,.,.,.,.,.,.,.,.,.,.,,,,,,,,,,,,,,,,,,,,,,,,,,,,,,,,,,,,,,,,,,,,,,,,,,,,,,,,,,,,,,,,,,,,,,,,
19_09,19,09,f,18,03/21/22,09/25/23,m,r,10.79,.,79.6,78.7,.,.,.,.,w,1560397,1560906,2,r,2,r,3,r,15,g,,,,,,,,,,,,,,,,,,,,,,,,,,,,,,,,,,,,,,,,,,,,,,,,,,,,,,,,,,,,,,,,,,,,,,,,,,,,,,,,,,,,,,,,,,,,,,,,,,,,,,,,,,
19_09,19,09,f,18,03/21/22,09/25/23,m,r,10.79,.,79.6,78.7,.,.,.,.,w,1560906,1560907,2,r,2,r,3,r,15,g,,,,,,,,,,,,,,,,,,64,y,.,.,.,.,p,.,.,.,.,.,.,.,.,.,.,,,,,,,,,,,,,,,,,,,,,,,,,,,,,,,,,,,,,,,,,,,,,,,,,,,,,,,,,,,,,,,,,,,,,,,,
19_09,19,09,f,18,03/21/22,09/25/23,m,r,10.79,.,79.6,78.7,.,.,.,.,w,1560907,1562538,2,r,2,r,3,r,15,g,,,,,,,,,,,,,,,,,,,,,,,,,,,,,,,,,,,,,,,,,,,,,,,,,,,,,,,,,,,,,,,,,,,,,,,,,,,,,,,,,,,,,,,,,,,,,,,,,,,,,,,,,,
19_09,19,09,f,18,03/21/22,09/25/23,m,r,10.79,.,79.6,78.7,.,.,.,.,w,1562538,1564341,2,r,2,r,3,r,15,g,65,y,y,.,.,.,m,.,.,.,.,.,.,.,.,.,.,,,,,,,,,,,,,,,,,,,,,,,,,,,,,,,,,,,,,,,,,,,,,,,,,,,,,,,,,,,,,,,,,,,,,,,,,,,,,,,,,,,,,,,,,
19_09,19,09,f,18,03/21/22,09/25/23,m,r,10.79,.,79.6,78.7,.,.,.,.,w,1564341,1564782,2,r,2,r,3,r,15,g,,,,,,,,,,,,,,,,,,,,,,,,,,,,,,,,,,,,,,,,,,,,,,,,,,,,,,,,,,,,,,,,,,,,,,,,,,,,,,,,,,,,,,,,,,,,,,,,,,,,,,,,,,
19_09,19,09,f,18,03/21/22,09/25/23,m,r,10.79,.,79.6,78.7,.,.,.,.,w,1564782,1564783,2,r,2,r,3,r,15,g,,,,,,,,,,,,,,,,,,66,y,.,.,.,.,d,.,.,.,.,.,.,.,.,.,.,,,,,,,,,,,,,,,,,,,,,,,,,,,,,,,,,,,,,,,,,,,,,,,,,,,,,,,,,,,,,,,,,,,,,,,,
19_09,19,09,f,18,03/21/22,09/25/23,m,r,10.79,.,79.6,78.7,.,.,.,.,w,1564783,1567094,2,r,2,r,3,r,15,g,,,,,,,,,,,,,,,,,,,,,,,,,,,,,,,,,,,,,,,,,,,,,,,,,,,,,,,,,,,,,,,,,,,,,,,,,,,,,,,,,,,,,,,,,,,,,,,,,,,,,,,,,,
19_09,19,09,f,18,03/21/22,09/25/23,m,r,10.79,.,79.6,78.7,.,.,.,.,w,1567094,1567095,2,r,2,r,3,r,15,g,,,,,,,,,,,,,,,,,,67,y,.,.,.,.,p,.,.,.,.,.,.,.,.,.,.,,,,,,,,,,,,,,,,,,,,,,,,,,,,,,,,,,,,,,,,,,,,,,,,,,,,,,,,,,,,,,,,,,,,,,,,
19_09,19,09,f,18,03/21/22,09/25/23,m,r,10.79,.,79.6,78.7,.,.,.,.,w,1567095,1567808,2,r,2,r,3,r,15,g,,,,,,,,,,,,,,,,,,,,,,,,,,,,,,,,,,,,,,,,,,,,,,,,,,,,,,,,,,,,,,,,,,,,,,,,,,,,,,,,,,,,,,,,,,,,,,,,,,,,,,,,,,
19_09,19,09,f,18,03/21/22,09/25/23,m,r,10.79,.,79.6,78.7,.,.,.,.,w,1567808,1567809,2,r,2,r,3,r,15,g,,,,,,,,,,,,,,,,,,68,y,.,.,.,.,d,.,.,.,.,.,.,.,.,.,.,,,,,,,,,,,,,,,,,,,,,,,,,,,,,,,,,,,,,,,,,,,,,,,,,,,,,,,,,,,,,,,,,,,,,,,,
19_09,19,09,f,18,03/21/22,09/25/23,m,r,10.79,.,79.6,78.7,.,.,.,.,w,1567809,1572738,2,r,2,r,3,r,,,,,,,,,,,,,,,,,,,,,,,,,,,,,,,,,,,,,,,,,,,,,,,,,,,,,,,,,,,,,,,,,,,,,,,,,,,,,,,,,,,,,,,,,,,,,,,,,,,,,,,,,,,,
19_09,19,09,f,18,03/21/22,09/25/23,m,r,10.79,.,79.6,78.7,.,.,.,.,w,1572738,1580831,2,r,2,r,3,r,16,s,69,y,.,.,.,.,pu,.,.,.,.,.,.,.,.,.,.,,,,,,,,,,,,,,,,,,,,,,,,,,,,,,,,,,,,,,,,,,,,,,,,,,,,,,,,,,,,,,,,,,,,,,,,,,,,,,,,,,,,,,,,,
19_09,19,09,f,18,03/21/22,09/25/23,m,r,10.79,.,79.6,78.7,.,.,.,.,w,1580831,1587766,2,r,2,r,3,r,16,s,,,,,,,,,,,,,,,,,,,,,,,,,,,,,,,,,,,,,,,,,,,,,,,,,,,,,,,,,,,,,,,,,,,,,,,,,,,,,,,,,,,,,,,,,,,,,,,,,,,,,,,,,,
19_09,19,09,f,18,03/21/22,09/25/23,m,r,10.79,.,79.6,78.7,.,.,.,.,w,1587766,1618162,2,r,2,r,3,r,16,s,70,y,.,.,.,.,pu,.,.,.,.,.,.,.,.,.,.,,,,,,,,,,,,,,,,,,,,,,,,,,,,,,,,,,,,,,,,,,,,,,,,,,,,,,,,,,,,,,,,,,,,,,,,,,,,,,,,,,,,,,,,,
19_09,19,09,f,18,03/21/22,09/25/23,m,r,10.79,.,79.6,78.7,.,.,.,.,w,1618162,1618163,2,r,2,r,3,r,16,s,70,y,.,.,.,.,pu,.,.,.,.,.,.,.,.,.,.,71,y,.,.,.,.,p,.,.,.,.,.,.,.,.,.,.,,,,,,,,,,,,,,,,,,,,,,,,,,,,,,,,,,,,,,,,,,,,,,,,,,,,,,,,,,,,,,,,,,,,,,,,
19_09,19,09,f,18,03/21/22,09/25/23,m,r,10.79,.,79.6,78.7,.,.,.,.,w,1618163,1620644,2,r,2,r,3,r,16,s,70,y,.,.,.,.,pu,.,.,.,.,.,.,.,.,.,.,,,,,,,,,,,,,,,,,,,,,,,,,,,,,,,,,,,,,,,,,,,,,,,,,,,,,,,,,,,,,,,,,,,,,,,,,,,,,,,,,,,,,,,,,
19_09,19,09,f,18,03/21/22,09/25/23,m,r,10.79,.,79.6,78.7,.,.,.,.,w,1620644,1620645,2,r,2,r,3,r,16,s,70,y,.,.,.,.,pu,.,.,.,.,.,.,.,.,.,.,72,y,.,.,.,.,d,.,.,.,.,.,.,.,.,.,.,,,,,,,,,,,,,,,,,,,,,,,,,,,,,,,,,,,,,,,,,,,,,,,,,,,,,,,,,,,,,,,,,,,,,,,,
19_09,19,09,f,18,03/21/22,09/25/23,m,r,10.79,.,79.6,78.7,.,.,.,.,w,1620645,1660391,2,r,2,r,3,r,16,s,70,y,.,.,.,.,pu,.,.,.,.,.,.,.,.,.,.,,,,,,,,,,,,,,,,,,,,,,,,,,,,,,,,,,,,,,,,,,,,,,,,,,,,,,,,,,,,,,,,,,,,,,,,,,,,,,,,,,,,,,,,,
19_09,19,09,f,18,03/21/22,09/25/23,m,r,10.79,.,79.6,78.7,.,.,.,.,w,1660391,1661274,2,r,2,r,3,r,,,,,,,,,,,,,,,,,,,,,,,,,,,,,,,,,,,,,,,,,,,,,,,,,,,,,,,,,,,,,,,,,,,,,,,,,,,,,,,,,,,,,,,,,,,,,,,,,,,,,,,,,,,,
19_09,19,09,f,18,03/21/22,09/25/23,m,r,10.79,.,79.6,78.7,.,.,.,.,w,1661274,1661275,2,r,2,r,3,r,17,cu,,,,,,,,,,,,,,,,,,73,y,.,.,.,.,p,.,.,.,.,.,.,.,.,.,.,,,,,,,,,,,,,,,,,,,,,,,,,,,,,,,,,,,,,,,,,,,,,,,,,,,,,,,,,,,,,,,,,,,,,,,,
19_09,19,09,f,18,03/21/22,09/25/23,m,r,10.79,.,79.6,78.7,.,.,.,.,w,1661275,1666102,2,r,2,r,3,r,17,cu,,,,,,,,,,,,,,,,,,,,,,,,,,,,,,,,,,,,,,,,,,,,,,,,,,,,,,,,,,,,,,,,,,,,,,,,,,,,,,,,,,,,,,,,,,,,,,,,,,,,,,,,,,
19_09,19,09,f,18,03/21/22,09/25/23,m,r,10.79,.,79.6,78.7,.,.,.,.,w,1666102,1666103,2,r,2,r,3,r,17,cu,,,,,,,,,,,,,,,,,,74,y,.,.,.,.,d,.,.,.,.,.,.,.,.,.,.,,,,,,,,,,,,,,,,,,,,,,,,,,,,,,,,,,,,,,,,,,,,,,,,,,,,,,,,,,,,,,,,,,,,,,,,
19_09,19,09,f,18,03/21/22,09/25/23,m,r,10.79,.,79.6,78.7,.,.,.,.,w,1666103,1670012,2,r,2,r,3,r,,,,,,,,,,,,,,,,,,,,,,,,,,,,,,,,,,,,,,,,,,,,,,,,,,,,,,,,,,,,,,,,,,,,,,,,,,,,,,,,,,,,,,,,,,,,,,,,,,,,,,,,,,,,
19_09,19,09,f,18,03/21/22,09/25/23,m,r,10.79,.,79.6,78.7,.,.,.,.,w,1670012,1673786,2,r,2,r,3,r,18,cu,,,,,,,,,,,,,,,,,,,,,,,,,,,,,,,,,,,,,,,,,,,,,,,,,,,,,,,,,,,,,,,,,,,,,,,,,,,,,,,,,,,,,,,,,,,,,,,,,,,,,,,,,,
19_09,19,09,f,18,03/21/22,09/25/23,m,r,10.79,.,79.6,78.7,.,.,.,.,w,1673786,1673787,2,r,2,r,3,r,18,cu,,,,,,,,,,,,,,,,,,75,y,.,.,.,.,p,.,.,.,.,.,.,.,.,.,.,,,,,,,,,,,,,,,,,,,,,,,,,,,,,,,,,,,,,,,,,,,,,,,,,,,,,,,,,,,,,,,,,,,,,,,,
19_09,19,09,f,18,03/21/22,09/25/23,m,r,10.79,.,79.6,78.7,.,.,.,.,w,1673787,1694900,2,r,2,r,3,r,18,cu,,,,,,,,,,,,,,,,,,,,,,,,,,,,,,,,,,,,,,,,,,,,,,,,,,,,,,,,,,,,,,,,,,,,,,,,,,,,,,,,,,,,,,,,,,,,,,,,,,,,,,,,,,
19_09,19,09,f,18,03/21/22,09/25/23,m,r,10.79,.,79.6,78.7,.,.,.,.,w,1694900,1694901,2,r,2,r,3,r,18,cu,,,,,,,,,,,,,,,,,,76,y,.,.,.,.,d,.,.,.,.,.,.,.,.,.,.,,,,,,,,,,,,,,,,,,,,,,,,,,,,,,,,,,,,,,,,,,,,,,,,,,,,,,,,,,,,,,,,,,,,,,,,
19_09,19,09,f,18,03/21/22,09/25/23,m,r,10.79,.,79.6,78.7,.,.,.,.,w,1694901,1704420,2,r,2,r,3,r,,,,,,,,,,,,,,,,,,,,,,,,,,,,,,,,,,,,,,,,,,,,,,,,,,,,,,,,,,,,,,,,,,,,,,,,,,,,,,,,,,,,,,,,,,,,,,,,,,,,,,,,,,,,
19_09,19,09,f,18,03/21/22,09/25/23,m,r,10.79,.,79.6,78.7,.,.,.,.,w,1704420,1710133,2,r,2,r,3,r,19,s,77,y,.,.,.,.,pu,.,.,.,.,.,.,.,.,.,.,,,,,,,,,,,,,,,,,,,,,,,,,,,,,,,,,,,,,,,,,,,,,,,,,,,,,,,,,,,,,,,,,,,,,,,,,,,,,,,,,,,,,,,,,
19_09,19,09,f,18,03/21/22,09/25/23,m,r,10.79,.,79.6,78.7,.,.,.,.,w,1710133,1718394,2,r,2,r,3,r,,,,,,,,,,,,,,,,,,,,,,,,,,,,,,,,,,,,,,,,,,,,,,,,,,,,,,,,,,,,,,,,,,,,,,,,,,,,,,,,,,,,,,,,,,,,,,,,,,,,,,,,,,,,
19_09,19,09,f,18,03/21/22,09/25/23,m,r,10.79,.,79.6,78.7,.,.,.,.,w,1718394,1725807,2,r,2,r,3,r,20,s,78,y,.,.,.,.,pu,.,.,.,.,.,.,.,.,.,.,,,,,,,,,,,,,,,,,,,,,,,,,,,,,,,,,,,,,,,,,,,,,,,,,,,,,,,,,,,,,,,,,,,,,,,,,,,,,,,,,,,,,,,,,
19_09,19,09,f,18,03/21/22,09/25/23,m,r,10.79,.,79.6,78.7,.,.,.,.,w,1725807,1731586,2,r,2,r,3,r,,,,,,,,,,,,,,,,,,,,,,,,,,,,,,,,,,,,,,,,,,,,,,,,,,,,,,,,,,,,,,,,,,,,,,,,,,,,,,,,,,,,,,,,,,,,,,,,,,,,,,,,,,,,
19_09,19,09,f,18,03/21/22,09/25/23,m,r,10.79,.,79.6,78.7,.,.,.,.,w,1731586,1761575,2,r,2,r,3,r,21,s,79,y,.,.,.,.,pu,.,.,.,.,.,.,.,.,.,.,,,,,,,,,,,,,,,,,,,,,,,,,,,,,,,,,,,,,,,,,,,,,,,,,,,,,,,,,,,,,,,,,,,,,,,,,,,,,,,,,,,,,,,,,
19_09,19,09,f,18,03/21/22,09/25/23,m,r,10.79,.,79.6,78.7,.,.,.,.,w,1761575,1766912,2,r,2,r,3,r,,,,,,,,,,,,,,,,,,,,,,,,,,,,,,,,,,,,,,,,,,,,,,,,,,,,,,,,,,,,,,,,,,,,,,,,,,,,,,,,,,,,,,,,,,,,,,,,,,,,,,,,,,,,
19_09,19,09,f,18,03/21/22,09/25/23,m,r,10.79,.,79.6,78.7,.,.,.,.,w,1766912,1768511,2,r,2,r,3,r,22,dn,80,y,.,.,.,.,t,.,.,.,.,.,.,.,.,.,.,,,,,,,,,,,,,,,,,,,,,,,,,,,,,,,,,,,,,,,,,,,,,,,,,,,,,,,,,,,,,,,,,,,,,,,,,,,,,,,,,,,,,,,,,
19_09,19,09,f,18,03/21/22,09/25/23,m,r,10.79,.,79.6,78.7,.,.,.,.,w,1768511,1772590,2,r,2,r,3,r,,,,,,,,,,,,,,,,,,,,,,,,,,,,,,,,,,,,,,,,,,,,,,,,,,,,,,,,,,,,,,,,,,,,,,,,,,,,,,,,,,,,,,,,,,,,,,,,,,,,,,,,,,,,
19_09,19,09,f,18,03/21/22,09/25/23,m,r,10.79,.,79.6,78.7,.,.,.,.,w,1772590,1796629,2,r,2,r,3,r,23,s,81,y,.,.,.,.,pu,.,.,.,.,.,.,.,.,.,.,,,,,,,,,,,,,,,,,,,,,,,,,,,,,,,,,,,,,,,,,,,,,,,,,,,,,,,,,,,,,,,,,,,,,,,,,,,,,,,,,,,,,,,,,
19_09,19,09,f,18,03/21/22,09/25/23,m,r,10.79,.,79.6,78.7,.,.,.,.,w,1796629,1801932,2,r,2,r,3,r,,,,,,,,,,,,,,,,,,,,,,,,,,,,,,,,,,,,,,,,,,,,,,,,,,,,,,,,,,,,,,,,,,,,,,,,,,,,,,,,,,,,,,,,,,,,,,,,,,,,,,,,,,,,
19_09,19,09,f,18,03/21/22,09/25/23,m,r,10.79,.,79.6,78.7,.,.,.,.,w,1801932,1804279,2,r,2,r,3,r,24,s,82,y,.,.,.,.,pu,.,.,.,.,.,.,.,.,.,.,,,,,,,,,,,,,,,,,,,,,,,,,,,,,,,,,,,,,,,,,,,,,,,,,,,,,,,,,,,,,,,,,,,,,,,,,,,,,,,,,,,,,,,,,
19_09,19,09,f,18,03/21/22,09/25/23,m,r,10.79,.,79.6,78.7,.,.,.,.,w,1804279,1805911,2,r,2,r,3,r,24,s,,,,,,,,,,,,,,,,,,,,,,,,,,,,,,,,,,,,,,,,,,,,,,,,,,,,,,,,,,,,,,,,,,,,,,,,,,,,,,,,,,,,,,,,,,,,,,,,,,,,,,,,,,
19_09,19,09,f,18,03/21/22,09/25/23,m,r,10.79,.,79.6,78.7,.,.,.,.,w,1805911,1816654,2,r,2,r,3,r,,,,,,,,,,,,,,,,,,,,,,,,,,,,,,,,,,,,,,,,,,,,,,,,,,,,,,,,,,,,,,,,,,,,,,,,,,,,,,,,,,,,,,,,,,,,,,,,,,,,,,,,,,,,
19_09,19,09,f,18,03/21/22,09/25/23,m,r,10.79,.,79.6,78.7,.,.,.,.,w,1816654,1816655,2,r,2,r,3,r,25,bu,,,,,,,,,,,,,,,,,,83,y,.,.,.,.,p,.,.,.,.,.,.,.,.,.,.,,,,,,,,,,,,,,,,,,,,,,,,,,,,,,,,,,,,,,,,,,,,,,,,,,,,,,,,,,,,,,,,,,,,,,,,
19_09,19,09,f,18,03/21/22,09/25/23,m,r,10.79,.,79.6,78.7,.,.,.,.,w,1816655,1818524,2,r,2,r,3,r,25,bu,,,,,,,,,,,,,,,,,,,,,,,,,,,,,,,,,,,,,,,,,,,,,,,,,,,,,,,,,,,,,,,,,,,,,,,,,,,,,,,,,,,,,,,,,,,,,,,,,,,,,,,,,,
19_09,19,09,f,18,03/21/22,09/25/23,m,r,10.79,.,79.6,78.7,.,.,.,.,w,1818524,1818525,2,r,2,r,3,r,25,bu,,,,,,,,,,,,,,,,,,84,y,.,.,.,.,i,.,.,.,.,y,.,.,.,.,.,,,,,,,,,,,,,,,,,,,,,,,,,,,,,,,,,,,,,,,,,,,,,,,,,,,,,,,,,,,,,,,,,,,,,,,,
19_09,19,09,f,18,03/21/22,09/25/23,m,r,10.79,.,79.6,78.7,.,.,.,.,w,1818525,1820054,2,r,2,r,3,r,25,bu,,,,,,,,,,,,,,,,,,,,,,,,,,,,,,,,,,,,,,,,,,,,,,,,,,,,,,,,,,,,,,,,,,,,,,,,,,,,,,,,,,,,,,,,,,,,,,,,,,,,,,,,,,
19_09,19,09,f,18,03/21/22,09/25/23,m,r,10.79,.,79.6,78.7,.,.,.,.,w,1820054,1820055,2,r,2,r,3,r,25,bu,,,,,,,,,,,,,,,,,,85,y,.,.,.,.,p,.,.,.,.,.,.,.,.,.,.,,,,,,,,,,,,,,,,,,,,,,,,,,,,,,,,,,,,,,,,,,,,,,,,,,,,,,,,,,,,,,,,,,,,,,,,
19_09,19,09,f,18,03/21/22,09/25/23,m,r,10.79,.,79.6,78.7,.,.,.,.,w,1820055,1821618,2,r,2,r,3,r,25,bu,,,,,,,,,,,,,,,,,,,,,,,,,,,,,,,,,,,,,,,,,,,,,,,,,,,,,,,,,,,,,,,,,,,,,,,,,,,,,,,,,,,,,,,,,,,,,,,,,,,,,,,,,,
19_09,19,09,f,18,03/21/22,09/25/23,m,r,10.79,.,79.6,78.7,.,.,.,.,w,1821618,1821619,2,r,2,r,3,r,25,bu,,,,,,,,,,,,,,,,,,86,y,.,.,.,.,i,.,.,.,.,y,.,.,.,.,.,,,,,,,,,,,,,,,,,,,,,,,,,,,,,,,,,,,,,,,,,,,,,,,,,,,,,,,,,,,,,,,,,,,,,,,,
19_09,19,09,f,18,03/21/22,09/25/23,m,r,10.79,.,79.6,78.7,.,.,.,.,w,1821619,1822944,2,r,2,r,3,r,25,bu,,,,,,,,,,,,,,,,,,,,,,,,,,,,,,,,,,,,,,,,,,,,,,,,,,,,,,,,,,,,,,,,,,,,,,,,,,,,,,,,,,,,,,,,,,,,,,,,,,,,,,,,,,
19_09,19,09,f,18,03/21/22,09/25/23,m,r,10.79,.,79.6,78.7,.,.,.,.,w,1822944,1822945,2,r,2,r,3,r,25,bu,,,,,,,,,,,,,,,,,,87,y,.,.,.,.,p,.,.,.,.,.,.,.,.,.,.,,,,,,,,,,,,,,,,,,,,,,,,,,,,,,,,,,,,,,,,,,,,,,,,,,,,,,,,,,,,,,,,,,,,,,,,
19_09,19,09,f,18,03/21/22,09/25/23,m,r,10.79,.,79.6,78.7,.,.,.,.,w,1822945,1824236,2,r,2,r,3,r,25,bu,,,,,,,,,,,,,,,,,,,,,,,,,,,,,,,,,,,,,,,,,,,,,,,,,,,,,,,,,,,,,,,,,,,,,,,,,,,,,,,,,,,,,,,,,,,,,,,,,,,,,,,,,,
19_09,19,09,f,18,03/21/22,09/25/23,m,r,10.79,.,79.6,78.7,.,.,.,.,w,1824236,1824237,2,r,2,r,3,r,25,bu,,,,,,,,,,,,,,,,,,88,y,.,.,.,.,i,.,.,.,.,y,.,.,.,.,.,,,,,,,,,,,,,,,,,,,,,,,,,,,,,,,,,,,,,,,,,,,,,,,,,,,,,,,,,,,,,,,,,,,,,,,,
19_09,19,09,f,18,03/21/22,09/25/23,m,r,10.79,.,79.6,78.7,.,.,.,.,w,1824237,1826208,2,r,2,r,3,r,,,,,,,,,,,,,,,,,,,,,,,,,,,,,,,,,,,,,,,,,,,,,,,,,,,,,,,,,,,,,,,,,,,,,,,,,,,,,,,,,,,,,,,,,,,,,,,,,,,,,,,,,,,,
19_09,19,09,f,18,03/21/22,09/25/23,m,r,10.79,.,79.6,78.7,.,.,.,.,w,1826208,1826957,2,r,2,r,3,r,26,a,89,y,.,.,.,.,t,.,.,.,.,.,.,.,.,.,.,,,,,,,,,,,,,,,,,,,,,,,,,,,,,,,,,,,,,,,,,,,,,,,,,,,,,,,,,,,,,,,,,,,,,,,,,,,,,,,,,,,,,,,,,
19_09,19,09,f,18,03/21/22,09/25/23,m,r,10.79,.,79.6,78.7,.,.,.,.,w,1826957,1831036,2,r,2,r,3,r,,,,,,,,,,,,,,,,,,,,,,,,,,,,,,,,,,,,,,,,,,,,,,,,,,,,,,,,,,,,,,,,,,,,,,,,,,,,,,,,,,,,,,,,,,,,,,,,,,,,,,,,,,,,
19_09,19,09,f,18,03/21/22,09/25/23,m,r,10.79,.,79.6,78.7,.,.,.,.,w,1831036,1850757,2,r,2,r,3,r,27,a,90,y,.,.,.,.,t,.,.,.,.,.,.,.,.,.,.,,,,,,,,,,,,,,,,,,,,,,,,,,,,,,,,,,,,,,,,,,,,,,,,,,,,,,,,,,,,,,,,,,,,,,,,,,,,,,,,,,,,,,,,,
19_09,19,09,f,18,03/21/22,09/25/23,m,r,10.79,.,79.6,78.7,.,.,.,.,w,1850757,1861194,2,r,2,r,3,r,,,,,,,,,,,,,,,,,,,,,,,,,,,,,,,,,,,,,,,,,,,,,,,,,,,,,,,,,,,,,,,,,,,,,,,,,,,,,,,,,,,,,,,,,,,,,,,,,,,,,,,,,,,,
19_09,19,09,f,18,03/21/22,09/25/23,m,r,10.79,.,79.6,78.7,.,.,.,.,w,1861194,1897040,2,r,2,r,3,r,28,a,91,y,.,.,.,.,t,.,.,.,.,.,.,.,.,.,.,,,,,,,,,,,,,,,,,,,,,,,,,,,,,,,,,,,,,,,,,,,,,,,,,,,,,,,,,,,,,,,,,,,,,,,,,,,,,,,,,,,,,,,,,
19_09,19,09,f,18,03/21/22,09/25/23,m,r,10.79,.,79.6,78.7,.,.,.,.,w,1897040,1897041,,,,,,,28,a,91,y,.,.,.,.,t,.,.,.,.,.,.,.,.,.,.,,,,,,,,,,,,,,,,,,,,,,,,,,,,,,,,,,,,,,,,,,,,,,,,,,,,,,,,,,,,,,,,,,,,,,,,,,,,,,,,,,,,,,,,,
19_09,19,09,f,18,03/21/22,09/25/23,m,r,10.79,.,79.6,78.7,.,.,.,.,w,1897041,2053464,,,,,,,,,,,,,,,,,,,,,,,,,,,,,,,,,,,,,,,,,,,,,,,,,,,,,,,,,,,,,,,,,,,,,,,,,,,,,,,,,,,,,,,,,,,,,,,,,,,,,,,,,,,,,,,,,,
19_09,19,09,f,18,03/21/22,09/25/23,m,r,10.79,.,79.6,78.7,.,.,.,.,w,2053464,2827544,3,b,,,,,,,,,,,,,,,,,,,,,,,,,,,,,,,,,,,,,,,,,,,,,,,,,,,,,,,,,,,,,,,,,,,,,,,,,,,,,,,,,,,,,,,,,,,,,,,,,,,,,,,,,,,,,,,,
19_09,19,09,f,18,03/21/22,09/25/23,m,r,10.79,.,79.6,78.7,.,.,.,.,w,2827544,2845018,,,,,,,,,,,,,,,,,,,,,,,,,,,,,,,,,,,,,,,,,,,,,,,,,,,,,,,,,,,,,,,,,,,,,,,,,,,,,,,,,,,,,,,,,,,,,,,,,,,,,,,,,,,,,,,,,,
19_09,19,09,f,18,03/21/22,09/25/23,m,r,10.79,.,79.6,78.7,.,.,.,.,w,2845018,2977924,4,g,,,,,,,,,,,,,,,,,,,,,,,,,,,,,,,,,,,,,,,,,,,,,,,,,,,,,,,,,,,,,,,,,,,,,,,,,,,,,,,,,,,,,,,,,,,,,,,,,,,,,,,,,,,,,,,,
19_09,19,09,f,18,03/21/22,09/25/23,m,r,10.79,.,79.6,78.7,.,.,.,.,w,2977924,3296808,,,,,,,,,,,,,,,,,,,,,,,,,,,,,,,,,,,,,,,,,,,,,,,,,,,,,,,,,,,,,,,,,,,,,,,,,,,,,,,,,,,,,,,,,,,,,,,,,,,,,,,,,,,,,,,,,,
19_09,19,09,f,18,03/21/22,09/25/23,m,r,10.79,.,79.6,78.7,.,.,.,.,w,3296808,3358928,5,m,,,,,,,,,,,,,,,,,,,,,,,,,,,,,,,,,,,,,,,,,,,,,,,,,,,,,,,,,,,,,,,,,,,,,,,,,,,,,,,,,,,,,,,,,,,,,,,,,,,,,,,,,,,,,,,,
20_12,20,12,m,16,03/09/22,07/14/23,m,n,11.83,.,81.0,.,.,.,.,.,w,268124,883932,1,p,1,p,1,p,,,,,,,,,,,,,,,,,,,,,,,,,,,,,,,,,,,,,,,,,,,,,,,,,,,,,,,,,,,,,,,,,,,,,,,,,,,,,,,,,,,,,,,,,,,,,,,,,,,,,,,,,,,,
20_12,20,12,m,16,03/09/22,07/14/23,m,n,11.83,.,81.0,.,.,.,.,.,w,883932,1017246,,,,,,,,,,,,,,,,,,,,,,,,,,,,,,,,,,,,,,,,,,,,,,,,,,,,,,,,,,,,,,,,,,,,,,,,,,,,,,,,,,,,,,,,,,,,,,,,,,,,,,,,,,,,,,,,,,
20_12,20,12,m,16,03/09/22,07/14/23,m,n,11.83,.,81.0,.,.,.,.,.,w,1017246,1029418,2,r,2,r,2,r,,,,,,,,,,,,,,,,,,,,,,,,,,,,,,,,,,,,,,,,,,,,,,,,,,,,,,,,,,,,,,,,,,,,,,,,,,,,,,,,,,,,,,,,,,,,,,,,,,,,,,,,,,,,
20_12,20,12,m,16,03/09/22,07/14/23,m,n,11.83,.,81.0,.,.,.,.,.,w,1029418,1029419,2,r,2,r,2,r,1,bu,,,,,,,,,,,,,,,,,,1,y,.,.,.,.,p,.,.,.,.,.,.,.,.,.,.,,,,,,,,,,,,,,,,,,,,,,,,,,,,,,,,,,,,,,,,,,,,,,,,,,,,,,,,,,,,,,,,,,,,,,,,
20_12,20,12,m,16,03/09/22,07/14/23,m,n,11.83,.,81.0,.,.,.,.,.,w,1029419,1046044,2,r,2,r,2,r,1,bu,,,,,,,,,,,,,,,,,,,,,,,,,,,,,,,,,,,,,,,,,,,,,,,,,,,,,,,,,,,,,,,,,,,,,,,,,,,,,,,,,,,,,,,,,,,,,,,,,,,,,,,,,,
20_12,20,12,m,16,03/09/22,07/14/23,m,n,11.83,.,81.0,.,.,.,.,.,w,1046044,1048969,2,r,2,r,2,r,1,bu,2,y,.,.,.,.,s,.,.,.,.,.,.,.,.,.,.,,,,,,,,,,,,,,,,,,,,,,,,,,,,,,,,,,,,,,,,,,,,,,,,,,,,,,,,,,,,,,,,,,,,,,,,,,,,,,,,,,,,,,,,,
20_12,20,12,m,16,03/09/22,07/14/23,m,n,11.83,.,81.0,.,.,.,.,.,w,1048969,1049580,2,r,2,r,2,r,1,bu,,,,,,,,,,,,,,,,,,,,,,,,,,,,,,,,,,,,,,,,,,,,,,,,,,,,,,,,,,,,,,,,,,,,,,,,,,,,,,,,,,,,,,,,,,,,,,,,,,,,,,,,,,
20_12,20,12,m,16,03/09/22,07/14/23,m,n,11.83,.,81.0,.,.,.,.,.,w,1049580,1049581,2,r,2,r,2,r,1,bu,,,,,,,,,,,,,,,,,,3,y,.,.,.,.,d,.,.,.,.,.,.,.,.,.,.,,,,,,,,,,,,,,,,,,,,,,,,,,,,,,,,,,,,,,,,,,,,,,,,,,,,,,,,,,,,,,,,,,,,,,,,
20_12,20,12,m,16,03/09/22,07/14/23,m,n,11.83,.,81.0,.,.,.,.,.,w,1049581,1052810,2,r,2,r,2,r,,,,,,,,,,,,,,,,,,,,,,,,,,,,,,,,,,,,,,,,,,,,,,,,,,,,,,,,,,,,,,,,,,,,,,,,,,,,,,,,,,,,,,,,,,,,,,,,,,,,,,,,,,,,
20_12,20,12,m,16,03/09/22,07/14/23,m,n,11.83,.,81.0,.,.,.,.,.,w,1052810,1052811,2,r,2,r,2,r,2,bu,,,,,,,,,,,,,,,,,,4,y,.,.,.,.,p,.,.,.,.,.,.,.,.,.,.,,,,,,,,,,,,,,,,,,,,,,,,,,,,,,,,,,,,,,,,,,,,,,,,,,,,,,,,,,,,,,,,,,,,,,,,
20_12,20,12,m,16,03/09/22,07/14/23,m,n,11.83,.,81.0,.,.,.,.,.,w,1052811,1056516,2,r,2,r,2,r,2,bu,,,,,,,,,,,,,,,,,,,,,,,,,,,,,,,,,,,,,,,,,,,,,,,,,,,,,,,,,,,,,,,,,,,,,,,,,,,,,,,,,,,,,,,,,,,,,,,,,,,,,,,,,,
20_12,20,12,m,16,03/09/22,07/14/23,m,n,11.83,.,81.0,.,.,.,.,.,w,1056516,1056517,2,r,2,r,2,r,2,bu,,,,,,,,,,,,,,,,,,5,y,.,.,.,.,d,.,.,.,.,.,.,.,.,.,.,,,,,,,,,,,,,,,,,,,,,,,,,,,,,,,,,,,,,,,,,,,,,,,,,,,,,,,,,,,,,,,,,,,,,,,,
20_12,20,12,m,16,03/09/22,07/14/23,m,n,11.83,.,81.0,.,.,.,.,.,w,1056517,1056992,2,r,2,r,2,r,2,bu,,,,,,,,,,,,,,,,,,,,,,,,,,,,,,,,,,,,,,,,,,,,,,,,,,,,,,,,,,,,,,,,,,,,,,,,,,,,,,,,,,,,,,,,,,,,,,,,,,,,,,,,,,
20_12,20,12,m,16,03/09/22,07/14/23,m,n,11.83,.,81.0,.,.,.,.,.,w,1056992,1056993,2,r,2,r,2,r,2,bu,,,,,,,,,,,,,,,,,,6,y,.,.,.,.,p,.,.,.,.,.,.,.,.,.,.,,,,,,,,,,,,,,,,,,,,,,,,,,,,,,,,,,,,,,,,,,,,,,,,,,,,,,,,,,,,,,,,,,,,,,,,
20_12,20,12,m,16,03/09/22,07/14/23,m,n,11.83,.,81.0,.,.,.,.,.,w,1056993,1058590,2,r,2,r,2,r,2,bu,,,,,,,,,,,,,,,,,,,,,,,,,,,,,,,,,,,,,,,,,,,,,,,,,,,,,,,,,,,,,,,,,,,,,,,,,,,,,,,,,,,,,,,,,,,,,,,,,,,,,,,,,,
20_12,20,12,m,16,03/09/22,07/14/23,m,n,11.83,.,81.0,.,.,.,.,.,w,1058590,1058591,2,r,2,r,2,r,2,bu,,,,,,,,,,,,,,,,,,7,y,.,.,.,.,i,.,.,.,.,y,.,.,.,.,.,,,,,,,,,,,,,,,,,,,,,,,,,,,,,,,,,,,,,,,,,,,,,,,,,,,,,,,,,,,,,,,,,,,,,,,,
20_12,20,12,m,16,03/09/22,07/14/23,m,n,11.83,.,81.0,.,.,.,.,.,w,1058591,1059780,2,r,2,r,2,r,2,bu,,,,,,,,,,,,,,,,,,,,,,,,,,,,,,,,,,,,,,,,,,,,,,,,,,,,,,,,,,,,,,,,,,,,,,,,,,,,,,,,,,,,,,,,,,,,,,,,,,,,,,,,,,
20_12,20,12,m,16,03/09/22,07/14/23,m,n,11.83,.,81.0,.,.,.,.,.,w,1059780,1059781,2,r,2,r,2,r,2,bu,,,,,,,,,,,,,,,,,,8,y,.,.,.,.,p,.,.,.,.,.,.,.,.,.,.,,,,,,,,,,,,,,,,,,,,,,,,,,,,,,,,,,,,,,,,,,,,,,,,,,,,,,,,,,,,,,,,,,,,,,,,
20_12,20,12,m,16,03/09/22,07/14/23,m,n,11.83,.,81.0,.,.,.,.,.,w,1059781,1060392,2,r,2,r,2,r,2,bu,,,,,,,,,,,,,,,,,,,,,,,,,,,,,,,,,,,,,,,,,,,,,,,,,,,,,,,,,,,,,,,,,,,,,,,,,,,,,,,,,,,,,,,,,,,,,,,,,,,,,,,,,,
20_12,20,12,m,16,03/09/22,07/14/23,m,n,11.83,.,81.0,.,.,.,.,.,w,1060392,1061005,2,r,2,r,2,r,2,bu,9,y,.,.,.,.,s,.,.,.,.,.,.,.,.,.,.,,,,,,,,,,,,,,,,,,,,,,,,,,,,,,,,,,,,,,,,,,,,,,,,,,,,,,,,,,,,,,,,,,,,,,,,,,,,,,,,,,,,,,,,,
20_12,20,12,m,16,03/09/22,07/14/23,m,n,11.83,.,81.0,.,.,.,.,.,w,1061005,1062262,2,r,2,r,2,r,2,bu,,,,,,,,,,,,,,,,,,,,,,,,,,,,,,,,,,,,,,,,,,,,,,,,,,,,,,,,,,,,,,,,,,,,,,,,,,,,,,,,,,,,,,,,,,,,,,,,,,,,,,,,,,
20_12,20,12,m,16,03/09/22,07/14/23,m,n,11.83,.,81.0,.,.,.,.,.,w,1062262,1062263,2,r,2,r,2,r,2,bu,,,,,,,,,,,,,,,,,,10,y,.,.,.,.,d,.,.,.,.,.,.,.,.,.,.,,,,,,,,,,,,,,,,,,,,,,,,,,,,,,,,,,,,,,,,,,,,,,,,,,,,,,,,,,,,,,,,,,,,,,,,
20_12,20,12,m,16,03/09/22,07/14/23,m,n,11.83,.,81.0,.,.,.,.,.,w,1062263,1067872,2,r,2,r,2,r,2,bu,,,,,,,,,,,,,,,,,,,,,,,,,,,,,,,,,,,,,,,,,,,,,,,,,,,,,,,,,,,,,,,,,,,,,,,,,,,,,,,,,,,,,,,,,,,,,,,,,,,,,,,,,,
20_12,20,12,m,16,03/09/22,07/14/23,m,n,11.83,.,81.0,.,.,.,.,.,w,1067872,1067873,2,r,2,r,2,r,2,bu,,,,,,,,,,,,,,,,,,11,y,.,.,.,.,o,.,.,.,y,.,.,.,.,.,.,,,,,,,,,,,,,,,,,,,,,,,,,,,,,,,,,,,,,,,,,,,,,,,,,,,,,,,,,,,,,,,,,,,,,,,,
20_12,20,12,m,16,03/09/22,07/14/23,m,n,11.83,.,81.0,.,.,.,.,.,w,1067873,1069402,2,r,2,r,2,r,2,bu,,,,,,,,,,,,,,,,,,,,,,,,,,,,,,,,,,,,,,,,,,,,,,,,,,,,,,,,,,,,,,,,,,,,,,,,,,,,,,,,,,,,,,,,,,,,,,,,,,,,,,,,,,
20_12,20,12,m,16,03/09/22,07/14/23,m,n,11.83,.,81.0,.,.,.,.,.,w,1069402,1069403,2,r,2,r,2,r,2,bu,,,,,,,,,,,,,,,,,,12,y,.,.,.,.,d,.,.,.,.,.,.,.,.,.,.,,,,,,,,,,,,,,,,,,,,,,,,,,,,,,,,,,,,,,,,,,,,,,,,,,,,,,,,,,,,,,,,,,,,,,,,
20_12,20,12,m,16,03/09/22,07/14/23,m,n,11.83,.,81.0,.,.,.,.,.,w,1069403,1073550,2,r,2,r,2,r,2,bu,,,,,,,,,,,,,,,,,,,,,,,,,,,,,,,,,,,,,,,,,,,,,,,,,,,,,,,,,,,,,,,,,,,,,,,,,,,,,,,,,,,,,,,,,,,,,,,,,,,,,,,,,,
20_12,20,12,m,16,03/09/22,07/14/23,m,n,11.83,.,81.0,.,.,.,.,.,w,1073550,1073551,2,r,2,r,2,r,2,bu,,,,,,,,,,,,,,,,,,13,y,.,.,.,.,o,.,.,.,y,.,.,.,.,.,.,,,,,,,,,,,,,,,,,,,,,,,,,,,,,,,,,,,,,,,,,,,,,,,,,,,,,,,,,,,,,,,,,,,,,,,,
20_12,20,12,m,16,03/09/22,07/14/23,m,n,11.83,.,81.0,.,.,.,.,.,w,1073551,1077120,2,r,2,r,2,r,2,bu,,,,,,,,,,,,,,,,,,,,,,,,,,,,,,,,,,,,,,,,,,,,,,,,,,,,,,,,,,,,,,,,,,,,,,,,,,,,,,,,,,,,,,,,,,,,,,,,,,,,,,,,,,
20_12,20,12,m,16,03/09/22,07/14/23,m,n,11.83,.,81.0,.,.,.,.,.,w,1077120,1077121,2,r,2,r,2,r,2,bu,,,,,,,,,,,,,,,,,,14,y,.,.,.,.,d,.,.,.,.,.,.,.,.,.,.,,,,,,,,,,,,,,,,,,,,,,,,,,,,,,,,,,,,,,,,,,,,,,,,,,,,,,,,,,,,,,,,,,,,,,,,
20_12,20,12,m,16,03/09/22,07/14/23,m,n,11.83,.,81.0,.,.,.,.,.,w,1077121,1081166,2,r,2,r,2,r,2,bu,,,,,,,,,,,,,,,,,,,,,,,,,,,,,,,,,,,,,,,,,,,,,,,,,,,,,,,,,,,,,,,,,,,,,,,,,,,,,,,,,,,,,,,,,,,,,,,,,,,,,,,,,,
20_12,20,12,m,16,03/09/22,07/14/23,m,n,11.83,.,81.0,.,.,.,.,.,w,1081166,1081167,2,r,2,r,2,r,2,bu,,,,,,,,,,,,,,,,,,15,y,.,.,.,.,o,.,.,.,y,.,.,.,.,.,.,,,,,,,,,,,,,,,,,,,,,,,,,,,,,,,,,,,,,,,,,,,,,,,,,,,,,,,,,,,,,,,,,,,,,,,,
20_12,20,12,m,16,03/09/22,07/14/23,m,n,11.83,.,81.0,.,.,.,.,.,w,1081167,1082866,2,r,2,r,2,r,2,bu,,,,,,,,,,,,,,,,,,,,,,,,,,,,,,,,,,,,,,,,,,,,,,,,,,,,,,,,,,,,,,,,,,,,,,,,,,,,,,,,,,,,,,,,,,,,,,,,,,,,,,,,,,
20_12,20,12,m,16,03/09/22,07/14/23,m,n,11.83,.,81.0,.,.,.,.,.,w,1082866,1082867,2,r,2,r,2,r,2,bu,,,,,,,,,,,,,,,,,,16,y,.,.,.,.,d,.,.,.,.,.,.,.,.,.,.,,,,,,,,,,,,,,,,,,,,,,,,,,,,,,,,,,,,,,,,,,,,,,,,,,,,,,,,,,,,,,,,,,,,,,,,
20_12,20,12,m,16,03/09/22,07/14/23,m,n,11.83,.,81.0,.,.,.,.,.,w,1082867,1085858,2,r,2,r,2,r,2,bu,,,,,,,,,,,,,,,,,,,,,,,,,,,,,,,,,,,,,,,,,,,,,,,,,,,,,,,,,,,,,,,,,,,,,,,,,,,,,,,,,,,,,,,,,,,,,,,,,,,,,,,,,,
20_12,20,12,m,16,03/09/22,07/14/23,m,n,11.83,.,81.0,.,.,.,.,.,w,1085858,1085859,2,r,2,r,2,r,2,bu,,,,,,,,,,,,,,,,,,17,y,.,.,.,.,o,.,.,.,y,.,.,.,.,.,.,,,,,,,,,,,,,,,,,,,,,,,,,,,,,,,,,,,,,,,,,,,,,,,,,,,,,,,,,,,,,,,,,,,,,,,,
20_12,20,12,m,16,03/09/22,07/14/23,m,n,11.83,.,81.0,.,.,.,.,.,w,1085859,1087694,2,r,2,r,2,r,2,bu,,,,,,,,,,,,,,,,,,,,,,,,,,,,,,,,,,,,,,,,,,,,,,,,,,,,,,,,,,,,,,,,,,,,,,,,,,,,,,,,,,,,,,,,,,,,,,,,,,,,,,,,,,
20_12,20,12,m,16,03/09/22,07/14/23,m,n,11.83,.,81.0,.,.,.,.,.,w,1087694,1087695,2,r,2,r,2,r,2,bu,,,,,,,,,,,,,,,,,,18,y,.,.,.,.,d,.,.,.,.,.,.,.,.,.,.,,,,,,,,,,,,,,,,,,,,,,,,,,,,,,,,,,,,,,,,,,,,,,,,,,,,,,,,,,,,,,,,,,,,,,,,
20_12,20,12,m,16,03/09/22,07/14/23,m,n,11.83,.,81.0,.,.,.,.,.,w,1087695,1090924,2,r,2,r,2,r,2,bu,,,,,,,,,,,,,,,,,,,,,,,,,,,,,,,,,,,,,,,,,,,,,,,,,,,,,,,,,,,,,,,,,,,,,,,,,,,,,,,,,,,,,,,,,,,,,,,,,,,,,,,,,,
20_12,20,12,m,16,03/09/22,07/14/23,m,n,11.83,.,81.0,.,.,.,.,.,w,1090924,1090925,2,r,2,r,2,r,2,bu,,,,,,,,,,,,,,,,,,19,y,.,.,.,.,o,.,.,.,y,.,.,.,.,.,.,,,,,,,,,,,,,,,,,,,,,,,,,,,,,,,,,,,,,,,,,,,,,,,,,,,,,,,,,,,,,,,,,,,,,,,,
20_12,20,12,m,16,03/09/22,07/14/23,m,n,11.83,.,81.0,.,.,.,.,.,w,1090925,1092794,2,r,2,r,2,r,2,bu,,,,,,,,,,,,,,,,,,,,,,,,,,,,,,,,,,,,,,,,,,,,,,,,,,,,,,,,,,,,,,,,,,,,,,,,,,,,,,,,,,,,,,,,,,,,,,,,,,,,,,,,,,
20_12,20,12,m,16,03/09/22,07/14/23,m,n,11.83,.,81.0,.,.,.,.,.,w,1092794,1092795,2,r,2,r,2,r,2,bu,,,,,,,,,,,,,,,,,,20,y,.,.,.,.,d,.,.,.,.,.,.,.,.,.,.,,,,,,,,,,,,,,,,,,,,,,,,,,,,,,,,,,,,,,,,,,,,,,,,,,,,,,,,,,,,,,,,,,,,,,,,
20_12,20,12,m,16,03/09/22,07/14/23,m,n,11.83,.,81.0,.,.,.,.,.,w,1092795,1094528,2,r,2,r,2,r,2,bu,,,,,,,,,,,,,,,,,,,,,,,,,,,,,,,,,,,,,,,,,,,,,,,,,,,,,,,,,,,,,,,,,,,,,,,,,,,,,,,,,,,,,,,,,,,,,,,,,,,,,,,,,,
20_12,20,12,m,16,03/09/22,07/14/23,m,n,11.83,.,81.0,.,.,.,.,.,w,1094528,1094529,2,r,2,r,2,r,2,bu,,,,,,,,,,,,,,,,,,21,y,.,.,.,.,o,.,.,.,y,.,.,.,.,.,.,,,,,,,,,,,,,,,,,,,,,,,,,,,,,,,,,,,,,,,,,,,,,,,,,,,,,,,,,,,,,,,,,,,,,,,,
20_12,20,12,m,16,03/09/22,07/14/23,m,n,11.83,.,81.0,.,.,.,.,.,w,1094529,1095718,2,r,2,r,2,r,2,bu,,,,,,,,,,,,,,,,,,,,,,,,,,,,,,,,,,,,,,,,,,,,,,,,,,,,,,,,,,,,,,,,,,,,,,,,,,,,,,,,,,,,,,,,,,,,,,,,,,,,,,,,,,
20_12,20,12,m,16,03/09/22,07/14/23,m,n,11.83,.,81.0,.,.,.,.,.,w,1095718,1095719,2,r,2,r,2,r,2,bu,,,,,,,,,,,,,,,,,,22,y,.,.,.,.,d,.,.,.,.,.,.,.,.,.,.,,,,,,,,,,,,,,,,,,,,,,,,,,,,,,,,,,,,,,,,,,,,,,,,,,,,,,,,,,,,,,,,,,,,,,,,
20_12,20,12,m,16,03/09/22,07/14/23,m,n,11.83,.,81.0,.,.,.,.,.,w,1095719,1099254,2,r,2,r,2,r,2,bu,,,,,,,,,,,,,,,,,,,,,,,,,,,,,,,,,,,,,,,,,,,,,,,,,,,,,,,,,,,,,,,,,,,,,,,,,,,,,,,,,,,,,,,,,,,,,,,,,,,,,,,,,,
20_12,20,12,m,16,03/09/22,07/14/23,m,n,11.83,.,81.0,.,.,.,.,.,w,1099254,1100819,2,r,2,r,2,r,2,bu,23,y,.,.,.,.,pu,.,.,.,.,.,.,.,.,.,.,,,,,,,,,,,,,,,,,,,,,,,,,,,,,,,,,,,,,,,,,,,,,,,,,,,,,,,,,,,,,,,,,,,,,,,,,,,,,,,,,,,,,,,,,
20_12,20,12,m,16,03/09/22,07/14/23,m,n,11.83,.,81.0,.,.,.,.,.,w,1100819,1101362,2,r,2,r,2,r,2,bu,,,,,,,,,,,,,,,,,,,,,,,,,,,,,,,,,,,,,,,,,,,,,,,,,,,,,,,,,,,,,,,,,,,,,,,,,,,,,,,,,,,,,,,,,,,,,,,,,,,,,,,,,,
20_12,20,12,m,16,03/09/22,07/14/23,m,n,11.83,.,81.0,.,.,.,.,.,w,1101362,1101363,2,r,2,r,2,r,2,bu,,,,,,,,,,,,,,,,,,24,y,.,.,.,.,p,.,.,.,.,.,.,.,.,.,.,,,,,,,,,,,,,,,,,,,,,,,,,,,,,,,,,,,,,,,,,,,,,,,,,,,,,,,,,,,,,,,,,,,,,,,,
20_12,20,12,m,16,03/09/22,07/14/23,m,n,11.83,.,81.0,.,.,.,.,.,w,1101363,1102518,2,r,2,r,2,r,2,bu,,,,,,,,,,,,,,,,,,,,,,,,,,,,,,,,,,,,,,,,,,,,,,,,,,,,,,,,,,,,,,,,,,,,,,,,,,,,,,,,,,,,,,,,,,,,,,,,,,,,,,,,,,
20_12,20,12,m,16,03/09/22,07/14/23,m,n,11.83,.,81.0,.,.,.,.,.,w,1102518,1102519,2,r,2,r,2,r,2,bu,,,,,,,,,,,,,,,,,,25,y,.,.,.,.,i,.,.,.,.,y,.,.,.,.,.,,,,,,,,,,,,,,,,,,,,,,,,,,,,,,,,,,,,,,,,,,,,,,,,,,,,,,,,,,,,,,,,,,,,,,,,
20_12,20,12,m,16,03/09/22,07/14/23,m,n,11.83,.,81.0,.,.,.,.,.,w,1102519,1103946,2,r,2,r,2,r,2,bu,,,,,,,,,,,,,,,,,,,,,,,,,,,,,,,,,,,,,,,,,,,,,,,,,,,,,,,,,,,,,,,,,,,,,,,,,,,,,,,,,,,,,,,,,,,,,,,,,,,,,,,,,,
20_12,20,12,m,16,03/09/22,07/14/23,m,n,11.83,.,81.0,.,.,.,.,.,w,1103946,1115167,2,r,2,r,2,r,2,bu,26,y,.,.,.,.,s,.,.,.,.,.,.,.,.,.,.,,,,,,,,,,,,,,,,,,,,,,,,,,,,,,,,,,,,,,,,,,,,,,,,,,,,,,,,,,,,,,,,,,,,,,,,,,,,,,,,,,,,,,,,,
20_12,20,12,m,16,03/09/22,07/14/23,m,n,11.83,.,81.0,.,.,.,.,.,w,1115167,1115200,2,r,2,r,2,r,2,bu,,,,,,,,,,,,,,,,,,,,,,,,,,,,,,,,,,,,,,,,,,,,,,,,,,,,,,,,,,,,,,,,,,,,,,,,,,,,,,,,,,,,,,,,,,,,,,,,,,,,,,,,,,
20_12,20,12,m,16,03/09/22,07/14/23,m,n,11.83,.,81.0,.,.,.,.,.,w,1115200,1117818,2,r,2,r,2,r,2,bu,27,y,.,.,.,.,pu,.,.,.,.,.,.,.,.,.,.,,,,,,,,,,,,,,,,,,,,,,,,,,,,,,,,,,,,,,,,,,,,,,,,,,,,,,,,,,,,,,,,,,,,,,,,,,,,,,,,,,,,,,,,,
20_12,20,12,m,16,03/09/22,07/14/23,m,n,11.83,.,81.0,.,.,.,.,.,w,1117818,1117819,2,r,2,r,2,r,2,bu,,,,,,,,,,,,,,,,,,28,y,.,.,.,.,d,.,.,.,.,.,.,.,.,.,.,,,,,,,,,,,,,,,,,,,,,,,,,,,,,,,,,,,,,,,,,,,,,,,,,,,,,,,,,,,,,,,,,,,,,,,,
20_12,20,12,m,16,03/09/22,07/14/23,m,n,11.83,.,81.0,.,.,.,.,.,w,1117819,1119790,2,r,2,r,2,r,2,bu,,,,,,,,,,,,,,,,,,,,,,,,,,,,,,,,,,,,,,,,,,,,,,,,,,,,,,,,,,,,,,,,,,,,,,,,,,,,,,,,,,,,,,,,,,,,,,,,,,,,,,,,,,
20_12,20,12,m,16,03/09/22,07/14/23,m,n,11.83,.,81.0,.,.,.,.,.,w,1119790,1121729,2,r,2,r,2,r,2,bu,29,y,.,.,.,.,pu,.,.,.,.,.,.,.,.,.,.,,,,,,,,,,,,,,,,,,,,,,,,,,,,,,,,,,,,,,,,,,,,,,,,,,,,,,,,,,,,,,,,,,,,,,,,,,,,,,,,,,,,,,,,,
20_12,20,12,m,16,03/09/22,07/14/23,m,n,11.83,.,81.0,.,.,.,.,.,w,1121729,1125196,2,r,2,r,2,r,,,,,,,,,,,,,,,,,,,,,,,,,,,,,,,,,,,,,,,,,,,,,,,,,,,,,,,,,,,,,,,,,,,,,,,,,,,,,,,,,,,,,,,,,,,,,,,,,,,,,,,,,,,,
20_12,20,12,m,16,03/09/22,07/14/23,m,n,11.83,.,81.0,.,.,.,.,.,w,1125196,1139171,2,r,2,r,2,r,3,bu,30,y,.,.,.,.,pu,.,.,.,.,.,.,.,.,.,.,,,,,,,,,,,,,,,,,,,,,,,,,,,,,,,,,,,,,,,,,,,,,,,,,,,,,,,,,,,,,,,,,,,,,,,,,,,,,,,,,,,,,,,,,
20_12,20,12,m,16,03/09/22,07/14/23,m,n,11.83,.,81.0,.,.,.,.,.,w,1139171,1139408,2,r,2,r,2,r,3,bu,,,,,,,,,,,,,,,,,,,,,,,,,,,,,,,,,,,,,,,,,,,,,,,,,,,,,,,,,,,,,,,,,,,,,,,,,,,,,,,,,,,,,,,,,,,,,,,,,,,,,,,,,,
20_12,20,12,m,16,03/09/22,07/14/23,m,n,11.83,.,81.0,.,.,.,.,.,w,1139408,1139409,2,r,2,r,2,r,3,bu,,,,,,,,,,,,,,,,,,31,y,.,.,.,.,p,.,.,.,.,.,.,.,.,.,.,,,,,,,,,,,,,,,,,,,,,,,,,,,,,,,,,,,,,,,,,,,,,,,,,,,,,,,,,,,,,,,,,,,,,,,,
20_12,20,12,m,16,03/09/22,07/14/23,m,n,11.83,.,81.0,.,.,.,.,.,w,1139409,1141448,2,r,2,r,2,r,3,bu,,,,,,,,,,,,,,,,,,,,,,,,,,,,,,,,,,,,,,,,,,,,,,,,,,,,,,,,,,,,,,,,,,,,,,,,,,,,,,,,,,,,,,,,,,,,,,,,,,,,,,,,,,
20_12,20,12,m,16,03/09/22,07/14/23,m,n,11.83,.,81.0,.,.,.,.,.,w,1141448,1141449,2,r,2,r,2,r,3,bu,,,,,,,,,,,,,,,,,,32,y,.,.,.,.,i,.,.,.,.,y,.,.,.,.,.,,,,,,,,,,,,,,,,,,,,,,,,,,,,,,,,,,,,,,,,,,,,,,,,,,,,,,,,,,,,,,,,,,,,,,,,
20_12,20,12,m,16,03/09/22,07/14/23,m,n,11.83,.,81.0,.,.,.,.,.,w,1141449,1143080,2,r,2,r,2,r,3,bu,,,,,,,,,,,,,,,,,,,,,,,,,,,,,,,,,,,,,,,,,,,,,,,,,,,,,,,,,,,,,,,,,,,,,,,,,,,,,,,,,,,,,,,,,,,,,,,,,,,,,,,,,,
20_12,20,12,m,16,03/09/22,07/14/23,m,n,11.83,.,81.0,.,.,.,.,.,w,1143080,1143081,2,r,2,r,2,r,3,bu,,,,,,,,,,,,,,,,,,33,y,.,.,.,.,p,.,.,.,.,.,.,.,.,.,.,,,,,,,,,,,,,,,,,,,,,,,,,,,,,,,,,,,,,,,,,,,,,,,,,,,,,,,,,,,,,,,,,,,,,,,,
20_12,20,12,m,16,03/09/22,07/14/23,m,n,11.83,.,81.0,.,.,.,.,.,w,1143081,1150492,2,r,2,r,2,r,3,bu,,,,,,,,,,,,,,,,,,,,,,,,,,,,,,,,,,,,,,,,,,,,,,,,,,,,,,,,,,,,,,,,,,,,,,,,,,,,,,,,,,,,,,,,,,,,,,,,,,,,,,,,,,
20_12,20,12,m,16,03/09/22,07/14/23,m,n,11.83,.,81.0,.,.,.,.,.,w,1150492,1150493,2,r,2,r,2,r,3,bu,,,,,,,,,,,,,,,,,,,,,,,,,,,,,,,,,,,1,g,,,,,,,,,,,,,,,,,,99,y,.,.,.,.,p,.,y,.,.,.,.,.,.,.,.,,,,,,,,,,,,,,,,,,,,,,,,,,,,,,,,,,,,
20_12,20,12,m,16,03/09/22,07/14/23,m,n,11.83,.,81.0,.,.,.,.,.,w,1150493,1161440,2,r,2,r,2,r,3,bu,,,,,,,,,,,,,,,,,,,,,,,,,,,,,,,,,,,1,g,,,,,,,,,,,,,,,,,,,,,,,,,,,,,,,,,,,,,,,,,,,,,,,,,,,,,,,,,,,,,,,,,,,,,,
20_12,20,12,m,16,03/09/22,07/14/23,m,n,11.83,.,81.0,.,.,.,.,.,w,1161440,1161441,2,r,2,r,2,r,3,bu,,,,,,,,,,,,,,,,,,,,,,,,,,,,,,,,,,,1,g,,,,,,,,,,,,,,,,,,99,y,.,.,.,.,d,.,.,.,.,.,.,.,.,.,.,,,,,,,,,,,,,,,,,,,,,,,,,,,,,,,,,,,,
20_12,20,12,m,16,03/09/22,07/14/23,m,n,11.83,.,81.0,.,.,.,.,.,w,1161441,1164160,2,r,2,r,2,r,3,bu,,,,,,,,,,,,,,,,,,,,,,,,,,,,,,,,,,,,,,,,,,,,,,,,,,,,,,,,,,,,,,,,,,,,,,,,,,,,,,,,,,,,,,,,,,,,,,,,,,,,,,,,,,
20_12,20,12,m,16,03/09/22,07/14/23,m,n,11.83,.,81.0,.,.,.,.,.,w,1164160,1164161,2,r,2,r,2,r,3,bu,,,,,,,,,,,,,,,,,,34,y,.,.,.,.,d,.,.,.,.,.,.,.,.,.,.,,,,,,,,,,,,,,,,,,,,,,,,,,,,,,,,,,,,,,,,,,,,,,,,,,,,,,,,,,,,,,,,,,,,,,,,
20_12,20,12,m,16,03/09/22,07/14/23,m,n,11.83,.,81.0,.,.,.,.,.,w,1164161,1165656,2,r,2,r,2,r,,,,,,,,,,,,,,,,,,,,,,,,,,,,,,,,,,,,,,,,,,,,,,,,,,,,,,,,,,,,,,,,,,,,,,,,,,,,,,,,,,,,,,,,,,,,,,,,,,,,,,,,,,,,
20_12,20,12,m,16,03/09/22,07/14/23,m,n,11.83,.,81.0,.,.,.,.,.,w,1165656,1165657,2,r,2,r,2,r,4,g,,,,,,,,,,,,,,,,,,35,y,.,.,.,.,p,.,.,.,.,.,.,.,.,.,.,,,,,,,,,,,,,,,,,,,,,,,,,,,,,,,,,,,,,,,,,,,,,,,,,,,,,,,,,,,,,,,,,,,,,,,,
20_12,20,12,m,16,03/09/22,07/14/23,m,n,11.83,.,81.0,.,.,.,.,.,w,1165657,1168614,2,r,2,r,2,r,4,g,,,,,,,,,,,,,,,,,,,,,,,,,,,,,,,,,,,,,,,,,,,,,,,,,,,,,,,,,,,,,,,,,,,,,,,,,,,,,,,,,,,,,,,,,,,,,,,,,,,,,,,,,,
20_12,20,12,m,16,03/09/22,07/14/23,m,n,11.83,.,81.0,.,.,.,.,.,w,1168614,1168615,2,r,2,r,2,r,4,g,,,,,,,,,,,,,,,,,,36,y,.,.,.,.,p,.,.,.,.,.,.,.,.,.,.,,,,,,,,,,,,,,,,,,,,,,,,,,,,,,,,,,,,,,,,,,,,,,,,,,,,,,,,,,,,,,,,,,,,,,,,
20_12,20,12,m,16,03/09/22,07/14/23,m,n,11.83,.,81.0,.,.,.,.,.,w,1168615,1175584,2,r,2,r,2,r,4,g,,,,,,,,,,,,,,,,,,,,,,,,,,,,,,,,,,,,,,,,,,,,,,,,,,,,,,,,,,,,,,,,,,,,,,,,,,,,,,,,,,,,,,,,,,,,,,,,,,,,,,,,,,
20_12,20,12,m,16,03/09/22,07/14/23,m,n,11.83,.,81.0,.,.,.,.,.,w,1175584,1175585,2,r,2,r,2,r,4,g,,,,,,,,,,,,,,,,,,37,y,.,.,.,.,d,.,.,.,.,.,.,.,.,.,.,,,,,,,,,,,,,,,,,,,,,,,,,,,,,,,,,,,,,,,,,,,,,,,,,,,,,,,,,,,,,,,,,,,,,,,,
20_12,20,12,m,16,03/09/22,07/14/23,m,n,11.83,.,81.0,.,.,.,.,.,w,1175585,1177046,2,r,2,r,2,r,4,g,,,,,,,,,,,,,,,,,,,,,,,,,,,,,,,,,,,,,,,,,,,,,,,,,,,,,,,,,,,,,,,,,,,,,,,,,,,,,,,,,,,,,,,,,,,,,,,,,,,,,,,,,,
20_12,20,12,m,16,03/09/22,07/14/23,m,n,11.83,.,81.0,.,.,.,.,.,w,1177046,1178135,2,r,2,r,2,r,4,g,,,,,,,,,,,,,,,,,,,,,,,,,,,,,,,,,,,2,bu,99,y,.,.,.,.,pu,.,.,.,.,.,.,.,.,.,.,,,,,,,,,,,,,,,,,,,,,,,,,,,,,,,,,,,,,,,,,,,,,,,,,,,,,
20_12,20,12,m,16,03/09/22,07/14/23,m,n,11.83,.,81.0,.,.,.,.,.,w,1178135,1179154,2,r,2,r,2,r,4,g,,,,,,,,,,,,,,,,,,,,,,,,,,,,,,,,,,,,,,,,,,,,,,,,,,,,,,,,,,,,,,,,,,,,,,,,,,,,,,,,,,,,,,,,,,,,,,,,,,,,,,,,,,
20_12,20,12,m,16,03/09/22,07/14/23,m,n,11.83,.,81.0,.,.,.,.,.,w,1179154,1179155,2,r,2,r,2,r,4,g,,,,,,,,,,,,,,,,,,38,y,.,.,.,.,p,.,.,.,.,.,.,.,.,.,.,,,,,,,,,,,,,,,,,,,,,,,,,,,,,,,,,,,,,,,,,,,,,,,,,,,,,,,,,,,,,,,,,,,,,,,,
20_12,20,12,m,16,03/09/22,07/14/23,m,n,11.83,.,81.0,.,.,.,.,.,w,1179155,1181228,2,r,2,r,2,r,4,g,,,,,,,,,,,,,,,,,,,,,,,,,,,,,,,,,,,,,,,,,,,,,,,,,,,,,,,,,,,,,,,,,,,,,,,,,,,,,,,,,,,,,,,,,,,,,,,,,,,,,,,,,,
20_12,20,12,m,16,03/09/22,07/14/23,m,n,11.83,.,81.0,.,.,.,.,.,w,1181228,1181229,2,r,2,r,2,r,4,g,,,,,,,,,,,,,,,,,,39,y,.,.,.,.,d,.,.,.,.,.,.,.,.,.,.,,,,,,,,,,,,,,,,,,,,,,,,,,,,,,,,,,,,,,,,,,,,,,,,,,,,,,,,,,,,,,,,,,,,,,,,
20_12,20,12,m,16,03/09/22,07/14/23,m,n,11.83,.,81.0,.,.,.,.,.,w,1181229,1183710,2,r,2,r,2,r,4,g,,,,,,,,,,,,,,,,,,,,,,,,,,,,,,,,,,,,,,,,,,,,,,,,,,,,,,,,,,,,,,,,,,,,,,,,,,,,,,,,,,,,,,,,,,,,,,,,,,,,,,,,,,
20_12,20,12,m,16,03/09/22,07/14/23,m,n,11.83,.,81.0,.,.,.,.,.,w,1183710,1183711,2,r,2,r,2,r,4,g,,,,,,,,,,,,,,,,,,40,y,.,.,.,.,p,.,.,.,.,.,.,.,.,.,.,,,,,,,,,,,,,,,,,,,,,,,,,,,,,,,,,,,,,,,,,,,,,,,,,,,,,,,,,,,,,,,,,,,,,,,,
20_12,20,12,m,16,03/09/22,07/14/23,m,n,11.83,.,81.0,.,.,.,.,.,w,1183711,1184424,2,r,2,r,2,r,4,g,,,,,,,,,,,,,,,,,,,,,,,,,,,,,,,,,,,,,,,,,,,,,,,,,,,,,,,,,,,,,,,,,,,,,,,,,,,,,,,,,,,,,,,,,,,,,,,,,,,,,,,,,,
20_12,20,12,m,16,03/09/22,07/14/23,m,n,11.83,.,81.0,.,.,.,.,.,w,1184424,1190511,2,r,2,r,2,r,4,g,41,y,.,.,.,.,s,.,.,.,.,.,.,.,.,.,.,,,,,,,,,,,,,,,,,,,,,,,,,,,,,,,,,,,,,,,,,,,,,,,,,,,,,,,,,,,,,,,,,,,,,,,,,,,,,,,,,,,,,,,,,
20_12,20,12,m,16,03/09/22,07/14/23,m,n,11.83,.,81.0,.,.,.,.,.,w,1190511,1197718,2,r,2,r,2,r,4,g,,,,,,,,,,,,,,,,,,,,,,,,,,,,,,,,,,,,,,,,,,,,,,,,,,,,,,,,,,,,,,,,,,,,,,,,,,,,,,,,,,,,,,,,,,,,,,,,,,,,,,,,,,
20_12,20,12,m,16,03/09/22,07/14/23,m,n,11.83,.,81.0,.,.,.,.,.,w,1197718,1197719,2,r,2,r,2,r,4,g,,,,,,,,,,,,,,,,,,42,y,.,.,.,.,d,.,.,.,.,.,.,.,.,.,.,,,,,,,,,,,,,,,,,,,,,,,,,,,,,,,,,,,,,,,,,,,,,,,,,,,,,,,,,,,,,,,,,,,,,,,,
20_12,20,12,m,16,03/09/22,07/14/23,m,n,11.83,.,81.0,.,.,.,.,.,w,1197719,1198194,2,r,2,r,2,r,4,g,,,,,,,,,,,,,,,,,,,,,,,,,,,,,,,,,,,,,,,,,,,,,,,,,,,,,,,,,,,,,,,,,,,,,,,,,,,,,,,,,,,,,,,,,,,,,,,,,,,,,,,,,,
20_12,20,12,m,16,03/09/22,07/14/23,m,n,11.83,.,81.0,.,.,.,.,.,w,1198194,1198195,2,r,2,r,2,r,4,g,,,,,,,,,,,,,,,,,,43,y,.,.,.,.,d,.,.,.,.,.,.,.,.,.,.,,,,,,,,,,,,,,,,,,,,,,,,,,,,,,,,,,,,,,,,,,,,,,,,,,,,,,,,,,,,,,,,,,,,,,,,
20_12,20,12,m,16,03/09/22,07/14/23,m,n,11.83,.,81.0,.,.,.,.,.,w,1198195,1199418,2,r,2,r,2,r,,,,,,,,,,,,,,,,,,,,,,,,,,,,,,,,,,,,,,,,,,,,,,,,,,,,,,,,,,,,,,,,,,,,,,,,,,,,,,,,,,,,,,,,,,,,,,,,,,,,,,,,,,,,
20_12,20,12,m,16,03/09/22,07/14/23,m,n,11.83,.,81.0,.,.,.,.,.,w,1199418,1201255,2,r,2,r,2,r,5,p,44,y,.,.,.,.,pu,.,.,.,.,.,.,.,.,.,.,,,,,,,,,,,,,,,,,,,,,,,,,,,,,,,,,,,,,,,,,,,,,,,,,,,,,,,,,,,,,,,,,,,,,,,,,,,,,,,,,,,,,,,,,
20_12,20,12,m,16,03/09/22,07/14/23,m,n,11.83,.,81.0,.,.,.,.,.,w,1201255,1202784,2,r,2,r,2,r,5,p,,,,,,,,,,,,,,,,,,,,,,,,,,,,,,,,,,,,,,,,,,,,,,,,,,,,,,,,,,,,,,,,,,,,,,,,,,,,,,,,,,,,,,,,,,,,,,,,,,,,,,,,,,
20_12,20,12,m,16,03/09/22,07/14/23,m,n,11.83,.,81.0,.,.,.,.,.,w,1202784,1205403,2,r,2,r,2,r,5,p,45,y,.,.,.,.,pu,.,.,.,.,.,.,.,.,.,y,,,,,,,,,,,,,,,,,,,,,,,,,,,,,,,,,,,,,,,,,,,,,,,,,,,,,,,,,,,,,,,,,,,,,,,,,,,,,,,,,,,,,,,,,
20_12,20,12,m,16,03/09/22,07/14/23,m,n,11.83,.,81.0,.,.,.,.,.,w,1205403,1206830,2,r,2,r,2,r,,,,,,,,,,,,,,,,,,,,,,,,,,,,,,,,,,,,,,,,,,,,,,,,,,,,,,,,,,,,,,,,,,,,,,,,,,,,,,,,,,,,,,,,,,,,,,,,,,,,,,,,,,,,
20_12,20,12,m,16,03/09/22,07/14/23,m,n,11.83,.,81.0,.,.,.,.,.,w,1206830,1209075,2,r,2,r,2,r,6,g,46,y,.,.,.,.,pu,.,.,.,.,.,.,.,.,.,.,,,,,,,,,,,,,,,,,,,,,,,,,,,,,,,,,,,,,,,,,,,,,,,,,,,,,,,,,,,,,,,,,,,,,,,,,,,,,,,,,,,,,,,,,
20_12,20,12,m,16,03/09/22,07/14/23,m,n,11.83,.,81.0,.,.,.,.,.,w,1209075,1212440,2,r,2,r,2,r,,,,,,,,,,,,,,,,,,,,,,,,,,,,,,,,,,,,,,,,,,,,,,,,,,,,,,,,,,,,,,,,,,,,,,,,,,,,,,,,,,,,,,,,,,,,,,,,,,,,,,,,,,,,
20_12,20,12,m,16,03/09/22,07/14/23,m,n,11.83,.,81.0,.,.,.,.,.,w,1212440,1212950,2,r,2,r,2,r,7,sh,,,,,,,,,,,,,,,,,,,,,,,,,,,,,,,,,,,,,,,,,,,,,,,,,,,,,,,,,,,,,,,,,,,,,,,,,,,,,,,,,,,,,,,,,,,,,,,,,,,,,,,,,,
20_12,20,12,m,16,03/09/22,07/14/23,m,n,11.83,.,81.0,.,.,.,.,.,w,1212950,1212951,2,r,2,r,2,r,7,sh,,,,,,,,,,,,,,,,,,47,y,.,.,.,.,p,.,.,.,.,.,.,.,.,.,.,,,,,,,,,,,,,,,,,,,,,,,,,,,,,,,,,,,,,,,,,,,,,,,,,,,,,,,,,,,,,,,,,,,,,,,,
20_12,20,12,m,16,03/09/22,07/14/23,m,n,11.83,.,81.0,.,.,.,.,.,w,1212951,1216044,2,r,2,r,2,r,7,sh,,,,,,,,,,,,,,,,,,,,,,,,,,,,,,,,,,,,,,,,,,,,,,,,,,,,,,,,,,,,,,,,,,,,,,,,,,,,,,,,,,,,,,,,,,,,,,,,,,,,,,,,,,
20_12,20,12,m,16,03/09/22,07/14/23,m,n,11.83,.,81.0,.,.,.,.,.,w,1216044,1216045,2,r,2,r,2,r,7,sh,,,,,,,,,,,,,,,,,,48,y,.,.,.,.,d,.,.,.,.,.,.,.,.,.,.,,,,,,,,,,,,,,,,,,,,,,,,,,,,,,,,,,,,,,,,,,,,,,,,,,,,,,,,,,,,,,,,,,,,,,,,
20_12,20,12,m,16,03/09/22,07/14/23,m,n,11.83,.,81.0,.,.,.,.,.,w,1216045,1216588,2,r,2,r,2,r,7,sh,,,,,,,,,,,,,,,,,,,,,,,,,,,,,,,,,,,,,,,,,,,,,,,,,,,,,,,,,,,,,,,,,,,,,,,,,,,,,,,,,,,,,,,,,,,,,,,,,,,,,,,,,,
20_12,20,12,m,16,03/09/22,07/14/23,m,n,11.83,.,81.0,.,.,.,.,.,w,1216588,1216589,2,r,2,r,2,r,7,sh,,,,,,,,,,,,,,,,,,49,y,.,.,.,.,p,.,.,.,.,.,.,.,.,.,.,,,,,,,,,,,,,,,,,,,,,,,,,,,,,,,,,,,,,,,,,,,,,,,,,,,,,,,,,,,,,,,,,,,,,,,,
20_12,20,12,m,16,03/09/22,07/14/23,m,n,11.83,.,81.0,.,.,.,.,.,w,1216589,1218016,2,r,2,r,2,r,7,sh,,,,,,,,,,,,,,,,,,,,,,,,,,,,,,,,,,,,,,,,,,,,,,,,,,,,,,,,,,,,,,,,,,,,,,,,,,,,,,,,,,,,,,,,,,,,,,,,,,,,,,,,,,
20_12,20,12,m,16,03/09/22,07/14/23,m,n,11.83,.,81.0,.,.,.,.,.,w,1218016,1236512,2,r,2,r,2,r,7,sh,50,y,.,.,.,.,t,.,.,.,.,.,.,.,.,.,.,,,,,,,,,,,,,,,,,,,,,,,,,,,,,,,,,,,,,,,,,,,,,,,,,,,,,,,,,,,,,,,,,,,,,,,,,,,,,,,,,,,,,,,,,
20_12,20,12,m,16,03/09/22,07/14/23,m,n,11.83,.,81.0,.,.,.,.,.,w,1236512,1236513,2,r,2,r,2,r,7,sh,,,,,,,,,,,,,,,,,,51,y,.,.,.,.,p,.,.,.,.,.,.,.,.,.,.,,,,,,,,,,,,,,,,,,,,,,,,,,,,,,,,,,,,,,,,,,,,,,,,,,,,,,,,,,,,,,,,,,,,,,,,
20_12,20,12,m,16,03/09/22,07/14/23,m,n,11.83,.,81.0,.,.,.,.,.,w,1236513,1241850,2,r,2,r,2,r,7,sh,,,,,,,,,,,,,,,,,,,,,,,,,,,,,,,,,,,,,,,,,,,,,,,,,,,,,,,,,,,,,,,,,,,,,,,,,,,,,,,,,,,,,,,,,,,,,,,,,,,,,,,,,,
20_12,20,12,m,16,03/09/22,07/14/23,m,n,11.83,.,81.0,.,.,.,.,.,w,1241850,1241851,2,r,2,r,2,r,7,sh,,,,,,,,,,,,,,,,,,52,y,.,.,.,.,d,.,.,.,.,.,.,.,.,.,.,,,,,,,,,,,,,,,,,,,,,,,,,,,,,,,,,,,,,,,,,,,,,,,,,,,,,,,,,,,,,,,,,,,,,,,,
20_12,20,12,m,16,03/09/22,07/14/23,m,n,11.83,.,81.0,.,.,.,.,.,w,1241851,1243176,2,r,2,r,2,r,,,,,,,,,,,,,,,,,,,,,,,,,,,,,,,,,,,,,,,,,,,,,,,,,,,,,,,,,,,,,,,,,,,,,,,,,,,,,,,,,,,,,,,,,,,,,,,,,,,,,,,,,,,,
20_12,20,12,m,16,03/09/22,07/14/23,m,n,11.83,.,81.0,.,.,.,.,.,w,1243176,1285540,2,r,2,r,2,r,8,t,53,y,.,.,.,.,t,.,.,.,.,.,.,.,.,.,.,,,,,,,,,,,,,,,,,,,,,,,,,,,,,,,,,,,,,,,,,,,,,,,,,,,,,,,,,,,,,,,,,,,,,,,,,,,,,,,,,,,,,,,,,
20_12,20,12,m,16,03/09/22,07/14/23,m,n,11.83,.,81.0,.,.,.,.,.,w,1285540,1290777,2,r,2,r,2,r,8,t,54,y,.,.,.,.,pu,.,.,.,.,.,.,.,.,.,.,,,,,,,,,,,,,,,,,,,,,,,,,,,,,,,,,,,,,,,,,,,,,,,,,,,,,,,,,,,,,,,,,,,,,,,,,,,,,,,,,,,,,,,,,
20_12,20,12,m,16,03/09/22,07/14/23,m,n,11.83,.,81.0,.,.,.,.,.,w,1290777,1292442,2,r,2,r,2,r,,,,,,,,,,,,,,,,,,,,,,,,,,,,,,,,,,,,,,,,,,,,,,,,,,,,,,,,,,,,,,,,,,,,,,,,,,,,,,,,,,,,,,,,,,,,,,,,,,,,,,,,,,,,
20_12,20,12,m,16,03/09/22,07/14/23,m,n,11.83,.,81.0,.,.,.,.,.,w,1292442,1293734,2,r,2,r,2,r,9,sh,,,,,,,,,,,,,,,,,,,,,,,,,,,,,,,,,,,,,,,,,,,,,,,,,,,,,,,,,,,,,,,,,,,,,,,,,,,,,,,,,,,,,,,,,,,,,,,,,,,,,,,,,,
20_12,20,12,m,16,03/09/22,07/14/23,m,n,11.83,.,81.0,.,.,.,.,.,w,1293734,1293735,2,r,2,r,2,r,9,sh,,,,,,,,,,,,,,,,,,55,y,.,.,.,.,p,.,.,.,.,.,.,.,.,.,.,,,,,,,,,,,,,,,,,,,,,,,,,,,,,,,,,,,,,,,,,,,,,,,,,,,,,,,,,,,,,,,,,,,,,,,,
20_12,20,12,m,16,03/09/22,07/14/23,m,n,11.83,.,81.0,.,.,.,.,.,w,1293735,1297950,2,r,2,r,2,r,9,sh,,,,,,,,,,,,,,,,,,,,,,,,,,,,,,,,,,,,,,,,,,,,,,,,,,,,,,,,,,,,,,,,,,,,,,,,,,,,,,,,,,,,,,,,,,,,,,,,,,,,,,,,,,
20_12,20,12,m,16,03/09/22,07/14/23,m,n,11.83,.,81.0,.,.,.,.,.,w,1297950,1297951,2,r,2,r,2,r,9,sh,,,,,,,,,,,,,,,,,,56,y,.,.,.,.,d,.,.,.,.,.,.,.,.,.,.,,,,,,,,,,,,,,,,,,,,,,,,,,,,,,,,,,,,,,,,,,,,,,,,,,,,,,,,,,,,,,,,,,,,,,,,
20_12,20,12,m,16,03/09/22,07/14/23,m,n,11.83,.,81.0,.,.,.,.,.,w,1297951,1300024,2,r,2,r,2,r,,,,,,,,,,,,,,,,,,,,,,,,,,,,,,,,,,,,,,,,,,,,,,,,,,,,,,,,,,,,,,,,,,,,,,,,,,,,,,,,,,,,,,,,,,,,,,,,,,,,,,,,,,,,
20_12,20,12,m,16,03/09/22,07/14/23,m,n,11.83,.,81.0,.,.,.,.,.,w,1300024,1325933,2,r,2,r,2,r,10,t,57,y,.,.,.,.,t,.,.,.,.,.,.,.,.,.,.,,,,,,,,,,,,,,,,,,,,,,,,,,,,,,,,,,,,,,,,,,,,,,,,,,,,,,,,,,,,,,,,,,,,,,,,,,,,,,,,,,,,,,,,,
20_12,20,12,m,16,03/09/22,07/14/23,m,n,11.83,.,81.0,.,.,.,.,.,w,1325933,1329162,2,r,2,r,2,r,,,,,,,,,,,,,,,,,,,,,,,,,,,,,,,,,,,,,,,,,,,,,,,,,,,,,,,,,,,,,,,,,,,,,,,,,,,,,,,,,,,,,,,,,,,,,,,,,,,,,,,,,,,,
20_12,20,12,m,16,03/09/22,07/14/23,m,n,11.83,.,81.0,.,.,.,.,.,w,1329162,1350617,2,r,2,r,2,r,11,t,58,y,.,.,.,.,t,.,.,.,.,.,.,.,.,.,.,,,,,,,,,,,,,,,,,,,,,,,,,,,,,,,,,,,,,,,,,,,,,,,,,,,,,,,,,,,,,,,,,,,,,,,,,,,,,,,,,,,,,,,,,
20_12,20,12,m,16,03/09/22,07/14/23,m,n,11.83,.,81.0,.,.,.,.,.,w,1350617,1355988,2,r,2,r,2,r,,,,,,,,,,,,,,,,,,,,,,,,,,,,,,,,,,,,,,,,,,,,,,,,,,,,,,,,,,,,,,,,,,,,,,,,,,,,,,,,,,,,,,,,,,,,,,,,,,,,,,,,,,,,
20_12,20,12,m,16,03/09/22,07/14/23,m,n,11.83,.,81.0,.,.,.,.,.,w,1355988,1355989,2,r,2,r,2,r,12,pb,,,,,,,,,,,,,,,,,,59,y,.,.,.,.,p,.,.,.,.,.,.,.,.,.,.,,,,,,,,,,,,,,,,,,,,,,,,,,,,,,,,,,,,,,,,,,,,,,,,,,,,,,,,,,,,,,,,,,,,,,,,
20_12,20,12,m,16,03/09/22,07/14/23,m,n,11.83,.,81.0,.,.,.,.,.,w,1355989,1359898,2,r,2,r,2,r,12,pb,,,,,,,,,,,,,,,,,,,,,,,,,,,,,,,,,,,,,,,,,,,,,,,,,,,,,,,,,,,,,,,,,,,,,,,,,,,,,,,,,,,,,,,,,,,,,,,,,,,,,,,,,,
20_12,20,12,m,16,03/09/22,07/14/23,m,n,11.83,.,81.0,.,.,.,.,.,w,1359898,1359899,2,r,2,r,2,r,12,pb,,,,,,,,,,,,,,,,,,60,y,.,.,.,.,th,.,.,.,.,.,.,.,.,.,.,,,,,,,,,,,,,,,,,,,,,,,,,,,,,,,,,,,,,,,,,,,,,,,,,,,,,,,,,,,,,,,,,,,,,,,,
20_12,20,12,m,16,03/09/22,07/14/23,m,n,11.83,.,81.0,.,.,.,.,.,w,1359899,1372784,2,r,2,r,2,r,,,,,,,,,,,,,,,,,,,,,,,,,,,,,,,,,,,,,,,,,,,,,,,,,,,,,,,,,,,,,,,,,,,,,,,,,,,,,,,,,,,,,,,,,,,,,,,,,,,,,,,,,,,,
20_12,20,12,m,16,03/09/22,07/14/23,m,n,11.83,.,81.0,.,.,.,.,.,w,1372784,1372785,2,r,2,r,2,r,13,rb,,,,,,,,,,,,,,,,,,61,y,.,.,.,.,p,.,.,.,.,.,.,.,.,.,.,,,,,,,,,,,,,,,,,,,,,,,,,,,,,,,,,,,,,,,,,,,,,,,,,,,,,,,,,,,,,,,,,,,,,,,,
20_12,20,12,m,16,03/09/22,07/14/23,m,n,11.83,.,81.0,.,.,.,.,.,w,1372785,1377000,2,r,2,r,2,r,13,rb,,,,,,,,,,,,,,,,,,,,,,,,,,,,,,,,,,,,,,,,,,,,,,,,,,,,,,,,,,,,,,,,,,,,,,,,,,,,,,,,,,,,,,,,,,,,,,,,,,,,,,,,,,
20_12,20,12,m,16,03/09/22,07/14/23,m,n,11.83,.,81.0,.,.,.,.,.,w,1377000,1377001,2,r,2,r,2,r,13,rb,,,,,,,,,,,,,,,,,,62,y,.,.,.,.,th,.,.,.,.,.,.,.,.,.,.,,,,,,,,,,,,,,,,,,,,,,,,,,,,,,,,,,,,,,,,,,,,,,,,,,,,,,,,,,,,,,,,,,,,,,,,
20_12,20,12,m,16,03/09/22,07/14/23,m,n,11.83,.,81.0,.,.,.,.,.,w,1377001,1381114,2,r,2,r,2,r,,,,,,,,,,,,,,,,,,,,,,,,,,,,,,,,,,,,,,,,,,,,,,,,,,,,,,,,,,,,,,,,,,,,,,,,,,,,,,,,,,,,,,,,,,,,,,,,,,,,,,,,,,,,
20_12,20,12,m,16,03/09/22,07/14/23,m,n,11.83,.,81.0,.,.,.,.,.,w,1381114,1382679,2,r,2,r,2,r,14,a,63,y,.,.,.,.,t,.,.,.,.,.,.,.,.,.,.,,,,,,,,,,,,,,,,,,,,,,,,,,,,,,,,,,,,,,,,,,,,,,,,,,,,,,,,,,,,,,,,,,,,,,,,,,,,,,,,,,,,,,,,,
20_12,20,12,m,16,03/09/22,07/14/23,m,n,11.83,.,81.0,.,.,.,.,.,w,1382679,1384650,2,r,2,r,2,r,14,a,,,,,,,,,,,,,,,,,,,,,,,,,,,,,,,,,,,,,,,,,,,,,,,,,,,,,,,,,,,,,,,,,,,,,,,,,,,,,,,,,,,,,,,,,,,,,,,,,,,,,,,,,,
20_12,20,12,m,16,03/09/22,07/14/23,m,n,11.83,.,81.0,.,.,.,.,.,w,1384650,1385025,2,r,2,r,2,r,14,a,64,y,.,.,.,.,t,.,.,.,.,.,.,.,.,.,.,,,,,,,,,,,,,,,,,,,,,,,,,,,,,,,,,,,,,,,,,,,,,,,,,,,,,,,,,,,,,,,,,,,,,,,,,,,,,,,,,,,,,,,,,
20_12,20,12,m,16,03/09/22,07/14/23,m,n,11.83,.,81.0,.,.,.,.,.,w,1385025,1394442,2,r,2,r,2,r,,,,,,,,,,,,,,,,,,,,,,,,,,,,,,,,,,,,,,,,,,,,,,,,,,,,,,,,,,,,,,,,,,,,,,,,,,,,,,,,,,,,,,,,,,,,,,,,,,,,,,,,,,,,
20_12,20,12,m,16,03/09/22,07/14/23,m,n,11.83,.,81.0,.,.,.,.,.,w,1394442,1394443,2,r,2,r,2,r,15,pb,,,,,,,,,,,,,,,,,,65,y,.,.,.,.,p,.,.,.,.,.,.,.,.,.,.,,,,,,,,,,,,,,,,,,,,,,,,,,,,,,,,,,,,,,,,,,,,,,,,,,,,,,,,,,,,,,,,,,,,,,,,
20_12,20,12,m,16,03/09/22,07/14/23,m,n,11.83,.,81.0,.,.,.,.,.,w,1394443,1396822,2,r,2,r,2,r,15,pb,,,,,,,,,,,,,,,,,,,,,,,,,,,,,,,,,,,,,,,,,,,,,,,,,,,,,,,,,,,,,,,,,,,,,,,,,,,,,,,,,,,,,,,,,,,,,,,,,,,,,,,,,,
20_12,20,12,m,16,03/09/22,07/14/23,m,n,11.83,.,81.0,.,.,.,.,.,w,1396822,1396823,2,r,2,r,2,r,15,pb,,,,,,,,,,,,,,,,,,66,y,.,.,.,.,th,.,.,.,.,.,.,.,.,.,.,,,,,,,,,,,,,,,,,,,,,,,,,,,,,,,,,,,,,,,,,,,,,,,,,,,,,,,,,,,,,,,,,,,,,,,,
20_12,20,12,m,16,03/09/22,07/14/23,m,n,11.83,.,81.0,.,.,.,.,.,w,1396823,1400630,2,r,2,r,2,r,,,,,,,,,,,,,,,,,,,,,,,,,,,,,,,,,,,,,,,,,,,,,,,,,,,,,,,,,,,,,,,,,,,,,,,,,,,,,,,,,,,,,,,,,,,,,,,,,,,,,,,,,,,,
20_12,20,12,m,16,03/09/22,07/14/23,m,n,11.83,.,81.0,.,.,.,.,.,w,1400630,1400631,2,r,2,r,2,r,16,bu,,,,,,,,,,,,,,,,,,67,y,.,.,.,.,p,.,.,.,.,.,.,.,.,.,.,,,,,,,,,,,,,,,,,,,,,,,,,,,,,,,,,,,,,,,,,,,,,,,,,,,,,,,,,,,,,,,,,,,,,,,,
20_12,20,12,m,16,03/09/22,07/14/23,m,n,11.83,.,81.0,.,.,.,.,.,w,1400631,1405968,2,r,2,r,2,r,16,bu,,,,,,,,,,,,,,,,,,,,,,,,,,,,,,,,,,,,,,,,,,,,,,,,,,,,,,,,,,,,,,,,,,,,,,,,,,,,,,,,,,,,,,,,,,,,,,,,,,,,,,,,,,
20_12,20,12,m,16,03/09/22,07/14/23,m,n,11.83,.,81.0,.,.,.,.,.,w,1405968,1405969,2,r,2,r,2,r,16,bu,,,,,,,,,,,,,,,,,,68,y,.,.,.,.,d,.,.,.,.,.,.,.,.,.,.,,,,,,,,,,,,,,,,,,,,,,,,,,,,,,,,,,,,,,,,,,,,,,,,,,,,,,,,,,,,,,,,,,,,,,,,
20_12,20,12,m,16,03/09/22,07/14/23,m,n,11.83,.,81.0,.,.,.,.,.,w,1405969,1412088,2,r,2,r,2,r,,,,,,,,,,,,,,,,,,,,,,,,,,,,,,,,,,,,,,,,,,,,,,,,,,,,,,,,,,,,,,,,,,,,,,,,,,,,,,,,,,,,,,,,,,,,,,,,,,,,,,,,,,,,
20_12,20,12,m,16,03/09/22,07/14/23,m,n,11.83,.,81.0,.,.,.,.,.,w,1412088,1412089,2,r,2,r,2,r,17,g,,,,,,,,,,,,,,,,,,69,y,.,.,.,.,p,.,.,.,.,.,.,.,.,.,.,,,,,,,,,,,,,,,,,,,,,,,,,,,,,,,,,,,,,,,,,,,,,,,,,,,,,,,,,,,,,,,,,,,,,,,,
20_12,20,12,m,16,03/09/22,07/14/23,m,n,11.83,.,81.0,.,.,.,.,.,w,1412089,1419534,2,r,2,r,2,r,17,g,,,,,,,,,,,,,,,,,,,,,,,,,,,,,,,,,,,,,,,,,,,,,,,,,,,,,,,,,,,,,,,,,,,,,,,,,,,,,,,,,,,,,,,,,,,,,,,,,,,,,,,,,,
20_12,20,12,m,16,03/09/22,07/14/23,m,n,11.83,.,81.0,.,.,.,.,.,w,1419534,1419535,2,r,2,r,2,r,17,g,,,,,,,,,,,,,,,,,,70,y,.,.,.,.,th,.,.,.,.,.,.,.,.,.,.,,,,,,,,,,,,,,,,,,,,,,,,,,,,,,,,,,,,,,,,,,,,,,,,,,,,,,,,,,,,,,,,,,,,,,,,
20_12,20,12,m,16,03/09/22,07/14/23,m,n,11.83,.,81.0,.,.,.,.,.,w,1419535,1421506,2,r,2,r,2,r,17,g,,,,,,,,,,,,,,,,,,,,,,,,,,,,,,,,,,,,,,,,,,,,,,,,,,,,,,,,,,,,,,,,,,,,,,,,,,,,,,,,,,,,,,,,,,,,,,,,,,,,,,,,,,
20_12,20,12,m,16,03/09/22,07/14/23,m,n,11.83,.,81.0,.,.,.,.,.,w,1421506,1421507,2,r,2,r,2,r,17,g,,,,,,,,,,,,,,,,,,71,y,.,.,.,.,p,.,.,.,.,.,.,.,.,.,.,,,,,,,,,,,,,,,,,,,,,,,,,,,,,,,,,,,,,,,,,,,,,,,,,,,,,,,,,,,,,,,,,,,,,,,,
20_12,20,12,m,16,03/09/22,07/14/23,m,n,11.83,.,81.0,.,.,.,.,.,w,1421507,1434460,2,r,2,r,2,r,17,g,,,,,,,,,,,,,,,,,,,,,,,,,,,,,,,,,,,,,,,,,,,,,,,,,,,,,,,,,,,,,,,,,,,,,,,,,,,,,,,,,,,,,,,,,,,,,,,,,,,,,,,,,,
20_12,20,12,m,16,03/09/22,07/14/23,m,n,11.83,.,81.0,.,.,.,.,.,w,1434460,1438473,2,r,2,r,2,r,17,g,,,,,,,,,,,,,,,,,,,,,,,,,,,,,,,,,,,3,bu,99,y,.,.,.,.,pu,.,.,.,.,.,.,.,.,.,.,,,,,,,,,,,,,,,,,,,,,,,,,,,,,,,,,,,,,,,,,,,,,,,,,,,,,
20_12,20,12,m,16,03/09/22,07/14/23,m,n,11.83,.,81.0,.,.,.,.,.,w,1438473,1440818,2,r,2,r,2,r,17,g,,,,,,,,,,,,,,,,,,,,,,,,,,,,,,,,,,,,,,,,,,,,,,,,,,,,,,,,,,,,,,,,,,,,,,,,,,,,,,,,,,,,,,,,,,,,,,,,,,,,,,,,,,
20_12,20,12,m,16,03/09/22,07/14/23,m,n,11.83,.,81.0,.,.,.,.,.,w,1440818,1440819,2,r,2,r,2,r,17,g,,,,,,,,,,,,,,,,,,72,y,.,.,.,.,d,.,.,.,.,.,.,.,.,.,.,,,,,,,,,,,,,,,,,,,,,,,,,,,,,,,,,,,,,,,,,,,,,,,,,,,,,,,,,,,,,,,,,,,,,,,,
20_12,20,12,m,16,03/09/22,07/14/23,m,n,11.83,.,81.0,.,.,.,.,.,w,1440819,1442518,2,r,2,r,2,r,,,,,,,,,,,,,,,,,,,,,,,,,,,,,,,,,,,,,,,,,,,,,,,,,,,,,,,,,,,,,,,,,,,,,,,,,,,,,,,,,,,,,,,,,,,,,,,,,,,,,,,,,,,,
20_12,20,12,m,16,03/09/22,07/14/23,m,n,11.83,.,81.0,.,.,.,.,.,w,1442518,1444660,2,r,2,r,2,r,18,bu,73,y,.,.,.,.,pu,.,.,.,.,.,.,.,.,.,.,,,,,,,,,,,,,,,,,,,,,,,,,,,,,,,,,,,,,,,,,,,,,,,,,,,,,,,,,,,,,,,,,,,,,,,,,,,,,,,,,,,,,,,,,
20_12,20,12,m,16,03/09/22,07/14/23,m,n,11.83,.,81.0,.,.,.,.,.,w,1444660,1444661,2,r,2,r,2,r,18,bu,,,,,,,,,,,,,,,,,,74,y,.,.,.,.,p,.,.,.,.,.,.,.,.,.,.,,,,,,,,,,,,,,,,,,,,,,,,,,,,,,,,,,,,,,,,,,,,,,,,,,,,,,,,,,,,,,,,,,,,,,,,
20_12,20,12,m,16,03/09/22,07/14/23,m,n,11.83,.,81.0,.,.,.,.,.,w,1444661,1446836,2,r,2,r,2,r,18,bu,,,,,,,,,,,,,,,,,,,,,,,,,,,,,,,,,,,,,,,,,,,,,,,,,,,,,,,,,,,,,,,,,,,,,,,,,,,,,,,,,,,,,,,,,,,,,,,,,,,,,,,,,,
20_12,20,12,m,16,03/09/22,07/14/23,m,n,11.83,.,81.0,.,.,.,.,.,w,1446836,1446837,2,r,2,r,2,r,18,bu,,,,,,,,,,,,,,,,,,75,y,.,.,.,.,d,.,.,.,.,.,.,.,.,.,.,,,,,,,,,,,,,,,,,,,,,,,,,,,,,,,,,,,,,,,,,,,,,,,,,,,,,,,,,,,,,,,,,,,,,,,,
20_12,20,12,m,16,03/09/22,07/14/23,m,n,11.83,.,81.0,.,.,.,.,.,w,1446837,1447890,2,r,2,r,2,r,18,bu,,,,,,,,,,,,,,,,,,,,,,,,,,,,,,,,,,,,,,,,,,,,,,,,,,,,,,,,,,,,,,,,,,,,,,,,,,,,,,,,,,,,,,,,,,,,,,,,,,,,,,,,,,
20_12,20,12,m,16,03/09/22,07/14/23,m,n,11.83,.,81.0,.,.,.,.,.,w,1447890,1449862,2,r,2,r,2,r,18,bu,76,y,.,.,.,.,pu,.,.,.,.,.,.,.,.,.,.,,,,,,,,,,,,,,,,,,,,,,,,,,,,,,,,,,,,,,,,,,,,,,,,,,,,,,,,,,,,,,,,,,,,,,,,,,,,,,,,,,,,,,,,,
20_12,20,12,m,16,03/09/22,07/14/23,m,n,11.83,.,81.0,.,.,.,.,.,w,1449862,1449863,2,r,2,r,2,r,18,bu,,,,,,,,,,,,,,,,,,77,y,.,.,.,.,d,.,.,.,.,.,.,.,.,.,.,,,,,,,,,,,,,,,,,,,,,,,,,,,,,,,,,,,,,,,,,,,,,,,,,,,,,,,,,,,,,,,,,,,,,,,,
20_12,20,12,m,16,03/09/22,07/14/23,m,n,11.83,.,81.0,.,.,.,.,.,w,1449863,1456220,2,r,2,r,2,r,,,,,,,,,,,,,,,,,,,,,,,,,,,,,,,,,,,,,,,,,,,,,,,,,,,,,,,,,,,,,,,,,,,,,,,,,,,,,,,,,,,,,,,,,,,,,,,,,,,,,,,,,,,,
20_12,20,12,m,16,03/09/22,07/14/23,m,n,11.83,.,81.0,.,.,.,.,.,w,1456220,1456221,2,r,2,r,2,r,19,cu,,,,,,,,,,,,,,,,,,78,y,.,.,.,.,p,.,.,.,.,.,.,.,.,.,.,,,,,,,,,,,,,,,,,,,,,,,,,,,,,,,,,,,,,,,,,,,,,,,,,,,,,,,,,,,,,,,,,,,,,,,,
20_12,20,12,m,16,03/09/22,07/14/23,m,n,11.83,.,81.0,.,.,.,.,.,w,1456221,1459790,2,r,2,r,2,r,19,cu,,,,,,,,,,,,,,,,,,,,,,,,,,,,,,,,,,,,,,,,,,,,,,,,,,,,,,,,,,,,,,,,,,,,,,,,,,,,,,,,,,,,,,,,,,,,,,,,,,,,,,,,,,
20_12,20,12,m,16,03/09/22,07/14/23,m,n,11.83,.,81.0,.,.,.,.,.,w,1459790,1459791,2,r,2,r,2,r,19,cu,,,,,,,,,,,,,,,,,,79,y,.,.,.,.,d,.,.,.,.,.,.,.,.,.,.,,,,,,,,,,,,,,,,,,,,,,,,,,,,,,,,,,,,,,,,,,,,,,,,,,,,,,,,,,,,,,,,,,,,,,,,
20_12,20,12,m,16,03/09/22,07/14/23,m,n,11.83,.,81.0,.,.,.,.,.,w,1459791,1461184,2,r,2,r,2,r,19,cu,,,,,,,,,,,,,,,,,,,,,,,,,,,,,,,,,,,,,,,,,,,,,,,,,,,,,,,,,,,,,,,,,,,,,,,,,,,,,,,,,,,,,,,,,,,,,,,,,,,,,,,,,,
20_12,20,12,m,16,03/09/22,07/14/23,m,n,11.83,.,81.0,.,.,.,.,.,w,1461184,1461185,2,r,2,r,2,r,19,cu,,,,,,,,,,,,,,,,,,80,y,.,.,.,.,f,.,.,.,.,.,.,.,.,.,y,,,,,,,,,,,,,,,,,,,,,,,,,,,,,,,,,,,,,,,,,,,,,,,,,,,,,,,,,,,,,,,,,,,,,,,,
20_12,20,12,m,16,03/09/22,07/14/23,m,n,11.83,.,81.0,.,.,.,.,.,w,1461185,1461965,2,r,2,r,2,r,19,cu,,,,,,,,,,,,,,,,,,,,,,,,,,,,,,,,,,,,,,,,,,,,,,,,,,,,,,,,,,,,,,,,,,,,,,,,,,,,,,,,,,,,,,,,,,,,,,,,,,,,,,,,,,
20_12,20,12,m,16,03/09/22,07/14/23,m,n,11.83,.,81.0,.,.,.,.,.,w,1461965,1461966,2,r,2,r,2,r,19,cu,,,,,,,,,,,,,,,,,,81,y,.,.,.,.,f,.,.,.,.,.,.,.,.,.,y,,,,,,,,,,,,,,,,,,,,,,,,,,,,,,,,,,,,,,,,,,,,,,,,,,,,,,,,,,,,,,,,,,,,,,,,
20_12,20,12,m,16,03/09/22,07/14/23,m,n,11.83,.,81.0,.,.,.,.,.,w,1461966,1462102,2,r,2,r,2,r,19,cu,,,,,,,,,,,,,,,,,,,,,,,,,,,,,,,,,,,,,,,,,,,,,,,,,,,,,,,,,,,,,,,,,,,,,,,,,,,,,,,,,,,,,,,,,,,,,,,,,,,,,,,,,,
20_12,20,12,m,16,03/09/22,07/14/23,m,n,11.83,.,81.0,.,.,.,.,.,w,1462102,1462103,2,r,2,r,2,r,19,cu,,,,,,,,,,,,,,,,,,82,y,.,.,.,.,pu,.,.,.,.,.,.,.,.,.,y,,,,,,,,,,,,,,,,,,,,,,,,,,,,,,,,,,,,,,,,,,,,,,,,,,,,,,,,,,,,,,,,,,,,,,,,
20_12,20,12,m,16,03/09/22,07/14/23,m,n,11.83,.,81.0,.,.,.,.,.,w,1462103,1462137,2,r,2,r,2,r,19,cu,,,,,,,,,,,,,,,,,,,,,,,,,,,,,,,,,,,,,,,,,,,,,,,,,,,,,,,,,,,,,,,,,,,,,,,,,,,,,,,,,,,,,,,,,,,,,,,,,,,,,,,,,,
20_12,20,12,m,16,03/09/22,07/14/23,m,n,11.83,.,81.0,.,.,.,.,.,w,1462137,1465808,2,r,2,r,2,r,,,,,,,,,,,,,,,,,,,,,,,,,,,,,,,,,,,,,,,,,,,,,,,,,,,,,,,,,,,,,,,,,,,,,,,,,,,,,,,,,,,,,,,,,,,,,,,,,,,,,,,,,,,,
20_12,20,12,m,16,03/09/22,07/14/23,m,n,11.83,.,81.0,.,.,.,.,.,w,1465808,1465809,2,r,2,r,2,r,20,cu,,,,,,,,,,,,,,,,,,83,y,.,.,.,.,p,.,.,.,.,.,.,.,.,.,.,,,,,,,,,,,,,,,,,,,,,,,,,,,,,,,,,,,,,,,,,,,,,,,,,,,,,,,,,,,,,,,,,,,,,,,,
20_12,20,12,m,16,03/09/22,07/14/23,m,n,11.83,.,81.0,.,.,.,.,.,w,1465809,1468120,2,r,2,r,2,r,20,cu,,,,,,,,,,,,,,,,,,,,,,,,,,,,,,,,,,,,,,,,,,,,,,,,,,,,,,,,,,,,,,,,,,,,,,,,,,,,,,,,,,,,,,,,,,,,,,,,,,,,,,,,,,
20_12,20,12,m,16,03/09/22,07/14/23,m,n,11.83,.,81.0,.,.,.,.,.,w,1468120,1468121,2,r,2,r,2,r,20,cu,,,,,,,,,,,,,,,,,,84,y,.,.,.,.,d,.,.,.,.,.,.,.,.,.,.,,,,,,,,,,,,,,,,,,,,,,,,,,,,,,,,,,,,,,,,,,,,,,,,,,,,,,,,,,,,,,,,,,,,,,,,
20_12,20,12,m,16,03/09/22,07/14/23,m,n,11.83,.,81.0,.,.,.,.,.,w,1468121,1470228,2,r,2,r,2,r,,,,,,,,,,,,,,,,,,,,,,,,,,,,,,,,,,,,,,,,,,,,,,,,,,,,,,,,,,,,,,,,,,,,,,,,,,,,,,,,,,,,,,,,,,,,,,,,,,,,,,,,,,,,
20_12,20,12,m,16,03/09/22,07/14/23,m,n,11.83,.,81.0,.,.,.,.,.,w,1470228,1513545,2,r,2,r,2,r,21,a,85,y,.,.,.,.,t,.,.,.,.,.,.,.,.,.,.,,,,,,,,,,,,,,,,,,,,,,,,,,,,,,,,,,,,,,,,,,,,,,,,,,,,,,,,,,,,,,,,,,,,,,,,,,,,,,,,,,,,,,,,,
20_12,20,12,m,16,03/09/22,07/14/23,m,n,11.83,.,81.0,.,.,.,.,.,w,1513545,1515856,2,r,2,r,2,r,,,,,,,,,,,,,,,,,,,,,,,,,,,,,,,,,,,,,,,,,,,,,,,,,,,,,,,,,,,,,,,,,,,,,,,,,,,,,,,,,,,,,,,,,,,,,,,,,,,,,,,,,,,,
20_12,20,12,m,16,03/09/22,07/14/23,m,n,11.83,.,81.0,.,.,.,.,.,w,1515856,1518882,2,r,2,r,2,r,22,rb,,,,,,,,,,,,,,,,,,,,,,,,,,,,,,,,,,,,,,,,,,,,,,,,,,,,,,,,,,,,,,,,,,,,,,,,,,,,,,,,,,,,,,,,,,,,,,,,,,,,,,,,,,
20_12,20,12,m,16,03/09/22,07/14/23,m,n,11.83,.,81.0,.,.,.,.,.,w,1518882,1518951,2,r,2,r,2,r,22,rb,86,y,.,.,.,.,pu,.,.,.,.,.,.,.,.,.,.,,,,,,,,,,,,,,,,,,,,,,,,,,,,,,,,,,,,,,,,,,,,,,,,,,,,,,,,,,,,,,,,,,,,,,,,,,,,,,,,,,,,,,,,,
20_12,20,12,m,16,03/09/22,07/14/23,m,n,11.83,.,81.0,.,.,.,.,.,w,1518951,1521194,2,r,2,r,2,r,,,,,,,,,,,,,,,,,,,,,,,,,,,,,,,,,,,,,,,,,,,,,,,,,,,,,,,,,,,,,,,,,,,,,,,,,,,,,,,,,,,,,,,,,,,,,,,,,,,,,,,,,,,,
20_12,20,12,m,16,03/09/22,07/14/23,m,n,11.83,.,81.0,.,.,.,.,.,w,1521194,1521195,2,r,2,r,2,r,23,cu,,,,,,,,,,,,,,,,,,87,y,.,.,.,.,p,.,.,.,.,.,.,.,.,.,.,,,,,,,,,,,,,,,,,,,,,,,,,,,,,,,,,,,,,,,,,,,,,,,,,,,,,,,,,,,,,,,,,,,,,,,,
20_12,20,12,m,16,03/09/22,07/14/23,m,n,11.83,.,81.0,.,.,.,.,.,w,1521195,1522350,2,r,2,r,2,r,23,cu,,,,,,,,,,,,,,,,,,,,,,,,,,,,,,,,,,,,,,,,,,,,,,,,,,,,,,,,,,,,,,,,,,,,,,,,,,,,,,,,,,,,,,,,,,,,,,,,,,,,,,,,,,
20_12,20,12,m,16,03/09/22,07/14/23,m,n,11.83,.,81.0,.,.,.,.,.,w,1522350,1522351,2,r,2,r,2,r,23,cu,,,,,,,,,,,,,,,,,,88,y,.,.,.,.,d,.,.,.,.,.,.,.,.,.,.,,,,,,,,,,,,,,,,,,,,,,,,,,,,,,,,,,,,,,,,,,,,,,,,,,,,,,,,,,,,,,,,,,,,,,,,
20_12,20,12,m,16,03/09/22,07/14/23,m,n,11.83,.,81.0,.,.,.,.,.,w,1522351,1529932,2,r,2,r,2,r,,,,,,,,,,,,,,,,,,,,,,,,,,,,,,,,,,,,,,,,,,,,,,,,,,,,,,,,,,,,,,,,,,,,,,,,,,,,,,,,,,,,,,,,,,,,,,,,,,,,,,,,,,,,
20_12,20,12,m,16,03/09/22,07/14/23,m,n,11.83,.,81.0,.,.,.,.,.,w,1529932,1529933,2,r,2,r,2,r,24,g,,,,,,,,,,,,,,,,,,89,y,.,.,.,.,p,.,.,.,.,.,.,.,.,.,.,,,,,,,,,,,,,,,,,,,,,,,,,,,,,,,,,,,,,,,,,,,,,,,,,,,,,,,,,,,,,,,,,,,,,,,,
20_12,20,12,m,16,03/09/22,07/14/23,m,n,11.83,.,81.0,.,.,.,.,.,w,1529933,1531394,2,r,2,r,2,r,24,g,,,,,,,,,,,,,,,,,,,,,,,,,,,,,,,,,,,,,,,,,,,,,,,,,,,,,,,,,,,,,,,,,,,,,,,,,,,,,,,,,,,,,,,,,,,,,,,,,,,,,,,,,,
20_12,20,12,m,16,03/09/22,07/14/23,m,n,11.83,.,81.0,.,.,.,.,.,w,1531394,1531395,2,r,2,r,2,r,24,g,,,,,,,,,,,,,,,,,,90,y,.,.,.,.,p,.,.,.,.,.,.,.,.,.,.,,,,,,,,,,,,,,,,,,,,,,,,,,,,,,,,,,,,,,,,,,,,,,,,,,,,,,,,,,,,,,,,,,,,,,,,
20_12,20,12,m,16,03/09/22,07/14/23,m,n,11.83,.,81.0,.,.,.,.,.,w,1531395,1536426,2,r,2,r,2,r,24,g,,,,,,,,,,,,,,,,,,,,,,,,,,,,,,,,,,,,,,,,,,,,,,,,,,,,,,,,,,,,,,,,,,,,,,,,,,,,,,,,,,,,,,,,,,,,,,,,,,,,,,,,,,
20_12,20,12,m,16,03/09/22,07/14/23,m,n,11.83,.,81.0,.,.,.,.,.,w,1536426,1536766,2,r,2,r,2,r,24,g,,,,,,,,,,,,,,,,,,,,,,,,,,,,,,,,,,,4,s,,,,,,,,,,,,,,,,,,,,,,,,,,,,,,,,,,,,,,,,,,,,,,,,,,,,,,,,,,,,,,,,,,,,,,
20_12,20,12,m,16,03/09/22,07/14/23,m,n,11.83,.,81.0,.,.,.,.,.,w,1536766,1536767,2,r,2,r,2,r,24,g,,,,,,,,,,,,,,,,,,91,y,.,.,.,.,i,.,.,.,.,y,.,.,.,.,.,4,s,,,,,,,,,,,,,,,,,,99,.,.,.,.,y,i,.,.,.,.,y,.,.,.,.,.,,,,,,,,,,,,,,,,,,,,,,,,,,,,,,,,,,,,
20_12,20,12,m,16,03/09/22,07/14/23,m,n,11.83,.,81.0,.,.,.,.,.,w,1536767,1537446,2,r,2,r,2,r,24,g,,,,,,,,,,,,,,,,,,,,,,,,,,,,,,,,,,,4,s,,,,,,,,,,,,,,,,,,,,,,,,,,,,,,,,,,,,,,,,,,,,,,,,,,,,,,,,,,,,,,,,,,,,,,
20_12,20,12,m,16,03/09/22,07/14/23,m,n,11.83,.,81.0,.,.,.,.,.,w,1537446,1554991,2,r,2,r,2,r,24,g,,,,,,,,,,,,,,,,,,,,,,,,,,,,,,,,,,,4,s,99,y,.,.,.,.,pu,.,.,.,.,.,.,.,.,.,.,,,,,,,,,,,,,,,,,,,,,,,,,,,,,,,,,,,,,,,,,,,,,,,,,,,,,
20_12,20,12,m,16,03/09/22,07/14/23,m,n,11.83,.,81.0,.,.,.,.,.,w,1554991,1558492,2,r,2,r,2,r,24,g,,,,,,,,,,,,,,,,,,,,,,,,,,,,,,,,,,,,,,,,,,,,,,,,,,,,,,,,,,,,,,,,,,,,,,,,,,,,,,,,,,,,,,,,,,,,,,,,,,,,,,,,,,
20_12,20,12,m,16,03/09/22,07/14/23,m,n,11.83,.,81.0,.,.,.,.,.,w,1558492,1560430,2,r,2,r,2,r,24,g,,,,,,,,,,,,,,,,,,,,,,,,,,,,,,,,,,,5,s,,,,,,,,,,,,,,,,,,,,,,,,,,,,,,,,,,,,,,,,,,,,,,,,,,,,,,,,,,,,,,,,,,,,,,
20_12,20,12,m,16,03/09/22,07/14/23,m,n,11.83,.,81.0,.,.,.,.,.,w,1560430,1560431,2,r,2,r,2,r,24,g,,,,,,,,,,,,,,,,,,92,y,.,.,.,.,o,.,.,.,y,.,.,.,.,.,.,5,s,,,,,,,,,,,,,,,,,,99,.,.,.,.,y,o,.,.,.,y,.,.,.,.,.,.,,,,,,,,,,,,,,,,,,,,,,,,,,,,,,,,,,,,
20_12,20,12,m,16,03/09/22,07/14/23,m,n,11.83,.,81.0,.,.,.,.,.,w,1560431,1561178,2,r,2,r,2,r,24,g,,,,,,,,,,,,,,,,,,,,,,,,,,,,,,,,,,,5,s,,,,,,,,,,,,,,,,,,,,,,,,,,,,,,,,,,,,,,,,,,,,,,,,,,,,,,,,,,,,,,,,,,,,,,
20_12,20,12,m,16,03/09/22,07/14/23,m,n,11.83,.,81.0,.,.,.,.,.,w,1561178,1561179,2,r,2,r,2,r,24,g,,,,,,,,,,,,,,,,,,93,y,.,.,.,.,d,.,.,.,.,.,.,.,.,.,.,5,s,,,,,,,,,,,,,,,,,,,,,,,,,,,,,,,,,,,,,,,,,,,,,,,,,,,,,,,,,,,,,,,,,,,,,,
20_12,20,12,m,16,03/09/22,07/14/23,m,n,11.83,.,81.0,.,.,.,.,.,w,1561179,1562572,2,r,2,r,2,r,24,g,,,,,,,,,,,,,,,,,,,,,,,,,,,,,,,,,,,5,s,,,,,,,,,,,,,,,,,,,,,,,,,,,,,,,,,,,,,,,,,,,,,,,,,,,,,,,,,,,,,,,,,,,,,,
20_12,20,12,m,16,03/09/22,07/14/23,m,n,11.83,.,81.0,.,.,.,.,.,w,1562572,1562573,2,r,2,r,2,r,24,g,,,,,,,,,,,,,,,,,,94,y,.,.,.,.,i,.,.,.,.,y,.,.,.,.,.,5,s,,,,,,,,,,,,,,,,,,99,.,.,.,.,y,i,.,.,.,.,y,.,.,.,.,.,,,,,,,,,,,,,,,,,,,,,,,,,,,,,,,,,,,,
20_12,20,12,m,16,03/09/22,07/14/23,m,n,11.83,.,81.0,.,.,.,.,.,w,1562573,1563388,2,r,2,r,2,r,24,g,,,,,,,,,,,,,,,,,,,,,,,,,,,,,,,,,,,5,s,,,,,,,,,,,,,,,,,,,,,,,,,,,,,,,,,,,,,,,,,,,,,,,,,,,,,,,,,,,,,,,,,,,,,,
20_12,20,12,m,16,03/09/22,07/14/23,m,n,11.83,.,81.0,.,.,.,.,.,w,1563388,1563763,2,r,2,r,2,r,24,g,,,,,,,,,,,,,,,,,,,,,,,,,,,,,,,,,,,5,s,99,y,.,.,.,.,pu,.,.,.,.,.,.,.,.,.,.,,,,,,,,,,,,,,,,,,,,,,,,,,,,,,,,,,,,,,,,,,,,,,,,,,,,,
20_12,20,12,m,16,03/09/22,07/14/23,m,n,11.83,.,81.0,.,.,.,.,.,w,1563763,1568352,2,r,2,r,2,r,24,g,,,,,,,,,,,,,,,,,,,,,,,,,,,,,,,,,,,,,,,,,,,,,,,,,,,,,,,,,,,,,,,,,,,,,,,,,,,,,,,,,,,,,,,,,,,,,,,,,,,,,,,,,,
20_12,20,12,m,16,03/09/22,07/14/23,m,n,11.83,.,81.0,.,.,.,.,.,w,1568352,1568353,2,r,2,r,2,r,24,g,,,,,,,,,,,,,,,,,,95,y,.,.,.,.,o,.,.,.,y,.,.,.,.,.,.,6,s,,,,,,,,,,,,,,,,,,99,.,.,.,.,y,o,.,.,.,y,.,.,.,.,.,.,,,,,,,,,,,,,,,,,,,,,,,,,,,,,,,,,,,,
20_12,20,12,m,16,03/09/22,07/14/23,m,n,11.83,.,81.0,.,.,.,.,.,w,1568353,1569576,2,r,2,r,2,r,24,g,,,,,,,,,,,,,,,,,,,,,,,,,,,,,,,,,,,6,s,,,,,,,,,,,,,,,,,,,,,,,,,,,,,,,,,,,,,,,,,,,,,,,,,,,,,,,,,,,,,,,,,,,,,,
20_12,20,12,m,16,03/09/22,07/14/23,m,n,11.83,.,81.0,.,.,.,.,.,w,1569576,1576445,2,r,2,r,2,r,24,g,,,,,,,,,,,,,,,,,,,,,,,,,,,,,,,,,,,6,s,99,y,.,.,.,.,pu,.,.,.,.,.,.,.,.,.,.,,,,,,,,,,,,,,,,,,,,,,,,,,,,,,,,,,,,,,,,,,,,,,,,,,,,,
20_12,20,12,m,16,03/09/22,07/14/23,m,n,11.83,.,81.0,.,.,.,.,.,w,1576445,1578824,2,r,2,r,2,r,24,g,,,,,,,,,,,,,,,,,,,,,,,,,,,,,,,,,,,6,s,,,,,,,,,,,,,,,,,,,,,,,,,,,,,,,,,,,,,,,,,,,,,,,,,,,,,,,,,,,,,,,,,,,,,,
20_12,20,12,m,16,03/09/22,07/14/23,m,n,11.83,.,81.0,.,.,.,.,.,w,1578824,1578825,2,r,2,r,2,r,24,g,,,,,,,,,,,,,,,,,,96,y,.,.,.,.,i,.,.,.,.,y,.,.,.,.,.,6,s,,,,,,,,,,,,,,,,,,99,.,.,.,.,y,i,.,.,.,.,y,.,.,.,.,.,,,,,,,,,,,,,,,,,,,,,,,,,,,,,,,,,,,,
20_12,20,12,m,16,03/09/22,07/14/23,m,n,11.83,.,81.0,.,.,.,.,.,w,1578825,1579777,2,r,2,r,2,r,24,g,,,,,,,,,,,,,,,,,,,,,,,,,,,,,,,,,,,6,s,99,y,.,.,.,.,pu,.,.,.,.,.,.,.,.,.,.,,,,,,,,,,,,,,,,,,,,,,,,,,,,,,,,,,,,,,,,,,,,,,,,,,,,,
20_12,20,12,m,16,03/09/22,07/14/23,m,n,11.83,.,81.0,.,.,.,.,.,w,1579777,1580423,2,r,2,r,2,r,,,,,,,,,,,,,,,,,,,,,,,,,,,,,,,,,,,,,6,s,99,y,.,.,.,.,pu,.,.,.,.,.,.,.,.,.,.,,,,,,,,,,,,,,,,,,,,,,,,,,,,,,,,,,,,,,,,,,,,,,,,,,,,,
20_12,20,12,m,16,03/09/22,07/14/23,m,n,11.83,.,81.0,.,.,.,.,.,w,1580423,1582802,2,r,2,r,2,r,,,,,,,,,,,,,,,,,,,,,,,,,,,,,,,,,,,,,6,s,,,,,,,,,,,,,,,,,,,,,,,,,,,,,,,,,,,,,,,,,,,,,,,,,,,,,,,,,,,,,,,,,,,,,,
20_12,20,12,m,16,03/09/22,07/14/23,m,n,11.83,.,81.0,.,.,.,.,.,w,1582802,1582803,2,r,2,r,2,r,,,,,,,,,,,,,,,,,,,,,,,,,,,,,,,,,,,,,6,s,,,,,,,,,,,,,,,,,,99,y,.,.,.,.,p,.,.,.,.,.,.,.,.,.,.,,,,,,,,,,,,,,,,,,,,,,,,,,,,,,,,,,,,
20_12,20,12,m,16,03/09/22,07/14/23,m,n,11.83,.,81.0,.,.,.,.,.,w,1582803,1597218,2,r,2,r,2,r,,,,,,,,,,,,,,,,,,,,,,,,,,,,,,,,,,,,,6,s,,,,,,,,,,,,,,,,,,,,,,,,,,,,,,,,,,,,,,,,,,,,,,,,,,,,,,,,,,,,,,,,,,,,,,
20_12,20,12,m,16,03/09/22,07/14/23,m,n,11.83,.,81.0,.,.,.,.,.,w,1597218,1597219,2,r,2,r,2,r,,,,,,,,,,,,,,,,,,,,,,,,,,,,,,,,,,,,,6,s,,,,,,,,,,,,,,,,,,99,y,.,.,.,.,d,.,.,.,.,.,.,.,.,.,.,,,,,,,,,,,,,,,,,,,,,,,,,,,,,,,,,,,,
20_12,20,12,m,16,03/09/22,07/14/23,m,n,11.83,.,81.0,.,.,.,.,.,w,1597219,1603134,2,r,2,r,2,r,,,,,,,,,,,,,,,,,,,,,,,,,,,,,,,,,,,,,,,,,,,,,,,,,,,,,,,,,,,,,,,,,,,,,,,,,,,,,,,,,,,,,,,,,,,,,,,,,,,,,,,,,,,,
20_12,20,12,m,16,03/09/22,07/14/23,m,n,11.83,.,81.0,.,.,.,.,.,w,1603134,1630165,2,r,2,r,2,r,25,s,97,y,.,.,.,.,t,.,.,.,.,.,.,.,.,.,.,,,,,,,,,,,,,,,,,,,,,,,,,,,,,,,,,,,,,,,,,,,,,,,,,,,,,,,,,,,,,,,,,,,,,,,,,,,,,,,,,,,,,,,,,
20_12,20,12,m,16,03/09/22,07/14/23,m,n,11.83,.,81.0,.,.,.,.,.,w,1630165,1643390,2,r,2,r,2,r,,,,,,,,,,,,,,,,,,,,,,,,,,,,,,,,,,,,,,,,,,,,,,,,,,,,,,,,,,,,,,,,,,,,,,,,,,,,,,,,,,,,,,,,,,,,,,,,,,,,,,,,,,,,
20_12,20,12,m,16,03/09/22,07/14/23,m,n,11.83,.,81.0,.,.,.,.,.,w,1643390,1643391,2,r,2,r,2,r,26,y,,,,,,,,,,,,,,,,,,98,y,.,.,.,.,p,.,.,.,.,.,.,.,.,.,.,,,,,,,,,,,,,,,,,,,,,,,,,,,,,,,,,,,,,,,,,,,,,,,,,,,,,,,,,,,,,,,,,,,,,,,,
20_12,20,12,m,16,03/09/22,07/14/23,m,n,11.83,.,81.0,.,.,.,.,.,w,1643391,1646722,2,r,2,r,2,r,26,y,,,,,,,,,,,,,,,,,,,,,,,,,,,,,,,,,,,,,,,,,,,,,,,,,,,,,,,,,,,,,,,,,,,,,,,,,,,,,,,,,,,,,,,,,,,,,,,,,,,,,,,,,,
20_12,20,12,m,16,03/09/22,07/14/23,m,n,11.83,.,81.0,.,.,.,.,.,w,1646722,1647913,2,r,2,r,2,r,26,y,,,,,,,,,,,,,,,,,,,,,,,,,,,,,,,,,,,7,r,99,y,.,.,.,.,pu,y,.,.,.,.,.,.,.,.,.,,,,,,,,,,,,,,,,,,,,,,,,,,,,,,,,,,,,,,,,,,,,,,,,,,,,,
20_12,20,12,m,16,03/09/22,07/14/23,m,n,11.83,.,81.0,.,.,.,.,.,w,1647913,1654984,2,r,2,r,2,r,26,y,,,,,,,,,,,,,,,,,,,,,,,,,,,,,,,,,,,,,,,,,,,,,,,,,,,,,,,,,,,,,,,,,,,,,,,,,,,,,,,,,,,,,,,,,,,,,,,,,,,,,,,,,,
20_12,20,12,m,16,03/09/22,07/14/23,m,n,11.83,.,81.0,.,.,.,.,.,w,1654984,1654985,2,r,2,r,2,r,26,y,,,,,,,,,,,,,,,,,,99,y,.,.,.,.,th,.,.,.,.,.,.,.,.,.,.,,,,,,,,,,,,,,,,,,,,,,,,,,,,,,,,,,,,,,,,,,,,,,,,,,,,,,,,,,,,,,,,,,,,,,,,
20_12,20,12,m,16,03/09/22,07/14/23,m,n,11.83,.,81.0,.,.,.,.,.,w,1654985,1659064,2,r,2,r,2,r,,,,,,,,,,,,,,,,,,,,,,,,,,,,,,,,,,,,,,,,,,,,,,,,,,,,,,,,,,,,,,,,,,,,,,,,,,,,,,,,,,,,,,,,,,,,,,,,,,,,,,,,,,,,
20_12,20,12,m,16,03/09/22,07/14/23,m,n,11.83,.,81.0,.,.,.,.,.,w,1659064,1851164,,,,,,,,,,,,,,,,,,,,,,,,,,,,,,,,,,,,,,,,,,,,,,,,,,,,,,,,,,,,,,,,,,,,,,,,,,,,,,,,,,,,,,,,,,,,,,,,,,,,,,,,,,,,,,,,,,
20_12,20,12,m,16,03/09/22,07/14/23,m,n,11.83,.,81.0,.,.,.,.,.,w,1851164,2478464,3,b,,,,,,,,,,,,,,,,,,,,,,,,,,,,,,,,,,,,,,,,,,,,,,,,,,,,,,,,,,,,,,,,,,,,,,,,,,,,,,,,,,,,,,,,,,,,,,,,,,,,,,,,,,,,,,,,
20_12,20,12,m,16,03/09/22,07/14/23,m,n,11.83,.,81.0,.,.,.,.,.,w,2478464,2510390,,,,,,,,,,,,,,,,,,,,,,,,,,,,,,,,,,,,,,,,,,,,,,,,,,,,,,,,,,,,,,,,,,,,,,,,,,,,,,,,,,,,,,,,,,,,,,,,,,,,,,,,,,,,,,,,,,
20_12,20,12,m,16,03/09/22,07/14/23,m,n,11.83,.,81.0,.,.,.,.,.,w,2510390,2690136,4,g,,,,,,,,,,,,,,,,,,,,,,,,,,,,,,,,,,,,,,,,,,,,,,,,,,,,,,,,,,,,,,,,,,,,,,,,,,,,,,,,,,,,,,,,,,,,,,,,,,,,,,,,,,,,,,,,
20_12,20,12,m,16,03/09/22,07/14/23,m,n,11.83,.,81.0,.,.,.,.,.,w,2690136,2845324,,,,,,,,,,,,,,,,,,,,,,,,,,,,,,,,,,,,,,,,,,,,,,,,,,,,,,,,,,,,,,,,,,,,,,,,,,,,,,,,,,,,,,,,,,,,,,,,,,,,,,,,,,,,,,,,,,
20_12,20,12,m,16,03/09/22,07/14/23,m,n,11.83,.,81.0,.,.,.,.,.,w,2845324,3094476,5,m,,,,,,,,,,,,,,,,,,,,,,,,,,,,,,,,,,,,,,,,,,,,,,,,,,,,,,,,,,,,,,,,,,,,,,,,,,,,,,,,,,,,,,,,,,,,,,,,,,,,,,,,,,,,,,,,
20_13,20,13,m,17,03/09/22,08/10/23,m,n,11.72,11.72,82.8,.,36.5,.,36.5,.,w,602548,1223898,1,p,1,p,1,p,,,,,,,,,,,,,,,,,,,,,,,,,,,,,,,,,,,,,,,,,,,,,,,,,,,,,,,,,,,,,,,,,,,,,,,,,,,,,,,,,,,,,,,,,,,,,,,,,,,,,,,,,,,,
20_13,20,13,m,17,03/09/22,08/10/23,m,n,11.72,11.72,82.8,.,36.5,.,36.5,.,w,1223898,1360374,,,,,,,,,,,,,,,,,,,,,,,,,,,,,,,,,,,,,,,,,,,,,,,,,,,,,,,,,,,,,,,,,,,,,,,,,,,,,,,,,,,,,,,,,,,,,,,,,,,,,,,,,,,,,,,,,,
20_13,20,13,m,17,03/09/22,08/10/23,m,n,11.72,11.72,82.8,.,36.5,.,36.5,.,w,1360374,1395904,2,r,2,r,2,r,,,,,,,,,,,,,,,,,,,,,,,,,,,,,,,,,,,,,,,,,,,,,,,,,,,,,,,,,,,,,,,,,,,,,,,,,,,,,,,,,,,,,,,,,,,,,,,,,,,,,,,,,,,,
20_13,20,13,m,17,03/09/22,08/10/23,m,n,11.72,11.72,82.8,.,36.5,.,36.5,.,w,1395904,1395905,2,r,2,r,2,r,1,g,,,,,,,,,,,,,,,,,,1,y,.,.,.,.,p,.,y,.,.,.,.,.,.,.,.,,,,,,,,,,,,,,,,,,,,,,,,,,,,,,,,,,,,,,,,,,,,,,,,,,,,,,,,,,,,,,,,,,,,,,,,
20_13,20,13,m,17,03/09/22,08/10/23,m,n,11.72,11.72,82.8,.,36.5,.,36.5,.,w,1395905,1406512,2,r,2,r,2,r,1,g,,,,,,,,,,,,,,,,,,,,,,,,,,,,,,,,,,,,,,,,,,,,,,,,,,,,,,,,,,,,,,,,,,,,,,,,,,,,,,,,,,,,,,,,,,,,,,,,,,,,,,,,,,
20_13,20,13,m,17,03/09/22,08/10/23,m,n,11.72,11.72,82.8,.,36.5,.,36.5,.,w,1406512,1406513,2,r,2,r,2,r,1,g,,,,,,,,,,,,,,,,,,2,y,.,.,.,.,d,.,.,.,.,.,.,.,.,.,.,,,,,,,,,,,,,,,,,,,,,,,,,,,,,,,,,,,,,,,,,,,,,,,,,,,,,,,,,,,,,,,,,,,,,,,,
20_13,20,13,m,17,03/09/22,08/10/23,m,n,11.72,11.72,82.8,.,36.5,.,36.5,.,w,1406513,1408858,2,r,2,r,2,r,,,,,,,,,,,,,,,,,,,,,,,,,,,,,,,,,,,,,,,,,,,,,,,,,,,,,,,,,,,,,,,,,,,,,,,,,,,,,,,,,,,,,,,,,,,,,,,,,,,,,,,,,,,,
20_13,20,13,m,17,03/09/22,08/10/23,m,n,11.72,11.72,82.8,.,36.5,.,36.5,.,w,1408858,1412292,2,r,2,r,2,r,2,bu,,,,,,,,,,,,,,,,,,,,,,,,,,,,,,,,,,,,,,,,,,,,,,,,,,,,,,,,,,,,,,,,,,,,,,,,,,,,,,,,,,,,,,,,,,,,,,,,,,,,,,,,,,
20_13,20,13,m,17,03/09/22,08/10/23,m,n,11.72,11.72,82.8,.,36.5,.,36.5,.,w,1412292,1412293,2,r,2,r,2,r,2,bu,,,,,,,,,,,,,,,,,,3,y,.,.,.,.,o,.,.,.,y,.,.,.,.,.,.,,,,,,,,,,,,,,,,,,,,,,,,,,,,,,,,,,,,,,,,,,,,,,,,,,,,,,,,,,,,,,,,,,,,,,,,
20_13,20,13,m,17,03/09/22,08/10/23,m,n,11.72,11.72,82.8,.,36.5,.,36.5,.,w,1412293,1413958,2,r,2,r,2,r,2,bu,,,,,,,,,,,,,,,,,,,,,,,,,,,,,,,,,,,,,,,,,,,,,,,,,,,,,,,,,,,,,,,,,,,,,,,,,,,,,,,,,,,,,,,,,,,,,,,,,,,,,,,,,,
20_13,20,13,m,17,03/09/22,08/10/23,m,n,11.72,11.72,82.8,.,36.5,.,36.5,.,w,1413958,1413959,2,r,2,r,2,r,2,bu,,,,,,,,,,,,,,,,,,4,y,.,.,.,.,d,.,.,.,.,.,.,.,.,.,.,,,,,,,,,,,,,,,,,,,,,,,,,,,,,,,,,,,,,,,,,,,,,,,,,,,,,,,,,,,,,,,,,,,,,,,,
20_13,20,13,m,17,03/09/22,08/10/23,m,n,11.72,11.72,82.8,.,36.5,.,36.5,.,w,1413959,1415998,2,r,2,r,2,r,2,bu,,,,,,,,,,,,,,,,,,,,,,,,,,,,,,,,,,,,,,,,,,,,,,,,,,,,,,,,,,,,,,,,,,,,,,,,,,,,,,,,,,,,,,,,,,,,,,,,,,,,,,,,,,
20_13,20,13,m,17,03/09/22,08/10/23,m,n,11.72,11.72,82.8,.,36.5,.,36.5,.,w,1415998,1415999,2,r,2,r,2,r,2,bu,,,,,,,,,,,,,,,,,,5,y,.,.,.,.,o,.,.,.,y,.,.,.,.,.,.,,,,,,,,,,,,,,,,,,,,,,,,,,,,,,,,,,,,,,,,,,,,,,,,,,,,,,,,,,,,,,,,,,,,,,,,
20_13,20,13,m,17,03/09/22,08/10/23,m,n,11.72,11.72,82.8,.,36.5,.,36.5,.,w,1415999,1417052,2,r,2,r,2,r,2,bu,,,,,,,,,,,,,,,,,,,,,,,,,,,,,,,,,,,,,,,,,,,,,,,,,,,,,,,,,,,,,,,,,,,,,,,,,,,,,,,,,,,,,,,,,,,,,,,,,,,,,,,,,,
20_13,20,13,m,17,03/09/22,08/10/23,m,n,11.72,11.72,82.8,.,36.5,.,36.5,.,w,1417052,1417053,2,r,2,r,2,r,2,bu,,,,,,,,,,,,,,,,,,6,y,.,.,.,.,d,.,.,.,.,.,.,.,.,.,.,,,,,,,,,,,,,,,,,,,,,,,,,,,,,,,,,,,,,,,,,,,,,,,,,,,,,,,,,,,,,,,,,,,,,,,,
20_13,20,13,m,17,03/09/22,08/10/23,m,n,11.72,11.72,82.8,.,36.5,.,36.5,.,w,1417053,1419058,2,r,2,r,2,r,2,bu,,,,,,,,,,,,,,,,,,,,,,,,,,,,,,,,,,,,,,,,,,,,,,,,,,,,,,,,,,,,,,,,,,,,,,,,,,,,,,,,,,,,,,,,,,,,,,,,,,,,,,,,,,
20_13,20,13,m,17,03/09/22,08/10/23,m,n,11.72,11.72,82.8,.,36.5,.,36.5,.,w,1419058,1419059,2,r,2,r,2,r,2,bu,,,,,,,,,,,,,,,,,,7,y,.,.,.,.,o,.,.,.,y,.,.,.,.,.,.,,,,,,,,,,,,,,,,,,,,,,,,,,,,,,,,,,,,,,,,,,,,,,,,,,,,,,,,,,,,,,,,,,,,,,,,
20_13,20,13,m,17,03/09/22,08/10/23,m,n,11.72,11.72,82.8,.,36.5,.,36.5,.,w,1419059,1421336,2,r,2,r,2,r,2,bu,,,,,,,,,,,,,,,,,,,,,,,,,,,,,,,,,,,,,,,,,,,,,,,,,,,,,,,,,,,,,,,,,,,,,,,,,,,,,,,,,,,,,,,,,,,,,,,,,,,,,,,,,,
20_13,20,13,m,17,03/09/22,08/10/23,m,n,11.72,11.72,82.8,.,36.5,.,36.5,.,w,1421336,1421337,2,r,2,r,2,r,2,bu,,,,,,,,,,,,,,,,,,8,y,.,.,.,.,d,.,.,.,.,.,.,.,.,.,.,,,,,,,,,,,,,,,,,,,,,,,,,,,,,,,,,,,,,,,,,,,,,,,,,,,,,,,,,,,,,,,,,,,,,,,,
20_13,20,13,m,17,03/09/22,08/10/23,m,n,11.72,11.72,82.8,.,36.5,.,36.5,.,w,1421337,1423750,2,r,2,r,2,r,2,bu,,,,,,,,,,,,,,,,,,,,,,,,,,,,,,,,,,,,,,,,,,,,,,,,,,,,,,,,,,,,,,,,,,,,,,,,,,,,,,,,,,,,,,,,,,,,,,,,,,,,,,,,,,
20_13,20,13,m,17,03/09/22,08/10/23,m,n,11.72,11.72,82.8,.,36.5,.,36.5,.,w,1423750,1423751,2,r,2,r,2,r,2,bu,,,,,,,,,,,,,,,,,,9,y,.,.,.,.,o,.,.,.,y,.,.,.,.,.,.,,,,,,,,,,,,,,,,,,,,,,,,,,,,,,,,,,,,,,,,,,,,,,,,,,,,,,,,,,,,,,,,,,,,,,,,
20_13,20,13,m,17,03/09/22,08/10/23,m,n,11.72,11.72,82.8,.,36.5,.,36.5,.,w,1423751,1424600,2,r,2,r,2,r,2,bu,,,,,,,,,,,,,,,,,,,,,,,,,,,,,,,,,,,,,,,,,,,,,,,,,,,,,,,,,,,,,,,,,,,,,,,,,,,,,,,,,,,,,,,,,,,,,,,,,,,,,,,,,,
20_13,20,13,m,17,03/09/22,08/10/23,m,n,11.72,11.72,82.8,.,36.5,.,36.5,.,w,1424600,1424601,2,r,2,r,2,r,2,bu,,,,,,,,,,,,,,,,,,10,y,.,.,.,.,d,.,.,.,.,.,.,.,.,.,.,,,,,,,,,,,,,,,,,,,,,,,,,,,,,,,,,,,,,,,,,,,,,,,,,,,,,,,,,,,,,,,,,,,,,,,,
20_13,20,13,m,17,03/09/22,08/10/23,m,n,11.72,11.72,82.8,.,36.5,.,36.5,.,w,1424601,1426266,2,r,2,r,2,r,2,bu,,,,,,,,,,,,,,,,,,,,,,,,,,,,,,,,,,,,,,,,,,,,,,,,,,,,,,,,,,,,,,,,,,,,,,,,,,,,,,,,,,,,,,,,,,,,,,,,,,,,,,,,,,
20_13,20,13,m,17,03/09/22,08/10/23,m,n,11.72,11.72,82.8,.,36.5,.,36.5,.,w,1426266,1426267,2,r,2,r,2,r,2,bu,,,,,,,,,,,,,,,,,,11,y,.,.,.,.,o,.,.,.,y,.,.,.,.,.,.,,,,,,,,,,,,,,,,,,,,,,,,,,,,,,,,,,,,,,,,,,,,,,,,,,,,,,,,,,,,,,,,,,,,,,,,
20_13,20,13,m,17,03/09/22,08/10/23,m,n,11.72,11.72,82.8,.,36.5,.,36.5,.,w,1426267,1427354,2,r,2,r,2,r,2,bu,,,,,,,,,,,,,,,,,,,,,,,,,,,,,,,,,,,,,,,,,,,,,,,,,,,,,,,,,,,,,,,,,,,,,,,,,,,,,,,,,,,,,,,,,,,,,,,,,,,,,,,,,,
20_13,20,13,m,17,03/09/22,08/10/23,m,n,11.72,11.72,82.8,.,36.5,.,36.5,.,w,1427354,1427355,2,r,2,r,2,r,2,bu,,,,,,,,,,,,,,,,,,12,y,.,.,.,.,d,.,.,.,.,.,.,.,.,.,.,,,,,,,,,,,,,,,,,,,,,,,,,,,,,,,,,,,,,,,,,,,,,,,,,,,,,,,,,,,,,,,,,,,,,,,,
20_13,20,13,m,17,03/09/22,08/10/23,m,n,11.72,11.72,82.8,.,36.5,.,36.5,.,w,1427355,1431026,2,r,2,r,2,r,2,bu,,,,,,,,,,,,,,,,,,,,,,,,,,,,,,,,,,,,,,,,,,,,,,,,,,,,,,,,,,,,,,,,,,,,,,,,,,,,,,,,,,,,,,,,,,,,,,,,,,,,,,,,,,
20_13,20,13,m,17,03/09/22,08/10/23,m,n,11.72,11.72,82.8,.,36.5,.,36.5,.,w,1431026,1431027,2,r,2,r,2,r,2,bu,,,,,,,,,,,,,,,,,,13,y,.,.,.,.,o,.,.,.,y,.,.,.,.,.,.,,,,,,,,,,,,,,,,,,,,,,,,,,,,,,,,,,,,,,,,,,,,,,,,,,,,,,,,,,,,,,,,,,,,,,,,
20_13,20,13,m,17,03/09/22,08/10/23,m,n,11.72,11.72,82.8,.,36.5,.,36.5,.,w,1431027,1432828,2,r,2,r,2,r,2,bu,,,,,,,,,,,,,,,,,,,,,,,,,,,,,,,,,,,,,,,,,,,,,,,,,,,,,,,,,,,,,,,,,,,,,,,,,,,,,,,,,,,,,,,,,,,,,,,,,,,,,,,,,,
20_13,20,13,m,17,03/09/22,08/10/23,m,n,11.72,11.72,82.8,.,36.5,.,36.5,.,w,1432828,1432829,2,r,2,r,2,r,2,bu,,,,,,,,,,,,,,,,,,14,y,.,.,.,.,d,.,.,.,.,.,.,.,.,.,.,,,,,,,,,,,,,,,,,,,,,,,,,,,,,,,,,,,,,,,,,,,,,,,,,,,,,,,,,,,,,,,,,,,,,,,,
20_13,20,13,m,17,03/09/22,08/10/23,m,n,11.72,11.72,82.8,.,36.5,.,36.5,.,w,1432829,1434188,2,r,2,r,2,r,2,bu,,,,,,,,,,,,,,,,,,,,,,,,,,,,,,,,,,,,,,,,,,,,,,,,,,,,,,,,,,,,,,,,,,,,,,,,,,,,,,,,,,,,,,,,,,,,,,,,,,,,,,,,,,
20_13,20,13,m,17,03/09/22,08/10/23,m,n,11.72,11.72,82.8,.,36.5,.,36.5,.,w,1434188,1434189,2,r,2,r,2,r,2,bu,,,,,,,,,,,,,,,,,,15,y,.,.,.,.,p,.,.,.,.,.,.,.,.,.,.,,,,,,,,,,,,,,,,,,,,,,,,,,,,,,,,,,,,,,,,,,,,,,,,,,,,,,,,,,,,,,,,,,,,,,,,
20_13,20,13,m,17,03/09/22,08/10/23,m,n,11.72,11.72,82.8,.,36.5,.,36.5,.,w,1434189,1438948,2,r,2,r,2,r,2,bu,,,,,,,,,,,,,,,,,,,,,,,,,,,,,,,,,,,,,,,,,,,,,,,,,,,,,,,,,,,,,,,,,,,,,,,,,,,,,,,,,,,,,,,,,,,,,,,,,,,,,,,,,,
20_13,20,13,m,17,03/09/22,08/10/23,m,n,11.72,11.72,82.8,.,36.5,.,36.5,.,w,1438948,1438949,2,r,2,r,2,r,2,bu,,,,,,,,,,,,,,,,,,16,y,.,.,.,.,p,.,.,.,.,.,.,.,.,.,.,,,,,,,,,,,,,,,,,,,,,,,,,,,,,,,,,,,,,,,,,,,,,,,,,,,,,,,,,,,,,,,,,,,,,,,,
20_13,20,13,m,17,03/09/22,08/10/23,m,n,11.72,11.72,82.8,.,36.5,.,36.5,.,w,1438949,1442450,2,r,2,r,2,r,2,bu,,,,,,,,,,,,,,,,,,,,,,,,,,,,,,,,,,,,,,,,,,,,,,,,,,,,,,,,,,,,,,,,,,,,,,,,,,,,,,,,,,,,,,,,,,,,,,,,,,,,,,,,,,
20_13,20,13,m,17,03/09/22,08/10/23,m,n,11.72,11.72,82.8,.,36.5,.,36.5,.,w,1442450,1442451,2,r,2,r,2,r,2,bu,,,,,,,,,,,,,,,,,,17,y,.,.,.,.,th,.,.,.,.,.,.,.,.,.,.,,,,,,,,,,,,,,,,,,,,,,,,,,,,,,,,,,,,,,,,,,,,,,,,,,,,,,,,,,,,,,,,,,,,,,,,
20_13,20,13,m,17,03/09/22,08/10/23,m,n,11.72,11.72,82.8,.,36.5,.,36.5,.,w,1442451,1451086,2,r,2,r,2,r,,,,,,,,,,,,,,,,,,,,,,,,,,,,,,,,,,,,,,,,,,,,,,,,,,,,,,,,,,,,,,,,,,,,,,,,,,,,,,,,,,,,,,,,,,,,,,,,,,,,,,,,,,,,
20_13,20,13,m,17,03/09/22,08/10/23,m,n,11.72,11.72,82.8,.,36.5,.,36.5,.,w,1451086,1451087,2,r,2,r,2,r,3,bu,,,,,,,,,,,,,,,,,,18,y,.,.,.,.,p,.,.,.,.,.,.,.,.,.,.,,,,,,,,,,,,,,,,,,,,,,,,,,,,,,,,,,,,,,,,,,,,,,,,,,,,,,,,,,,,,,,,,,,,,,,,
20_13,20,13,m,17,03/09/22,08/10/23,m,n,11.72,11.72,82.8,.,36.5,.,36.5,.,w,1451087,1468188,2,r,2,r,2,r,3,bu,,,,,,,,,,,,,,,,,,,,,,,,,,,,,,,,,,,,,,,,,,,,,,,,,,,,,,,,,,,,,,,,,,,,,,,,,,,,,,,,,,,,,,,,,,,,,,,,,,,,,,,,,,
20_13,20,13,m,17,03/09/22,08/10/23,m,n,11.72,11.72,82.8,.,36.5,.,36.5,.,w,1468188,1468189,2,r,2,r,2,r,3,bu,,,,,,,,,,,,,,,,,,19,y,.,.,.,.,d,.,.,.,.,.,.,.,.,.,.,,,,,,,,,,,,,,,,,,,,,,,,,,,,,,,,,,,,,,,,,,,,,,,,,,,,,,,,,,,,,,,,,,,,,,,,
20_13,20,13,m,17,03/09/22,08/10/23,m,n,11.72,11.72,82.8,.,36.5,.,36.5,.,w,1468189,1469480,2,r,2,r,2,r,,,,,,,,,,,,,,,,,,,,,,,,,,,,,,,,,,,,,,,,,,,,,,,,,,,,,,,,,,,,,,,,,,,,,,,,,,,,,,,,,,,,,,,,,,,,,,,,,,,,,,,,,,,,
20_13,20,13,m,17,03/09/22,08/10/23,m,n,11.72,11.72,82.8,.,36.5,.,36.5,.,w,1469480,1551387,2,r,2,r,2,r,4,t,20,y,.,.,.,.,t,.,.,.,.,.,.,.,.,.,.,,,,,,,,,,,,,,,,,,,,,,,,,,,,,,,,,,,,,,,,,,,,,,,,,,,,,,,,,,,,,,,,,,,,,,,,,,,,,,,,,,,,,,,,,
20_13,20,13,m,17,03/09/22,08/10/23,m,n,11.72,11.72,82.8,.,36.5,.,36.5,.,w,1551387,1559138,2,r,2,r,2,r,,,,,,,,,,,,,,,,,,,,,,,,,,,,,,,,,,,,,,,,,,,,,,,,,,,,,,,,,,,,,,,,,,,,,,,,,,,,,,,,,,,,,,,,,,,,,,,,,,,,,,,,,,,,
20_13,20,13,m,17,03/09/22,08/10/23,m,n,11.72,11.72,82.8,.,36.5,.,36.5,.,w,1559138,1562640,2,r,2,r,2,r,5,f,21,y,.,.,.,.,t,.,.,.,.,.,.,.,.,.,.,,,,,,,,,,,,,,,,,,,,,,,,,,,,,,,,,,,,,,,,,,,,,,,,,,,,,,,,,,,,,,,,,,,,,,,,,,,,,,,,,,,,,,,,,
20_13,20,13,m,17,03/09/22,08/10/23,m,n,11.72,11.72,82.8,.,36.5,.,36.5,.,w,1562640,1563966,2,r,2,r,2,r,5,f,22,y,.,.,.,.,pu,.,.,.,.,.,.,.,.,.,.,,,,,,,,,,,,,,,,,,,,,,,,,,,,,,,,,,,,,,,,,,,,,,,,,,,,,,,,,,,,,,,,,,,,,,,,,,,,,,,,,,,,,,,,,
20_13,20,13,m,17,03/09/22,08/10/23,m,n,11.72,11.72,82.8,.,36.5,.,36.5,.,w,1563966,1575969,2,r,2,r,2,r,5,f,23,y,.,.,.,.,t,.,.,.,.,.,.,.,.,.,.,,,,,,,,,,,,,,,,,,,,,,,,,,,,,,,,,,,,,,,,,,,,,,,,,,,,,,,,,,,,,,,,,,,,,,,,,,,,,,,,,,,,,,,,,
20_13,20,13,m,17,03/09/22,08/10/23,m,n,11.72,11.72,82.8,.,36.5,.,36.5,.,w,1575969,1576614,2,r,2,r,2,r,5,f,,,,,,,,,,,,,,,,,,,,,,,,,,,,,,,,,,,,,,,,,,,,,,,,,,,,,,,,,,,,,,,,,,,,,,,,,,,,,,,,,,,,,,,,,,,,,,,,,,,,,,,,,,
20_13,20,13,m,17,03/09/22,08/10/23,m,n,11.72,11.72,82.8,.,36.5,.,36.5,.,w,1576614,1578825,2,r,2,r,2,r,5,f,24,y,.,.,.,.,pu,.,.,.,.,.,.,.,.,.,.,,,,,,,,,,,,,,,,,,,,,,,,,,,,,,,,,,,,,,,,,,,,,,,,,,,,,,,,,,,,,,,,,,,,,,,,,,,,,,,,,,,,,,,,,
20_13,20,13,m,17,03/09/22,08/10/23,m,n,11.72,11.72,82.8,.,36.5,.,36.5,.,w,1578825,1578826,2,r,2,r,2,r,5,f,,,,,,,,,,,,,,,,,,25,y,.,.,.,.,p,.,.,.,.,.,.,.,.,.,.,,,,,,,,,,,,,,,,,,,,,,,,,,,,,,,,,,,,,,,,,,,,,,,,,,,,,,,,,,,,,,,,,,,,,,,,
20_13,20,13,m,17,03/09/22,08/10/23,m,n,11.72,11.72,82.8,.,36.5,.,36.5,.,w,1578826,1585148,2,r,2,r,2,r,5,f,,,,,,,,,,,,,,,,,,,,,,,,,,,,,,,,,,,,,,,,,,,,,,,,,,,,,,,,,,,,,,,,,,,,,,,,,,,,,,,,,,,,,,,,,,,,,,,,,,,,,,,,,,
20_13,20,13,m,17,03/09/22,08/10/23,m,n,11.72,11.72,82.8,.,36.5,.,36.5,.,w,1585148,1585149,2,r,2,r,2,r,5,f,,,,,,,,,,,,,,,,,,26,y,.,.,.,.,d,.,.,.,.,.,.,.,.,.,.,,,,,,,,,,,,,,,,,,,,,,,,,,,,,,,,,,,,,,,,,,,,,,,,,,,,,,,,,,,,,,,,,,,,,,,,
20_13,20,13,m,17,03/09/22,08/10/23,m,n,11.72,11.72,82.8,.,36.5,.,36.5,.,w,1585149,1588276,2,r,2,r,2,r,5,f,,,,,,,,,,,,,,,,,,,,,,,,,,,,,,,,,,,,,,,,,,,,,,,,,,,,,,,,,,,,,,,,,,,,,,,,,,,,,,,,,,,,,,,,,,,,,,,,,,,,,,,,,,
20_13,20,13,m,17,03/09/22,08/10/23,m,n,11.72,11.72,82.8,.,36.5,.,36.5,.,w,1588276,1588277,2,r,2,r,2,r,5,f,,,,,,,,,,,,,,,,,,27,y,.,.,.,.,p,.,.,.,.,.,.,.,.,.,.,,,,,,,,,,,,,,,,,,,,,,,,,,,,,,,,,,,,,,,,,,,,,,,,,,,,,,,,,,,,,,,,,,,,,,,,
20_13,20,13,m,17,03/09/22,08/10/23,m,n,11.72,11.72,82.8,.,36.5,.,36.5,.,w,1588277,1593138,2,r,2,r,2,r,5,f,,,,,,,,,,,,,,,,,,,,,,,,,,,,,,,,,,,,,,,,,,,,,,,,,,,,,,,,,,,,,,,,,,,,,,,,,,,,,,,,,,,,,,,,,,,,,,,,,,,,,,,,,,
20_13,20,13,m,17,03/09/22,08/10/23,m,n,11.72,11.72,82.8,.,36.5,.,36.5,.,w,1593138,1593139,2,r,2,r,2,r,5,f,,,,,,,,,,,,,,,,,,28,y,.,.,.,.,d,.,.,.,.,.,.,.,.,.,.,,,,,,,,,,,,,,,,,,,,,,,,,,,,,,,,,,,,,,,,,,,,,,,,,,,,,,,,,,,,,,,,,,,,,,,,
20_13,20,13,m,17,03/09/22,08/10/23,m,n,11.72,11.72,82.8,.,36.5,.,36.5,.,w,1593139,1595994,2,r,2,r,2,r,5,f,,,,,,,,,,,,,,,,,,,,,,,,,,,,,,,,,,,,,,,,,,,,,,,,,,,,,,,,,,,,,,,,,,,,,,,,,,,,,,,,,,,,,,,,,,,,,,,,,,,,,,,,,,
20_13,20,13,m,17,03/09/22,08/10/23,m,n,11.72,11.72,82.8,.,36.5,.,36.5,.,w,1595994,1601435,2,r,2,r,2,r,5,f,29,y,.,.,.,.,t,.,.,.,.,.,.,.,.,.,.,,,,,,,,,,,,,,,,,,,,,,,,,,,,,,,,,,,,,,,,,,,,,,,,,,,,,,,,,,,,,,,,,,,,,,,,,,,,,,,,,,,,,,,,,
20_13,20,13,m,17,03/09/22,08/10/23,m,n,11.72,11.72,82.8,.,36.5,.,36.5,.,w,1601435,1601604,2,r,2,r,2,r,5,f,,,,,,,,,,,,,,,,,,,,,,,,,,,,,,,,,,,,,,,,,,,,,,,,,,,,,,,,,,,,,,,,,,,,,,,,,,,,,,,,,,,,,,,,,,,,,,,,,,,,,,,,,,
20_13,20,13,m,17,03/09/22,08/10/23,m,n,11.72,11.72,82.8,.,36.5,.,36.5,.,w,1601604,1603237,2,r,2,r,2,r,5,f,30,y,.,.,.,.,pu,.,.,.,.,.,.,.,.,.,.,,,,,,,,,,,,,,,,,,,,,,,,,,,,,,,,,,,,,,,,,,,,,,,,,,,,,,,,,,,,,,,,,,,,,,,,,,,,,,,,,,,,,,,,,
20_13,20,13,m,17,03/09/22,08/10/23,m,n,11.72,11.72,82.8,.,36.5,.,36.5,.,w,1603237,1603406,2,r,2,r,2,r,5,f,,,,,,,,,,,,,,,,,,,,,,,,,,,,,,,,,,,,,,,,,,,,,,,,,,,,,,,,,,,,,,,,,,,,,,,,,,,,,,,,,,,,,,,,,,,,,,,,,,,,,,,,,,
20_13,20,13,m,17,03/09/22,08/10/23,m,n,11.72,11.72,82.8,.,36.5,.,36.5,.,w,1603406,1636625,2,r,2,r,2,r,5,f,31,y,.,.,.,.,t,.,.,.,.,.,.,.,.,.,.,,,,,,,,,,,,,,,,,,,,,,,,,,,,,,,,,,,,,,,,,,,,,,,,,,,,,,,,,,,,,,,,,,,,,,,,,,,,,,,,,,,,,,,,,
20_13,20,13,m,17,03/09/22,08/10/23,m,n,11.72,11.72,82.8,.,36.5,.,36.5,.,w,1636625,1641724,2,r,2,r,2,r,,,,,,,,,,,,,,,,,,,,,,,,,,,,,,,,,,,,,,,,,,,,,,,,,,,,,,,,,,,,,,,,,,,,,,,,,,,,,,,,,,,,,,,,,,,,,,,,,,,,,,,,,,,,
20_13,20,13,m,17,03/09/22,08/10/23,m,n,11.72,11.72,82.8,.,36.5,.,36.5,.,w,1641724,1641725,2,r,2,r,2,r,6,pb,,,,,,,,,,,,,,,,,,32,y,.,.,.,.,p,.,.,.,.,.,.,.,.,.,.,,,,,,,,,,,,,,,,,,,,,,,,,,,,,,,,,,,,,,,,,,,,,,,,,,,,,,,,,,,,,,,,,,,,,,,,
20_13,20,13,m,17,03/09/22,08/10/23,m,n,11.72,11.72,82.8,.,36.5,.,36.5,.,w,1641725,1643968,2,r,2,r,2,r,6,pb,,,,,,,,,,,,,,,,,,,,,,,,,,,,,,,,,,,,,,,,,,,,,,,,,,,,,,,,,,,,,,,,,,,,,,,,,,,,,,,,,,,,,,,,,,,,,,,,,,,,,,,,,,
20_13,20,13,m,17,03/09/22,08/10/23,m,n,11.72,11.72,82.8,.,36.5,.,36.5,.,w,1643968,1643969,2,r,2,r,2,r,6,pb,,,,,,,,,,,,,,,,,,33,y,.,.,.,.,th,.,.,.,.,.,.,.,.,.,.,,,,,,,,,,,,,,,,,,,,,,,,,,,,,,,,,,,,,,,,,,,,,,,,,,,,,,,,,,,,,,,,,,,,,,,,
20_13,20,13,m,17,03/09/22,08/10/23,m,n,11.72,11.72,82.8,.,36.5,.,36.5,.,w,1643969,1645464,2,r,2,r,2,r,6,pb,,,,,,,,,,,,,,,,,,,,,,,,,,,,,,,,,,,,,,,,,,,,,,,,,,,,,,,,,,,,,,,,,,,,,,,,,,,,,,,,,,,,,,,,,,,,,,,,,,,,,,,,,,
20_13,20,13,m,17,03/09/22,08/10/23,m,n,11.72,11.72,82.8,.,36.5,.,36.5,.,w,1645464,1646723,2,r,2,r,2,r,6,pb,34,y,.,.,.,.,pu,.,.,.,.,.,.,.,.,.,.,,,,,,,,,,,,,,,,,,,,,,,,,,,,,,,,,,,,,,,,,,,,,,,,,,,,,,,,,,,,,,,,,,,,,,,,,,,,,,,,,,,,,,,,,
20_13,20,13,m,17,03/09/22,08/10/23,m,n,11.72,11.72,82.8,.,36.5,.,36.5,.,w,1646723,1648898,2,r,2,r,2,r,,,,,,,,,,,,,,,,,,,,,,,,,,,,,,,,,,,,,,,,,,,,,,,,,,,,,,,,,,,,,,,,,,,,,,,,,,,,,,,,,,,,,,,,,,,,,,,,,,,,,,,,,,,,
20_13,20,13,m,17,03/09/22,08/10/23,m,n,11.72,11.72,82.8,.,36.5,.,36.5,.,w,1648898,1648899,2,r,2,r,2,r,7,rb,,,,,,,,,,,,,,,,,,35,y,.,.,.,.,p,.,.,.,.,.,.,.,.,.,.,,,,,,,,,,,,,,,,,,,,,,,,,,,,,,,,,,,,,,,,,,,,,,,,,,,,,,,,,,,,,,,,,,,,,,,,
20_13,20,13,m,17,03/09/22,08/10/23,m,n,11.72,11.72,82.8,.,36.5,.,36.5,.,w,1648899,1651074,2,r,2,r,2,r,7,rb,,,,,,,,,,,,,,,,,,,,,,,,,,,,,,,,,,,,,,,,,,,,,,,,,,,,,,,,,,,,,,,,,,,,,,,,,,,,,,,,,,,,,,,,,,,,,,,,,,,,,,,,,,
20_13,20,13,m,17,03/09/22,08/10/23,m,n,11.72,11.72,82.8,.,36.5,.,36.5,.,w,1651074,1651075,2,r,2,r,2,r,7,rb,,,,,,,,,,,,,,,,,,36,y,.,.,.,.,th,.,.,.,.,.,.,.,.,.,.,,,,,,,,,,,,,,,,,,,,,,,,,,,,,,,,,,,,,,,,,,,,,,,,,,,,,,,,,,,,,,,,,,,,,,,,
20_13,20,13,m,17,03/09/22,08/10/23,m,n,11.72,11.72,82.8,.,36.5,.,36.5,.,w,1651075,1651245,2,r,2,r,2,r,7,rb,,,,,,,,,,,,,,,,,,,,,,,,,,,,,,,,,,,,,,,,,,,,,,,,,,,,,,,,,,,,,,,,,,,,,,,,,,,,,,,,,,,,,,,,,,,,,,,,,,,,,,,,,,
20_13,20,13,m,17,03/09/22,08/10/23,m,n,11.72,11.72,82.8,.,36.5,.,36.5,.,w,1651245,1662328,2,r,2,r,2,r,,,,,,,,,,,,,,,,,,,,,,,,,,,,,,,,,,,,,,,,,,,,,,,,,,,,,,,,,,,,,,,,,,,,,,,,,,,,,,,,,,,,,,,,,,,,,,,,,,,,,,,,,,,,
20_13,20,13,m,17,03/09/22,08/10/23,m,n,11.72,11.72,82.8,.,36.5,.,36.5,.,w,1662328,1686129,2,r,2,r,2,r,8,t,37,y,.,.,.,.,t,.,.,.,.,.,.,.,.,.,.,,,,,,,,,,,,,,,,,,,,,,,,,,,,,,,,,,,,,,,,,,,,,,,,,,,,,,,,,,,,,,,,,,,,,,,,,,,,,,,,,,,,,,,,,
20_13,20,13,m,17,03/09/22,08/10/23,m,n,11.72,11.72,82.8,.,36.5,.,36.5,.,w,1686129,1689834,2,r,2,r,2,r,,,,,,,,,,,,,,,,,,,,,,,,,,,,,,,,,,,,,,,,,,,,,,,,,,,,,,,,,,,,,,,,,,,,,,,,,,,,,,,,,,,,,,,,,,,,,,,,,,,,,,,,,,,,
20_13,20,13,m,17,03/09/22,08/10/23,m,n,11.72,11.72,82.8,.,36.5,.,36.5,.,w,1689834,1703809,2,r,2,r,2,r,9,t,38,y,.,.,.,.,t,.,.,.,.,.,.,.,.,.,.,,,,,,,,,,,,,,,,,,,,,,,,,,,,,,,,,,,,,,,,,,,,,,,,,,,,,,,,,,,,,,,,,,,,,,,,,,,,,,,,,,,,,,,,,
20_13,20,13,m,17,03/09/22,08/10/23,m,n,11.72,11.72,82.8,.,36.5,.,36.5,.,w,1703809,1711016,2,r,2,r,2,r,,,,,,,,,,,,,,,,,,,,,,,,,,,,,,,,,,,,,,,,,,,,,,,,,,,,,,,,,,,,,,,,,,,,,,,,,,,,,,,,,,,,,,,,,,,,,,,,,,,,,,,,,,,,
20_13,20,13,m,17,03/09/22,08/10/23,m,n,11.72,11.72,82.8,.,36.5,.,36.5,.,w,1711016,1711017,2,r,2,r,2,r,10,rb,,,,,,,,,,,,,,,,,,39,y,.,.,.,.,p,.,.,.,.,.,.,.,.,.,.,,,,,,,,,,,,,,,,,,,,,,,,,,,,,,,,,,,,,,,,,,,,,,,,,,,,,,,,,,,,,,,,,,,,,,,,
20_13,20,13,m,17,03/09/22,08/10/23,m,n,11.72,11.72,82.8,.,36.5,.,36.5,.,w,1711017,1713634,2,r,2,r,2,r,10,rb,,,,,,,,,,,,,,,,,,,,,,,,,,,,,,,,,,,,,,,,,,,,,,,,,,,,,,,,,,,,,,,,,,,,,,,,,,,,,,,,,,,,,,,,,,,,,,,,,,,,,,,,,,
20_13,20,13,m,17,03/09/22,08/10/23,m,n,11.72,11.72,82.8,.,36.5,.,36.5,.,w,1713634,1713635,2,r,2,r,2,r,10,rb,,,,,,,,,,,,,,,,,,40,y,.,.,.,.,th,.,.,.,.,.,.,.,.,.,.,,,,,,,,,,,,,,,,,,,,,,,,,,,,,,,,,,,,,,,,,,,,,,,,,,,,,,,,,,,,,,,,,,,,,,,,
20_13,20,13,m,17,03/09/22,08/10/23,m,n,11.72,11.72,82.8,.,36.5,.,36.5,.,w,1713635,1715878,2,r,2,r,2,r,,,,,,,,,,,,,,,,,,,,,,,,,,,,,,,,,,,,,,,,,,,,,,,,,,,,,,,,,,,,,,,,,,,,,,,,,,,,,,,,,,,,,,,,,,,,,,,,,,,,,,,,,,,,
20_13,20,13,m,17,03/09/22,08/10/23,m,n,11.72,11.72,82.8,.,36.5,.,36.5,.,w,1715878,1715879,2,r,2,r,2,r,11,pb,,,,,,,,,,,,,,,,,,41,y,.,.,.,.,p,.,.,.,.,.,.,.,.,.,.,,,,,,,,,,,,,,,,,,,,,,,,,,,,,,,,,,,,,,,,,,,,,,,,,,,,,,,,,,,,,,,,,,,,,,,,
20_13,20,13,m,17,03/09/22,08/10/23,m,n,11.72,11.72,82.8,.,36.5,.,36.5,.,w,1715879,1720026,2,r,2,r,2,r,11,pb,,,,,,,,,,,,,,,,,,,,,,,,,,,,,,,,,,,,,,,,,,,,,,,,,,,,,,,,,,,,,,,,,,,,,,,,,,,,,,,,,,,,,,,,,,,,,,,,,,,,,,,,,,
20_13,20,13,m,17,03/09/22,08/10/23,m,n,11.72,11.72,82.8,.,36.5,.,36.5,.,w,1720026,1720027,2,r,2,r,2,r,11,pb,,,,,,,,,,,,,,,,,,42,y,.,.,.,.,th,.,.,.,.,.,.,.,.,.,.,,,,,,,,,,,,,,,,,,,,,,,,,,,,,,,,,,,,,,,,,,,,,,,,,,,,,,,,,,,,,,,,,,,,,,,,
20_13,20,13,m,17,03/09/22,08/10/23,m,n,11.72,11.72,82.8,.,36.5,.,36.5,.,w,1720027,1723188,2,r,2,r,2,r,,,,,,,,,,,,,,,,,,,,,,,,,,,,,,,,,,,,,,,,,,,,,,,,,,,,,,,,,,,,,,,,,,,,,,,,,,,,,,,,,,,,,,,,,,,,,,,,,,,,,,,,,,,,
20_13,20,13,m,17,03/09/22,08/10/23,m,n,11.72,11.72,82.8,.,36.5,.,36.5,.,w,1723188,1723189,2,r,2,r,2,r,12,pb,,,,,,,,,,,,,,,,,,43,y,.,.,.,.,p,.,.,.,.,.,.,.,.,.,.,,,,,,,,,,,,,,,,,,,,,,,,,,,,,,,,,,,,,,,,,,,,,,,,,,,,,,,,,,,,,,,,,,,,,,,,
20_13,20,13,m,17,03/09/22,08/10/23,m,n,11.72,11.72,82.8,.,36.5,.,36.5,.,w,1723189,1728492,2,r,2,r,2,r,12,pb,,,,,,,,,,,,,,,,,,,,,,,,,,,,,,,,,,,,,,,,,,,,,,,,,,,,,,,,,,,,,,,,,,,,,,,,,,,,,,,,,,,,,,,,,,,,,,,,,,,,,,,,,,
20_13,20,13,m,17,03/09/22,08/10/23,m,n,11.72,11.72,82.8,.,36.5,.,36.5,.,w,1728492,1728493,2,r,2,r,2,r,12,pb,,,,,,,,,,,,,,,,,,44,y,.,.,.,.,d,.,.,.,.,.,.,.,.,.,.,,,,,,,,,,,,,,,,,,,,,,,,,,,,,,,,,,,,,,,,,,,,,,,,,,,,,,,,,,,,,,,,,,,,,,,,
20_13,20,13,m,17,03/09/22,08/10/23,m,n,11.72,11.72,82.8,.,36.5,.,36.5,.,w,1728493,1733966,2,r,2,r,2,r,,,,,,,,,,,,,,,,,,,,,,,,,,,,,,,,,,,,,,,,,,,,,,,,,,,,,,,,,,,,,,,,,,,,,,,,,,,,,,,,,,,,,,,,,,,,,,,,,,,,,,,,,,,,
20_13,20,13,m,17,03/09/22,08/10/23,m,n,11.72,11.72,82.8,.,36.5,.,36.5,.,w,1733966,1733967,2,r,2,r,2,r,13,pb,,,,,,,,,,,,,,,,,,45,y,.,.,.,.,p,.,.,.,.,.,.,.,.,.,.,,,,,,,,,,,,,,,,,,,,,,,,,,,,,,,,,,,,,,,,,,,,,,,,,,,,,,,,,,,,,,,,,,,,,,,,
20_13,20,13,m,17,03/09/22,08/10/23,m,n,11.72,11.72,82.8,.,36.5,.,36.5,.,w,1733967,1739474,2,r,2,r,2,r,13,pb,,,,,,,,,,,,,,,,,,,,,,,,,,,,,,,,,,,,,,,,,,,,,,,,,,,,,,,,,,,,,,,,,,,,,,,,,,,,,,,,,,,,,,,,,,,,,,,,,,,,,,,,,,
20_13,20,13,m,17,03/09/22,08/10/23,m,n,11.72,11.72,82.8,.,36.5,.,36.5,.,w,1739474,1739475,2,r,2,r,2,r,13,pb,,,,,,,,,,,,,,,,,,46,y,.,.,.,.,th,.,.,.,.,.,.,.,.,.,.,,,,,,,,,,,,,,,,,,,,,,,,,,,,,,,,,,,,,,,,,,,,,,,,,,,,,,,,,,,,,,,,,,,,,,,,
20_13,20,13,m,17,03/09/22,08/10/23,m,n,11.72,11.72,82.8,.,36.5,.,36.5,.,w,1739475,1757902,2,r,2,r,2,r,,,,,,,,,,,,,,,,,,,,,,,,,,,,,,,,,,,,,,,,,,,,,,,,,,,,,,,,,,,,,,,,,,,,,,,,,,,,,,,,,,,,,,,,,,,,,,,,,,,,,,,,,,,,
20_13,20,13,m,17,03/09/22,08/10/23,m,n,11.72,11.72,82.8,.,36.5,.,36.5,.,w,1757902,1760623,2,r,2,r,2,r,14,pb,47,y,.,.,.,.,pu,.,.,.,.,.,.,.,.,.,.,,,,,,,,,,,,,,,,,,,,,,,,,,,,,,,,,,,,,,,,,,,,,,,,,,,,,,,,,,,,,,,,,,,,,,,,,,,,,,,,,,,,,,,,,
20_13,20,13,m,17,03/09/22,08/10/23,m,n,11.72,11.72,82.8,.,36.5,.,36.5,.,w,1760623,1768510,2,r,2,r,2,r,,,,,,,,,,,,,,,,,,,,,,,,,,,,,,,,,,,,,,,,,,,,,,,,,,,,,,,,,,,,,,,,,,,,,,,,,,,,,,,,,,,,,,,,,,,,,,,,,,,,,,,,,,,,
20_13,20,13,m,17,03/09/22,08/10/23,m,n,11.72,11.72,82.8,.,36.5,.,36.5,.,w,1768510,1768545,2,r,2,r,2,r,15,pb,48,y,.,.,.,.,pu,.,.,.,.,.,.,.,.,.,.,,,,,,,,,,,,,,,,,,,,,,,,,,,,,,,,,,,,,,,,,,,,,,,,,,,,,,,,,,,,,,,,,,,,,,,,,,,,,,,,,,,,,,,,,
20_13,20,13,m,17,03/09/22,08/10/23,m,n,11.72,11.72,82.8,.,36.5,.,36.5,.,w,1768545,1772930,2,r,2,r,2,r,,,,,,,,,,,,,,,,,,,,,,,,,,,,,,,,,,,,,,,,,,,,,,,,,,,,,,,,,,,,,,,,,,,,,,,,,,,,,,,,,,,,,,,,,,,,,,,,,,,,,,,,,,,,
20_13,20,13,m,17,03/09/22,08/10/23,m,n,11.72,11.72,82.8,.,36.5,.,36.5,.,w,1772930,1775821,2,r,2,r,2,r,16,pb,49,y,.,.,.,.,pu,.,.,.,.,.,.,.,.,.,.,,,,,,,,,,,,,,,,,,,,,,,,,,,,,,,,,,,,,,,,,,,,,,,,,,,,,,,,,,,,,,,,,,,,,,,,,,,,,,,,,,,,,,,,,
20_13,20,13,m,17,03/09/22,08/10/23,m,n,11.72,11.72,82.8,.,36.5,.,36.5,.,w,1775821,1790032,2,r,2,r,2,r,,,,,,,,,,,,,,,,,,,,,,,,,,,,,,,,,,,,,,,,,,,,,,,,,,,,,,,,,,,,,,,,,,,,,,,,,,,,,,,,,,,,,,,,,,,,,,,,,,,,,,,,,,,,
20_13,20,13,m,17,03/09/22,08/10/23,m,n,11.72,11.72,82.8,.,36.5,.,36.5,.,w,1790032,1790033,2,r,2,r,2,r,17,g,,,,,,,,,,,,,,,,,,50,y,.,.,.,.,p,.,.,.,.,.,.,.,.,.,.,,,,,,,,,,,,,,,,,,,,,,,,,,,,,,,,,,,,,,,,,,,,,,,,,,,,,,,,,,,,,,,,,,,,,,,,
20_13,20,13,m,17,03/09/22,08/10/23,m,n,11.72,11.72,82.8,.,36.5,.,36.5,.,w,1790033,1800946,2,r,2,r,2,r,17,g,,,,,,,,,,,,,,,,,,,,,,,,,,,,,,,,,,,,,,,,,,,,,,,,,,,,,,,,,,,,,,,,,,,,,,,,,,,,,,,,,,,,,,,,,,,,,,,,,,,,,,,,,,
20_13,20,13,m,17,03/09/22,08/10/23,m,n,11.72,11.72,82.8,.,36.5,.,36.5,.,w,1800946,1800947,2,r,2,r,2,r,17,g,,,,,,,,,,,,,,,,,,51,y,.,.,.,.,p,.,.,.,.,.,.,.,.,.,.,,,,,,,,,,,,,,,,,,,,,,,,,,,,,,,,,,,,,,,,,,,,,,,,,,,,,,,,,,,,,,,,,,,,,,,,
20_13,20,13,m,17,03/09/22,08/10/23,m,n,11.72,11.72,82.8,.,36.5,.,36.5,.,w,1800947,1803870,2,r,2,r,2,r,17,g,,,,,,,,,,,,,,,,,,,,,,,,,,,,,,,,,,,,,,,,,,,,,,,,,,,,,,,,,,,,,,,,,,,,,,,,,,,,,,,,,,,,,,,,,,,,,,,,,,,,,,,,,,
20_13,20,13,m,17,03/09/22,08/10/23,m,n,11.72,11.72,82.8,.,36.5,.,36.5,.,w,1803870,1806693,2,r,2,r,2,r,17,g,52,y,.,.,.,.,a,.,.,.,.,.,.,.,.,.,.,,,,,,,,,,,,,,,,,,,,,,,,,,,,,,,,,,,,,,,,,,,,,,,,,,,,,,,,,,,,,,,,,,,,,,,,,,,,,,,,,,,,,,,,,
20_13,20,13,m,17,03/09/22,08/10/23,m,n,11.72,11.72,82.8,.,36.5,.,36.5,.,w,1806693,1808018,2,r,2,r,2,r,17,g,,,,,,,,,,,,,,,,,,,,,,,,,,,,,,,,,,,,,,,,,,,,,,,,,,,,,,,,,,,,,,,,,,,,,,,,,,,,,,,,,,,,,,,,,,,,,,,,,,,,,,,,,,
20_13,20,13,m,17,03/09/22,08/10/23,m,n,11.72,11.72,82.8,.,36.5,.,36.5,.,w,1808018,1808019,2,r,2,r,2,r,17,g,,,,,,,,,,,,,,,,,,53,y,.,.,.,.,p,.,.,.,.,.,.,.,.,.,.,,,,,,,,,,,,,,,,,,,,,,,,,,,,,,,,,,,,,,,,,,,,,,,,,,,,,,,,,,,,,,,,,,,,,,,,
20_13,20,13,m,17,03/09/22,08/10/23,m,n,11.72,11.72,82.8,.,36.5,.,36.5,.,w,1808019,1813322,2,r,2,r,2,r,17,g,,,,,,,,,,,,,,,,,,,,,,,,,,,,,,,,,,,,,,,,,,,,,,,,,,,,,,,,,,,,,,,,,,,,,,,,,,,,,,,,,,,,,,,,,,,,,,,,,,,,,,,,,,
20_13,20,13,m,17,03/09/22,08/10/23,m,n,11.72,11.72,82.8,.,36.5,.,36.5,.,w,1813322,1813323,2,r,2,r,2,r,17,g,,,,,,,,,,,,,,,,,,54,y,.,.,.,.,p,.,.,.,.,.,.,.,.,.,.,,,,,,,,,,,,,,,,,,,,,,,,,,,,,,,,,,,,,,,,,,,,,,,,,,,,,,,,,,,,,,,,,,,,,,,,
20_13,20,13,m,17,03/09/22,08/10/23,m,n,11.72,11.72,82.8,.,36.5,.,36.5,.,w,1813323,1827636,2,r,2,r,2,r,17,g,,,,,,,,,,,,,,,,,,,,,,,,,,,,,,,,,,,,,,,,,,,,,,,,,,,,,,,,,,,,,,,,,,,,,,,,,,,,,,,,,,,,,,,,,,,,,,,,,,,,,,,,,,
20_13,20,13,m,17,03/09/22,08/10/23,m,n,11.72,11.72,82.8,.,36.5,.,36.5,.,w,1827636,1827637,2,r,2,r,2,r,17,g,,,,,,,,,,,,,,,,,,55,y,.,.,.,.,p,.,.,.,.,.,.,.,.,.,.,,,,,,,,,,,,,,,,,,,,,,,,,,,,,,,,,,,,,,,,,,,,,,,,,,,,,,,,,,,,,,,,,,,,,,,,
20_13,20,13,m,17,03/09/22,08/10/23,m,n,11.72,11.72,82.8,.,36.5,.,36.5,.,w,1827637,1842766,2,r,2,r,2,r,17,g,,,,,,,,,,,,,,,,,,,,,,,,,,,,,,,,,,,,,,,,,,,,,,,,,,,,,,,,,,,,,,,,,,,,,,,,,,,,,,,,,,,,,,,,,,,,,,,,,,,,,,,,,,
20_13,20,13,m,17,03/09/22,08/10/23,m,n,11.72,11.72,82.8,.,36.5,.,36.5,.,w,1842766,1842767,2,r,2,r,2,r,17,g,,,,,,,,,,,,,,,,,,56,y,.,.,.,.,d,.,.,.,.,.,.,.,.,.,.,,,,,,,,,,,,,,,,,,,,,,,,,,,,,,,,,,,,,,,,,,,,,,,,,,,,,,,,,,,,,,,,,,,,,,,,
20_13,20,13,m,17,03/09/22,08/10/23,m,n,11.72,11.72,82.8,.,36.5,.,36.5,.,w,1842767,1847322,2,r,2,r,2,r,,,,,,,,,,,,,,,,,,,,,,,,,,,,,,,,,,,,,,,,,,,,,,,,,,,,,,,,,,,,,,,,,,,,,,,,,,,,,,,,,,,,,,,,,,,,,,,,,,,,,,,,,,,,
20_13,20,13,m,17,03/09/22,08/10/23,m,n,11.72,11.72,82.8,.,36.5,.,36.5,.,w,1847322,1854055,2,r,2,r,2,r,18,a,57,y,.,.,.,.,t,.,.,.,.,.,.,.,.,.,.,,,,,,,,,,,,,,,,,,,,,,,,,,,,,,,,,,,,,,,,,,,,,,,,,,,,,,,,,,,,,,,,,,,,,,,,,,,,,,,,,,,,,,,,,
20_13,20,13,m,17,03/09/22,08/10/23,m,n,11.72,11.72,82.8,.,36.5,.,36.5,.,w,1854055,1860072,2,r,2,r,2,r,,,,,,,,,,,,,,,,,,,,,,,,,,,,,,,,,,,,,,,,,,,,,,,,,,,,,,,,,,,,,,,,,,,,,,,,,,,,,,,,,,,,,,,,,,,,,,,,,,,,,,,,,,,,
20_13,20,13,m,17,03/09/22,08/10/23,m,n,11.72,11.72,82.8,.,36.5,.,36.5,.,w,1860072,1891319,2,r,2,r,2,r,19,a,58,y,.,.,.,.,t,.,.,.,.,.,.,.,.,.,.,,,,,,,,,,,,,,,,,,,,,,,,,,,,,,,,,,,,,,,,,,,,,,,,,,,,,,,,,,,,,,,,,,,,,,,,,,,,,,,,,,,,,,,,,
20_13,20,13,m,17,03/09/22,08/10/23,m,n,11.72,11.72,82.8,.,36.5,.,36.5,.,w,1891319,1902436,2,r,2,r,2,r,,,,,,,,,,,,,,,,,,,,,,,,,,,,,,,,,,,,,,,,,,,,,,,,,,,,,,,,,,,,,,,,,,,,,,,,,,,,,,,,,,,,,,,,,,,,,,,,,,,,,,,,,,,,
20_13,20,13,m,17,03/09/22,08/10/23,m,n,11.72,11.72,82.8,.,36.5,.,36.5,.,w,1902436,1908216,2,r,2,r,2,r,20,a,59,y,.,.,.,.,t,.,.,.,.,.,.,.,.,.,.,,,,,,,,,,,,,,,,,,,,,,,,,,,,,,,,,,,,,,,,,,,,,,,,,,,,,,,,,,,,,,,,,,,,,,,,,,,,,,,,,,,,,,,,,
20_13,20,13,m,17,03/09/22,08/10/23,m,n,11.72,11.72,82.8,.,36.5,.,36.5,.,w,1908216,1911072,2,r,2,r,2,r,20,a,60,y,y,.,.,.,m,.,.,.,.,.,.,.,.,.,.,,,,,,,,,,,,,,,,,,,,,,,,,,,,,,,,,,,,,,,,,,,,,,,,,,,,,,,,,,,,,,,,,,,,,,,,,,,,,,,,,,,,,,,,,
20_13,20,13,m,17,03/09/22,08/10/23,m,n,11.72,11.72,82.8,.,36.5,.,36.5,.,w,1911072,1916581,2,r,2,r,2,r,20,a,,,,,,,,,,,,,,,,,,,,,,,,,,,,,,,,,,,,,,,,,,,,,,,,,,,,,,,,,,,,,,,,,,,,,,,,,,,,,,,,,,,,,,,,,,,,,,,,,,,,,,,,,,
20_13,20,13,m,17,03/09/22,08/10/23,m,n,11.72,11.72,82.8,.,36.5,.,36.5,.,w,1916581,1920966,2,r,2,r,2,r,,,,,,,,,,,,,,,,,,,,,,,,,,,,,,,,,,,,,,,,,,,,,,,,,,,,,,,,,,,,,,,,,,,,,,,,,,,,,,,,,,,,,,,,,,,,,,,,,,,,,,,,,,,,
20_13,20,13,m,17,03/09/22,08/10/23,m,n,11.72,11.72,82.8,.,36.5,.,36.5,.,w,1920966,1931541,2,r,2,r,2,r,21,a,61,y,.,.,.,.,t,.,.,.,.,.,.,.,.,.,.,,,,,,,,,,,,,,,,,,,,,,,,,,,,,,,,,,,,,,,,,,,,,,,,,,,,,,,,,,,,,,,,,,,,,,,,,,,,,,,,,,,,,,,,,
20_13,20,13,m,17,03/09/22,08/10/23,m,n,11.72,11.72,82.8,.,36.5,.,36.5,.,w,1931541,1934974,2,r,2,r,2,r,,,,,,,,,,,,,,,,,,,,,,,,,,,,,,,,,,,,,,,,,,,,,,,,,,,,,,,,,,,,,,,,,,,,,,,,,,,,,,,,,,,,,,,,,,,,,,,,,,,,,,,,,,,,
20_13,20,13,m,17,03/09/22,08/10/23,m,n,11.72,11.72,82.8,.,36.5,.,36.5,.,w,1934974,1949527,2,r,2,r,2,r,22,a,62,y,.,.,.,.,t,.,.,.,.,.,.,.,.,.,.,,,,,,,,,,,,,,,,,,,,,,,,,,,,,,,,,,,,,,,,,,,,,,,,,,,,,,,,,,,,,,,,,,,,,,,,,,,,,,,,,,,,,,,,,
20_13,20,13,m,17,03/09/22,08/10/23,m,n,11.72,11.72,82.8,.,36.5,.,36.5,.,w,1949527,1952960,2,r,2,r,2,r,,,,,,,,,,,,,,,,,,,,,,,,,,,,,,,,,,,,,,,,,,,,,,,,,,,,,,,,,,,,,,,,,,,,,,,,,,,,,,,,,,,,,,,,,,,,,,,,,,,,,,,,,,,,
20_13,20,13,m,17,03/09/22,08/10/23,m,n,11.72,11.72,82.8,.,36.5,.,36.5,.,w,1952960,1956123,2,r,2,r,2,r,23,a,63,y,.,.,.,.,t,.,.,.,.,.,.,.,.,.,.,,,,,,,,,,,,,,,,,,,,,,,,,,,,,,,,,,,,,,,,,,,,,,,,,,,,,,,,,,,,,,,,,,,,,,,,,,,,,,,,,,,,,,,,,
20_13,20,13,m,17,03/09/22,08/10/23,m,n,11.72,11.72,82.8,.,36.5,.,36.5,.,w,1956123,1966118,2,r,2,r,2,r,,,,,,,,,,,,,,,,,,,,,,,,,,,,,,,,,,,,,,,,,,,,,,,,,,,,,,,,,,,,,,,,,,,,,,,,,,,,,,,,,,,,,,,,,,,,,,,,,,,,,,,,,,,,
20_13,20,13,m,17,03/09/22,08/10/23,m,n,11.72,11.72,82.8,.,36.5,.,36.5,.,w,1966118,1966357,2,r,2,r,2,r,24,a,64,y,.,.,.,.,t,.,.,.,.,.,.,.,.,.,.,,,,,,,,,,,,,,,,,,,,,,,,,,,,,,,,,,,,,,,,,,,,,,,,,,,,,,,,,,,,,,,,,,,,,,,,,,,,,,,,,,,,,,,,,
20_13,20,13,m,17,03/09/22,08/10/23,m,n,11.72,11.72,82.8,.,36.5,.,36.5,.,w,1966357,1969960,2,r,2,r,2,r,,,,,,,,,,,,,,,,,,,,,,,,,,,,,,,,,,,,,,,,,,,,,,,,,,,,,,,,,,,,,,,,,,,,,,,,,,,,,,,,,,,,,,,,,,,,,,,,,,,,,,,,,,,,
20_13,20,13,m,17,03/09/22,08/10/23,m,n,11.72,11.72,82.8,.,36.5,.,36.5,.,w,1969960,1991618,2,r,2,r,2,r,25,a,65,y,.,.,.,.,t,.,.,.,.,.,.,.,.,.,.,,,,,,,,,,,,,,,,,,,,,,,,,,,,,,,,,,,,,,,,,,,,,,,,,,,,,,,,,,,,,,,,,,,,,,,,,,,,,,,,,,,,,,,,,
20_13,20,13,m,17,03/09/22,08/10/23,m,n,11.72,11.72,82.8,.,36.5,.,36.5,.,w,1991618,1991619,,,,,,,25,a,65,y,.,.,.,.,t,.,.,.,.,.,.,.,.,.,.,,,,,,,,,,,,,,,,,,,,,,,,,,,,,,,,,,,,,,,,,,,,,,,,,,,,,,,,,,,,,,,,,,,,,,,,,,,,,,,,,,,,,,,,,
20_13,20,13,m,17,03/09/22,08/10/23,m,n,11.72,11.72,82.8,.,36.5,.,36.5,.,w,1991619,2238526,,,,,,,,,,,,,,,,,,,,,,,,,,,,,,,,,,,,,,,,,,,,,,,,,,,,,,,,,,,,,,,,,,,,,,,,,,,,,,,,,,,,,,,,,,,,,,,,,,,,,,,,,,,,,,,,,,
20_13,20,13,m,17,03/09/22,08/10/23,m,n,11.72,11.72,82.8,.,36.5,.,36.5,.,w,2238526,3032698,3,b,,,,,,,,,,,,,,,,,,,,,,,,,,,,,,,,,,,,,,,,,,,,,,,,,,,,,,,,,,,,,,,,,,,,,,,,,,,,,,,,,,,,,,,,,,,,,,,,,,,,,,,,,,,,,,,,
20_13,20,13,m,17,03/09/22,08/10/23,m,n,11.72,11.72,82.8,.,36.5,.,36.5,.,w,3032698,3100596,,,,,,,,,,,,,,,,,,,,,,,,,,,,,,,,,,,,,,,,,,,,,,,,,,,,,,,,,,,,,,,,,,,,,,,,,,,,,,,,,,,,,,,,,,,,,,,,,,,,,,,,,,,,,,,,,,
20_13,20,13,m,17,03/09/22,08/10/23,m,n,11.72,11.72,82.8,.,36.5,.,36.5,.,w,3100596,3497206,4,g,,,,,,,,,,,,,,,,,,,,,,,,,,,,,,,,,,,,,,,,,,,,,,,,,,,,,,,,,,,,,,,,,,,,,,,,,,,,,,,,,,,,,,,,,,,,,,,,,,,,,,,,,,,,,,,,
20_13,20,13,m,17,03/09/22,08/10/23,m,n,11.72,11.72,82.8,.,36.5,.,36.5,.,w,3497206,3815004,,,,,,,,,,,,,,,,,,,,,,,,,,,,,,,,,,,,,,,,,,,,,,,,,,,,,,,,,,,,,,,,,,,,,,,,,,,,,,,,,,,,,,,,,,,,,,,,,,,,,,,,,,,,,,,,,,
20_13,20,13,m,17,03/09/22,08/10/23,m,n,11.72,11.72,82.8,.,36.5,.,36.5,.,w,3815004,3973070,5,m,,,,,,,,,,,,,,,,,,,,,,,,,,,,,,,,,,,,,,,,,,,,,,,,,,,,,,,,,,,,,,,,,,,,,,,,,,,,,,,,,,,,,,,,,,,,,,,,,,,,,,,,,,,,,,,,
21_07,21,07,f,13,12/11/21,01/12/23,m,n,6.14,6.15,64.5,63.9,26.4,.,26.4,.,w,166974,778702,1,p,1,p,1,p,,,,,,,,,,,,,,,,,,,,,,,,,,,,,,,,,,,,,,,,,,,,,,,,,,,,,,,,,,,,,,,,,,,,,,,,,,,,,,,,,,,,,,,,,,,,,,,,,,,,,,,,,,,,
21_07,21,07,f,13,12/11/21,01/12/23,m,n,6.14,6.15,64.5,63.9,26.4,.,26.4,.,w,778702,898382,,,,,,,,,,,,,,,,,,,,,,,,,,,,,,,,,,,,,,,,,,,,,,,,,,,,,,,,,,,,,,,,,,,,,,,,,,,,,,,,,,,,,,,,,,,,,,,,,,,,,,,,,,,,,,,,,,
21_07,21,07,f,13,12/11/21,01/12/23,m,n,6.14,6.15,64.5,63.9,26.4,.,26.4,.,w,898382,911948,2,r,2,r,2,r,,,,,,,,,,,,,,,,,,,,,,,,,,,,,,,,,,,,,,,,,,,,,,,,,,,,,,,,,,,,,,,,,,,,,,,,,,,,,,,,,,,,,,,,,,,,,,,,,,,,,,,,,,,,
21_07,21,07,f,13,12/11/21,01/12/23,m,n,6.14,6.15,64.5,63.9,26.4,.,26.4,.,w,911948,914158,2,r,2,r,2,r,1,cu,,,,,,,,,,,,,,,,,,,,,,,,,,,,,,,,,,,,,,,,,,,,,,,,,,,,,,,,,,,,,,,,,,,,,,,,,,,,,,,,,,,,,,,,,,,,,,,,,,,,,,,,,,
21_07,21,07,f,13,12/11/21,01/12/23,m,n,6.14,6.15,64.5,63.9,26.4,.,26.4,.,w,914158,914159,2,r,2,r,2,r,1,cu,,,,,,,,,,,,,,,,,,1,y,.,.,.,.,p,.,.,.,.,.,.,.,.,.,.,,,,,,,,,,,,,,,,,,,,,,,,,,,,,,,,,,,,,,,,,,,,,,,,,,,,,,,,,,,,,,,,,,,,,,,,
21_07,21,07,f,13,12/11/21,01/12/23,m,n,6.14,6.15,64.5,63.9,26.4,.,26.4,.,w,914159,915994,2,r,2,r,2,r,1,cu,,,,,,,,,,,,,,,,,,,,,,,,,,,,,,,,,,,,,,,,,,,,,,,,,,,,,,,,,,,,,,,,,,,,,,,,,,,,,,,,,,,,,,,,,,,,,,,,,,,,,,,,,,
21_07,21,07,f,13,12/11/21,01/12/23,m,n,6.14,6.15,64.5,63.9,26.4,.,26.4,.,w,915994,920585,2,r,2,r,2,r,1,cu,2,y,y,.,.,.,m,.,.,.,.,.,.,.,.,.,.,,,,,,,,,,,,,,,,,,,,,,,,,,,,,,,,,,,,,,,,,,,,,,,,,,,,,,,,,,,,,,,,,,,,,,,,,,,,,,,,,,,,,,,,,
21_07,21,07,f,13,12/11/21,01/12/23,m,n,6.14,6.15,64.5,63.9,26.4,.,26.4,.,w,920585,922318,2,r,2,r,2,r,1,cu,,,,,,,,,,,,,,,,,,,,,,,,,,,,,,,,,,,,,,,,,,,,,,,,,,,,,,,,,,,,,,,,,,,,,,,,,,,,,,,,,,,,,,,,,,,,,,,,,,,,,,,,,,
21_07,21,07,f,13,12/11/21,01/12/23,m,n,6.14,6.15,64.5,63.9,26.4,.,26.4,.,w,922318,922319,2,r,2,r,2,r,1,cu,,,,,,,,,,,,,,,,,,3,y,.,.,.,.,d,.,.,.,.,.,.,.,.,.,.,,,,,,,,,,,,,,,,,,,,,,,,,,,,,,,,,,,,,,,,,,,,,,,,,,,,,,,,,,,,,,,,,,,,,,,,
21_07,21,07,f,13,12/11/21,01/12/23,m,n,6.14,6.15,64.5,63.9,26.4,.,26.4,.,w,922319,925752,2,r,2,r,2,r,1,cu,,,,,,,,,,,,,,,,,,,,,,,,,,,,,,,,,,,,,,,,,,,,,,,,,,,,,,,,,,,,,,,,,,,,,,,,,,,,,,,,,,,,,,,,,,,,,,,,,,,,,,,,,,
21_07,21,07,f,13,12/11/21,01/12/23,m,n,6.14,6.15,64.5,63.9,26.4,.,26.4,.,w,925752,925753,2,r,2,r,2,r,1,cu,,,,,,,,,,,,,,,,,,4,y,.,.,.,.,p,.,.,.,.,.,.,.,.,.,.,,,,,,,,,,,,,,,,,,,,,,,,,,,,,,,,,,,,,,,,,,,,,,,,,,,,,,,,,,,,,,,,,,,,,,,,
21_07,21,07,f,13,12/11/21,01/12/23,m,n,6.14,6.15,64.5,63.9,26.4,.,26.4,.,w,925753,928098,2,r,2,r,2,r,1,cu,,,,,,,,,,,,,,,,,,,,,,,,,,,,,,,,,,,,,,,,,,,,,,,,,,,,,,,,,,,,,,,,,,,,,,,,,,,,,,,,,,,,,,,,,,,,,,,,,,,,,,,,,,
21_07,21,07,f,13,12/11/21,01/12/23,m,n,6.14,6.15,64.5,63.9,26.4,.,26.4,.,w,928098,928099,2,r,2,r,2,r,1,cu,,,,,,,,,,,,,,,,,,5,y,.,.,.,.,d,.,.,.,.,.,.,.,.,.,.,,,,,,,,,,,,,,,,,,,,,,,,,,,,,,,,,,,,,,,,,,,,,,,,,,,,,,,,,,,,,,,,,,,,,,,,
21_07,21,07,f,13,12/11/21,01/12/23,m,n,6.14,6.15,64.5,63.9,26.4,.,26.4,.,w,928099,933368,2,r,2,r,2,r,,,,,,,,,,,,,,,,,,,,,,,,,,,,,,,,,,,,,,,,,,,,,,,,,,,,,,,,,,,,,,,,,,,,,,,,,,,,,,,,,,,,,,,,,,,,,,,,,,,,,,,,,,,,
21_07,21,07,f,13,12/11/21,01/12/23,m,n,6.14,6.15,64.5,63.9,26.4,.,26.4,.,w,933368,933369,2,r,2,r,2,r,2,cu,,,,,,,,,,,,,,,,,,6,y,.,.,.,.,p,.,.,.,.,.,.,.,.,.,.,,,,,,,,,,,,,,,,,,,,,,,,,,,,,,,,,,,,,,,,,,,,,,,,,,,,,,,,,,,,,,,,,,,,,,,,
21_07,21,07,f,13,12/11/21,01/12/23,m,n,6.14,6.15,64.5,63.9,26.4,.,26.4,.,w,933369,935374,2,r,2,r,2,r,2,cu,,,,,,,,,,,,,,,,,,,,,,,,,,,,,,,,,,,,,,,,,,,,,,,,,,,,,,,,,,,,,,,,,,,,,,,,,,,,,,,,,,,,,,,,,,,,,,,,,,,,,,,,,,
21_07,21,07,f,13,12/11/21,01/12/23,m,n,6.14,6.15,64.5,63.9,26.4,.,26.4,.,w,935374,935375,2,r,2,r,2,r,2,cu,,,,,,,,,,,,,,,,,,7,y,.,.,.,.,d,.,.,.,.,.,.,.,.,.,.,,,,,,,,,,,,,,,,,,,,,,,,,,,,,,,,,,,,,,,,,,,,,,,,,,,,,,,,,,,,,,,,,,,,,,,,
21_07,21,07,f,13,12/11/21,01/12/23,m,n,6.14,6.15,64.5,63.9,26.4,.,26.4,.,w,935375,946934,2,r,2,r,2,r,,,,,,,,,,,,,,,,,,,,,,,,,,,,,,,,,,,,,,,,,,,,,,,,,,,,,,,,,,,,,,,,,,,,,,,,,,,,,,,,,,,,,,,,,,,,,,,,,,,,,,,,,,,,
21_07,21,07,f,13,12/11/21,01/12/23,m,n,6.14,6.15,64.5,63.9,26.4,.,26.4,.,w,946934,949756,2,r,2,r,2,r,3,t,,,,,,,,,,,,,,,,,,,,,,,,,,,,,,,,,,,,,,,,,,,,,,,,,,,,,,,,,,,,,,,,,,,,,,,,,,,,,,,,,,,,,,,,,,,,,,,,,,,,,,,,,,
21_07,21,07,f,13,12/11/21,01/12/23,m,n,6.14,6.15,64.5,63.9,26.4,.,26.4,.,w,949756,949757,2,r,2,r,2,r,3,t,,,,,,,,,,,,,,,,,,8,.,.,.,y,.,si,.,.,.,.,.,.,.,.,.,.,,,,,,,,,,,,,,,,,,,,,,,,,,,,,,,,,,,,,,,,,,,,,,,,,,,,,,,,,,,,,,,,,,,,,,,,
21_07,21,07,f,13,12/11/21,01/12/23,m,n,6.14,6.15,64.5,63.9,26.4,.,26.4,.,w,949757,954585,2,r,2,r,2,r,3,t,,,,,,,,,,,,,,,,,,,,,,,,,,,,,,,,,,,,,,,,,,,,,,,,,,,,,,,,,,,,,,,,,,,,,,,,,,,,,,,,,,,,,,,,,,,,,,,,,,,,,,,,,,
21_07,21,07,f,13,12/11/21,01/12/23,m,n,6.14,6.15,64.5,63.9,26.4,.,26.4,.,w,954585,956080,2,r,2,r,2,r,,,,,,,,,,,,,,,,,,,,,,,,,,,,,,,,,,,,,,,,,,,,,,,,,,,,,,,,,,,,,,,,,,,,,,,,,,,,,,,,,,,,,,,,,,,,,,,,,,,,,,,,,,,,
21_07,21,07,f,13,12/11/21,01/12/23,m,n,6.14,6.15,64.5,63.9,26.4,.,26.4,.,w,956080,956523,2,r,2,r,2,r,4,p,9,y,.,.,.,.,t,y,.,.,.,.,.,.,.,.,.,,,,,,,,,,,,,,,,,,,,,,,,,,,,,,,,,,,,,,,,,,,,,,,,,,,,,,,,,,,,,,,,,,,,,,,,,,,,,,,,,,,,,,,,,
21_07,21,07,f,13,12/11/21,01/12/23,m,n,6.14,6.15,64.5,63.9,26.4,.,26.4,.,w,956523,962268,2,r,2,r,2,r,4,p,,,,,,,,,,,,,,,,,,,,,,,,,,,,,,,,,,,,,,,,,,,,,,,,,,,,,,,,,,,,,,,,,,,,,,,,,,,,,,,,,,,,,,,,,,,,,,,,,,,,,,,,,,
21_07,21,07,f,13,12/11/21,01/12/23,m,n,6.14,6.15,64.5,63.9,26.4,.,26.4,.,w,962268,962269,2,r,2,r,2,r,4,p,,,,,,,,,,,,,,,,,,10,y,.,.,.,.,o,.,.,.,y,.,.,.,.,.,.,,,,,,,,,,,,,,,,,,,,,,,,,,,,,,,,,,,,,,,,,,,,,,,,,,,,,,,,,,,,,,,,,,,,,,,,
21_07,21,07,f,13,12/11/21,01/12/23,m,n,6.14,6.15,64.5,63.9,26.4,.,26.4,.,w,962269,962846,2,r,2,r,2,r,4,p,,,,,,,,,,,,,,,,,,,,,,,,,,,,,,,,,,,,,,,,,,,,,,,,,,,,,,,,,,,,,,,,,,,,,,,,,,,,,,,,,,,,,,,,,,,,,,,,,,,,,,,,,,
21_07,21,07,f,13,12/11/21,01/12/23,m,n,6.14,6.15,64.5,63.9,26.4,.,26.4,.,w,962846,962847,2,r,2,r,2,r,4,p,,,,,,,,,,,,,,,,,,11,y,.,.,.,.,d,.,.,.,.,.,.,.,.,.,.,,,,,,,,,,,,,,,,,,,,,,,,,,,,,,,,,,,,,,,,,,,,,,,,,,,,,,,,,,,,,,,,,,,,,,,,
21_07,21,07,f,13,12/11/21,01/12/23,m,n,6.14,6.15,64.5,63.9,26.4,.,26.4,.,w,962847,968796,2,r,2,r,2,r,4,p,,,,,,,,,,,,,,,,,,,,,,,,,,,,,,,,,,,,,,,,,,,,,,,,,,,,,,,,,,,,,,,,,,,,,,,,,,,,,,,,,,,,,,,,,,,,,,,,,,,,,,,,,,
21_07,21,07,f,13,12/11/21,01/12/23,m,n,6.14,6.15,64.5,63.9,26.4,.,26.4,.,w,968796,968797,2,r,2,r,2,r,4,p,,,,,,,,,,,,,,,,,,12,y,.,.,.,.,p,.,.,.,.,.,.,.,.,.,.,,,,,,,,,,,,,,,,,,,,,,,,,,,,,,,,,,,,,,,,,,,,,,,,,,,,,,,,,,,,,,,,,,,,,,,,
21_07,21,07,f,13,12/11/21,01/12/23,m,n,6.14,6.15,64.5,63.9,26.4,.,26.4,.,w,968797,969476,2,r,2,r,2,r,4,p,,,,,,,,,,,,,,,,,,,,,,,,,,,,,,,,,,,,,,,,,,,,,,,,,,,,,,,,,,,,,,,,,,,,,,,,,,,,,,,,,,,,,,,,,,,,,,,,,,,,,,,,,,
21_07,21,07,f,13,12/11/21,01/12/23,m,n,6.14,6.15,64.5,63.9,26.4,.,26.4,.,w,969476,969477,2,r,2,r,2,r,4,p,,,,,,,,,,,,,,,,,,13,y,.,.,.,.,d,.,.,.,.,.,.,.,.,.,.,,,,,,,,,,,,,,,,,,,,,,,,,,,,,,,,,,,,,,,,,,,,,,,,,,,,,,,,,,,,,,,,,,,,,,,,
21_07,21,07,f,13,12/11/21,01/12/23,m,n,6.14,6.15,64.5,63.9,26.4,.,26.4,.,w,969477,971720,2,r,2,r,2,r,4,p,,,,,,,,,,,,,,,,,,,,,,,,,,,,,,,,,,,,,,,,,,,,,,,,,,,,,,,,,,,,,,,,,,,,,,,,,,,,,,,,,,,,,,,,,,,,,,,,,,,,,,,,,,
21_07,21,07,f,13,12/11/21,01/12/23,m,n,6.14,6.15,64.5,63.9,26.4,.,26.4,.,w,971720,971721,2,r,2,r,2,r,4,p,,,,,,,,,,,,,,,,,,14,y,.,.,.,.,p,.,.,.,.,.,.,.,.,.,.,,,,,,,,,,,,,,,,,,,,,,,,,,,,,,,,,,,,,,,,,,,,,,,,,,,,,,,,,,,,,,,,,,,,,,,,
21_07,21,07,f,13,12/11/21,01/12/23,m,n,6.14,6.15,64.5,63.9,26.4,.,26.4,.,w,971721,978282,2,r,2,r,2,r,4,p,,,,,,,,,,,,,,,,,,,,,,,,,,,,,,,,,,,,,,,,,,,,,,,,,,,,,,,,,,,,,,,,,,,,,,,,,,,,,,,,,,,,,,,,,,,,,,,,,,,,,,,,,,
21_07,21,07,f,13,12/11/21,01/12/23,m,n,6.14,6.15,64.5,63.9,26.4,.,26.4,.,w,978282,978929,2,r,2,r,2,r,4,p,15,y,.,.,.,.,i,.,.,.,.,.,.,.,.,.,.,,,,,,,,,,,,,,,,,,,,,,,,,,,,,,,,,,,,,,,,,,,,,,,,,,,,,,,,,,,,,,,,,,,,,,,,,,,,,,,,,,,,,,,,,
21_07,21,07,f,13,12/11/21,01/12/23,m,n,6.14,6.15,64.5,63.9,26.4,.,26.4,.,w,978929,979948,2,r,2,r,2,r,4,p,,,,,,,,,,,,,,,,,,,,,,,,,,,,,,,,,,,,,,,,,,,,,,,,,,,,,,,,,,,,,,,,,,,,,,,,,,,,,,,,,,,,,,,,,,,,,,,,,,,,,,,,,,
21_07,21,07,f,13,12/11/21,01/12/23,m,n,6.14,6.15,64.5,63.9,26.4,.,26.4,.,w,979948,979949,2,r,2,r,2,r,4,p,,,,,,,,,,,,,,,,,,16,y,.,.,.,.,d,.,.,.,.,.,.,.,.,.,.,,,,,,,,,,,,,,,,,,,,,,,,,,,,,,,,,,,,,,,,,,,,,,,,,,,,,,,,,,,,,,,,,,,,,,,,
21_07,21,07,f,13,12/11/21,01/12/23,m,n,6.14,6.15,64.5,63.9,26.4,.,26.4,.,w,979949,982804,2,r,2,r,2,r,4,p,,,,,,,,,,,,,,,,,,,,,,,,,,,,,,,,,,,,,,,,,,,,,,,,,,,,,,,,,,,,,,,,,,,,,,,,,,,,,,,,,,,,,,,,,,,,,,,,,,,,,,,,,,
21_07,21,07,f,13,12/11/21,01/12/23,m,n,6.14,6.15,64.5,63.9,26.4,.,26.4,.,w,982804,990591,2,r,2,r,2,r,4,p,17,y,.,.,.,.,t,y,.,.,.,.,.,.,.,y,.,,,,,,,,,,,,,,,,,,,,,,,,,,,,,,,,,,,,,,,,,,,,,,,,,,,,,,,,,,,,,,,,,,,,,,,,,,,,,,,,,,,,,,,,,
21_07,21,07,f,13,12/11/21,01/12/23,m,n,6.14,6.15,64.5,63.9,26.4,.,26.4,.,w,990591,994432,2,r,2,r,2,r,4,p,,,,,,,,,,,,,,,,,,,,,,,,,,,,,,,,,,,,,,,,,,,,,,,,,,,,,,,,,,,,,,,,,,,,,,,,,,,,,,,,,,,,,,,,,,,,,,,,,,,,,,,,,,
21_07,21,07,f,13,12/11/21,01/12/23,m,n,6.14,6.15,64.5,63.9,26.4,.,26.4,.,w,994432,994433,2,r,2,r,2,r,4,p,,,,,,,,,,,,,,,,,,18,y,.,.,.,.,p,.,.,.,.,.,.,.,.,.,.,,,,,,,,,,,,,,,,,,,,,,,,,,,,,,,,,,,,,,,,,,,,,,,,,,,,,,,,,,,,,,,,,,,,,,,,
21_07,21,07,f,13,12/11/21,01/12/23,m,n,6.14,6.15,64.5,63.9,26.4,.,26.4,.,w,994433,1008610,2,r,2,r,2,r,4,p,,,,,,,,,,,,,,,,,,,,,,,,,,,,,,,,,,,,,,,,,,,,,,,,,,,,,,,,,,,,,,,,,,,,,,,,,,,,,,,,,,,,,,,,,,,,,,,,,,,,,,,,,,
21_07,21,07,f,13,12/11/21,01/12/23,m,n,6.14,6.15,64.5,63.9,26.4,.,26.4,.,w,1008610,1008611,2,r,2,r,2,r,4,p,,,,,,,,,,,,,,,,,,19,y,.,.,.,.,d,.,.,.,.,.,.,.,.,.,.,,,,,,,,,,,,,,,,,,,,,,,,,,,,,,,,,,,,,,,,,,,,,,,,,,,,,,,,,,,,,,,,,,,,,,,,
21_07,21,07,f,13,12/11/21,01/12/23,m,n,6.14,6.15,64.5,63.9,26.4,.,26.4,.,w,1008611,1012894,2,r,2,r,2,r,4,p,,,,,,,,,,,,,,,,,,,,,,,,,,,,,,,,,,,,,,,,,,,,,,,,,,,,,,,,,,,,,,,,,,,,,,,,,,,,,,,,,,,,,,,,,,,,,,,,,,,,,,,,,,
21_07,21,07,f,13,12/11/21,01/12/23,m,n,6.14,6.15,64.5,63.9,26.4,.,26.4,.,w,1012894,1012895,2,r,2,r,2,r,4,p,,,,,,,,,,,,,,,,,,20,y,.,.,.,.,f,y,.,.,.,.,.,.,.,.,y,,,,,,,,,,,,,,,,,,,,,,,,,,,,,,,,,,,,,,,,,,,,,,,,,,,,,,,,,,,,,,,,,,,,,,,,
21_07,21,07,f,13,12/11/21,01/12/23,m,n,6.14,6.15,64.5,63.9,26.4,.,26.4,.,w,1012895,1017280,2,r,2,r,2,r,,,,,,,,,,,,,,,,,,,,,,,,,,,,,,,,,,,,,,,,,,,,,,,,,,,,,,,,,,,,,,,,,,,,,,,,,,,,,,,,,,,,,,,,,,,,,,,,,,,,,,,,,,,,
21_07,21,07,f,13,12/11/21,01/12/23,m,n,6.14,6.15,64.5,63.9,26.4,.,26.4,.,w,1017280,1020068,2,r,2,r,2,r,5,p,,,,,,,,,,,,,,,,,,,,,,,,,,,,,,,,,,,,,,,,,,,,,,,,,,,,,,,,,,,,,,,,,,,,,,,,,,,,,,,,,,,,,,,,,,,,,,,,,,,,,,,,,,
21_07,21,07,f,13,12/11/21,01/12/23,m,n,6.14,6.15,64.5,63.9,26.4,.,26.4,.,w,1020068,1020069,2,r,2,r,2,r,5,p,,,,,,,,,,,,,,,,,,21,y,.,.,.,.,f,.,.,.,.,.,.,.,.,.,y,,,,,,,,,,,,,,,,,,,,,,,,,,,,,,,,,,,,,,,,,,,,,,,,,,,,,,,,,,,,,,,,,,,,,,,,
21_07,21,07,f,13,12/11/21,01/12/23,m,n,6.14,6.15,64.5,63.9,26.4,.,26.4,.,w,1020069,1022550,2,r,2,r,2,r,5,p,,,,,,,,,,,,,,,,,,,,,,,,,,,,,,,,,,,,,,,,,,,,,,,,,,,,,,,,,,,,,,,,,,,,,,,,,,,,,,,,,,,,,,,,,,,,,,,,,,,,,,,,,,
21_07,21,07,f,13,12/11/21,01/12/23,m,n,6.14,6.15,64.5,63.9,26.4,.,26.4,.,w,1022550,1026460,2,r,2,r,2,r,5,p,22,y,.,.,.,.,pu,.,.,.,.,.,.,.,.,.,.,,,,,,,,,,,,,,,,,,,,,,,,,,,,,,,,,,,,,,,,,,,,,,,,,,,,,,,,,,,,,,,,,,,,,,,,,,,,,,,,,,,,,,,,,
21_07,21,07,f,13,12/11/21,01/12/23,m,n,6.14,6.15,64.5,63.9,26.4,.,26.4,.,w,1026460,1026461,2,r,2,r,2,r,5,p,,,,,,,,,,,,,,,,,,23,y,.,.,.,.,f,.,.,.,.,.,.,.,.,.,y,,,,,,,,,,,,,,,,,,,,,,,,,,,,,,,,,,,,,,,,,,,,,,,,,,,,,,,,,,,,,,,,,,,,,,,,
21_07,21,07,f,13,12/11/21,01/12/23,m,n,6.14,6.15,64.5,63.9,26.4,.,26.4,.,w,1026461,1034280,2,r,2,r,2,r,5,p,,,,,,,,,,,,,,,,,,,,,,,,,,,,,,,,,,,,,,,,,,,,,,,,,,,,,,,,,,,,,,,,,,,,,,,,,,,,,,,,,,,,,,,,,,,,,,,,,,,,,,,,,,
21_07,21,07,f,13,12/11/21,01/12/23,m,n,6.14,6.15,64.5,63.9,26.4,.,26.4,.,w,1034280,1034281,2,r,2,r,2,r,5,p,,,,,,,,,,,,,,,,,,24,y,.,.,.,.,f,.,.,.,.,.,.,.,.,.,y,,,,,,,,,,,,,,,,,,,,,,,,,,,,,,,,,,,,,,,,,,,,,,,,,,,,,,,,,,,,,,,,,,,,,,,,
21_07,21,07,f,13,12/11/21,01/12/23,m,n,6.14,6.15,64.5,63.9,26.4,.,26.4,.,w,1034281,1034960,2,r,2,r,2,r,5,p,,,,,,,,,,,,,,,,,,,,,,,,,,,,,,,,,,,,,,,,,,,,,,,,,,,,,,,,,,,,,,,,,,,,,,,,,,,,,,,,,,,,,,,,,,,,,,,,,,,,,,,,,,
21_07,21,07,f,13,12/11/21,01/12/23,m,n,6.14,6.15,64.5,63.9,26.4,.,26.4,.,w,1034960,1034961,2,r,2,r,2,r,5,p,,,,,,,,,,,,,,,,,,25,y,.,.,.,.,f,.,.,.,.,.,.,.,.,.,y,,,,,,,,,,,,,,,,,,,,,,,,,,,,,,,,,,,,,,,,,,,,,,,,,,,,,,,,,,,,,,,,,,,,,,,,
21_07,21,07,f,13,12/11/21,01/12/23,m,n,6.14,6.15,64.5,63.9,26.4,.,26.4,.,w,1034961,1038496,2,r,2,r,2,r,5,p,,,,,,,,,,,,,,,,,,,,,,,,,,,,,,,,,,,,,,,,,,,,,,,,,,,,,,,,,,,,,,,,,,,,,,,,,,,,,,,,,,,,,,,,,,,,,,,,,,,,,,,,,,
21_07,21,07,f,13,12/11/21,01/12/23,m,n,6.14,6.15,64.5,63.9,26.4,.,26.4,.,w,1038496,1038497,2,r,2,r,2,r,5,p,,,,,,,,,,,,,,,,,,26,y,.,.,.,.,f,.,.,.,.,.,.,.,.,.,y,,,,,,,,,,,,,,,,,,,,,,,,,,,,,,,,,,,,,,,,,,,,,,,,,,,,,,,,,,,,,,,,,,,,,,,,
21_07,21,07,f,13,12/11/21,01/12/23,m,n,6.14,6.15,64.5,63.9,26.4,.,26.4,.,w,1038497,1040536,2,r,2,r,2,r,5,p,,,,,,,,,,,,,,,,,,,,,,,,,,,,,,,,,,,,,,,,,,,,,,,,,,,,,,,,,,,,,,,,,,,,,,,,,,,,,,,,,,,,,,,,,,,,,,,,,,,,,,,,,,
21_07,21,07,f,13,12/11/21,01/12/23,m,n,6.14,6.15,64.5,63.9,26.4,.,26.4,.,w,1040536,1040537,2,r,2,r,2,r,5,p,,,,,,,,,,,,,,,,,,27,y,.,.,.,.,f,.,.,.,.,.,.,.,.,.,y,,,,,,,,,,,,,,,,,,,,,,,,,,,,,,,,,,,,,,,,,,,,,,,,,,,,,,,,,,,,,,,,,,,,,,,,
21_07,21,07,f,13,12/11/21,01/12/23,m,n,6.14,6.15,64.5,63.9,26.4,.,26.4,.,w,1040537,1044038,2,r,2,r,2,r,5,p,,,,,,,,,,,,,,,,,,,,,,,,,,,,,,,,,,,,,,,,,,,,,,,,,,,,,,,,,,,,,,,,,,,,,,,,,,,,,,,,,,,,,,,,,,,,,,,,,,,,,,,,,,
21_07,21,07,f,13,12/11/21,01/12/23,m,n,6.14,6.15,64.5,63.9,26.4,.,26.4,.,w,1044038,1044039,2,r,2,r,2,r,5,p,,,,,,,,,,,,,,,,,,28,y,.,.,.,.,f,.,.,.,.,.,.,.,.,.,y,,,,,,,,,,,,,,,,,,,,,,,,,,,,,,,,,,,,,,,,,,,,,,,,,,,,,,,,,,,,,,,,,,,,,,,,
21_07,21,07,f,13,12/11/21,01/12/23,m,n,6.14,6.15,64.5,63.9,26.4,.,26.4,.,w,1044039,1049274,2,r,2,r,2,r,5,p,,,,,,,,,,,,,,,,,,,,,,,,,,,,,,,,,,,,,,,,,,,,,,,,,,,,,,,,,,,,,,,,,,,,,,,,,,,,,,,,,,,,,,,,,,,,,,,,,,,,,,,,,,
21_07,21,07,f,13,12/11/21,01/12/23,m,n,6.14,6.15,64.5,63.9,26.4,.,26.4,.,w,1049274,1049275,2,r,2,r,2,r,5,p,,,,,,,,,,,,,,,,,,29,y,.,.,.,.,f,.,.,.,.,.,.,.,.,.,y,,,,,,,,,,,,,,,,,,,,,,,,,,,,,,,,,,,,,,,,,,,,,,,,,,,,,,,,,,,,,,,,,,,,,,,,
21_07,21,07,f,13,12/11/21,01/12/23,m,n,6.14,6.15,64.5,63.9,26.4,.,26.4,.,w,1049275,1051790,2,r,2,r,2,r,5,p,,,,,,,,,,,,,,,,,,,,,,,,,,,,,,,,,,,,,,,,,,,,,,,,,,,,,,,,,,,,,,,,,,,,,,,,,,,,,,,,,,,,,,,,,,,,,,,,,,,,,,,,,,
21_07,21,07,f,13,12/11/21,01/12/23,m,n,6.14,6.15,64.5,63.9,26.4,.,26.4,.,w,1051790,1051791,2,r,2,r,2,r,5,p,,,,,,,,,,,,,,,,,,30,y,.,.,.,.,f,.,.,.,.,.,.,.,.,.,y,,,,,,,,,,,,,,,,,,,,,,,,,,,,,,,,,,,,,,,,,,,,,,,,,,,,,,,,,,,,,,,,,,,,,,,,
21_07,21,07,f,13,12/11/21,01/12/23,m,n,6.14,6.15,64.5,63.9,26.4,.,26.4,.,w,1051791,1054340,2,r,2,r,2,r,5,p,,,,,,,,,,,,,,,,,,,,,,,,,,,,,,,,,,,,,,,,,,,,,,,,,,,,,,,,,,,,,,,,,,,,,,,,,,,,,,,,,,,,,,,,,,,,,,,,,,,,,,,,,,
21_07,21,07,f,13,12/11/21,01/12/23,m,n,6.14,6.15,64.5,63.9,26.4,.,26.4,.,w,1054340,1054341,2,r,2,r,2,r,5,p,,,,,,,,,,,,,,,,,,31,y,.,.,.,.,f,.,.,.,.,.,.,.,.,.,y,,,,,,,,,,,,,,,,,,,,,,,,,,,,,,,,,,,,,,,,,,,,,,,,,,,,,,,,,,,,,,,,,,,,,,,,
21_07,21,07,f,13,12/11/21,01/12/23,m,n,6.14,6.15,64.5,63.9,26.4,.,26.4,.,w,1054341,1057876,2,r,2,r,2,r,5,p,,,,,,,,,,,,,,,,,,,,,,,,,,,,,,,,,,,,,,,,,,,,,,,,,,,,,,,,,,,,,,,,,,,,,,,,,,,,,,,,,,,,,,,,,,,,,,,,,,,,,,,,,,
21_07,21,07,f,13,12/11/21,01/12/23,m,n,6.14,6.15,64.5,63.9,26.4,.,26.4,.,w,1057876,1057877,2,r,2,r,2,r,5,p,,,,,,,,,,,,,,,,,,32,y,.,.,.,.,f,.,.,.,.,.,.,.,.,.,y,,,,,,,,,,,,,,,,,,,,,,,,,,,,,,,,,,,,,,,,,,,,,,,,,,,,,,,,,,,,,,,,,,,,,,,,
21_07,21,07,f,13,12/11/21,01/12/23,m,n,6.14,6.15,64.5,63.9,26.4,.,26.4,.,w,1057877,1058250,2,r,2,r,2,r,5,p,,,,,,,,,,,,,,,,,,,,,,,,,,,,,,,,,,,,,,,,,,,,,,,,,,,,,,,,,,,,,,,,,,,,,,,,,,,,,,,,,,,,,,,,,,,,,,,,,,,,,,,,,,
21_07,21,07,f,13,12/11/21,01/12/23,m,n,6.14,6.15,64.5,63.9,26.4,.,26.4,.,w,1058250,1058251,2,r,2,r,2,r,5,p,,,,,,,,,,,,,,,,,,33,y,.,.,.,.,p,.,.,.,.,.,.,.,.,.,.,,,,,,,,,,,,,,,,,,,,,,,,,,,,,,,,,,,,,,,,,,,,,,,,,,,,,,,,,,,,,,,,,,,,,,,,
21_07,21,07,f,13,12/11/21,01/12/23,m,n,6.14,6.15,64.5,63.9,26.4,.,26.4,.,w,1058251,1088850,2,r,2,r,2,r,5,p,,,,,,,,,,,,,,,,,,,,,,,,,,,,,,,,,,,,,,,,,,,,,,,,,,,,,,,,,,,,,,,,,,,,,,,,,,,,,,,,,,,,,,,,,,,,,,,,,,,,,,,,,,
21_07,21,07,f,13,12/11/21,01/12/23,m,n,6.14,6.15,64.5,63.9,26.4,.,26.4,.,w,1088850,1088851,2,r,2,r,2,r,5,p,,,,,,,,,,,,,,,,,,34,y,.,.,.,.,d,.,.,.,.,.,.,.,.,.,.,,,,,,,,,,,,,,,,,,,,,,,,,,,,,,,,,,,,,,,,,,,,,,,,,,,,,,,,,,,,,,,,,,,,,,,,
21_07,21,07,f,13,12/11/21,01/12/23,m,n,6.14,6.15,64.5,63.9,26.4,.,26.4,.,w,1088851,1090618,2,r,2,r,2,r,5,p,,,,,,,,,,,,,,,,,,,,,,,,,,,,,,,,,,,,,,,,,,,,,,,,,,,,,,,,,,,,,,,,,,,,,,,,,,,,,,,,,,,,,,,,,,,,,,,,,,,,,,,,,,
21_07,21,07,f,13,12/11/21,01/12/23,m,n,6.14,6.15,64.5,63.9,26.4,.,26.4,.,w,1090618,1090619,2,r,2,r,2,r,5,p,,,,,,,,,,,,,,,,,,35,y,.,.,.,.,f,.,.,.,.,.,.,.,.,.,y,,,,,,,,,,,,,,,,,,,,,,,,,,,,,,,,,,,,,,,,,,,,,,,,,,,,,,,,,,,,,,,,,,,,,,,,
21_07,21,07,f,13,12/11/21,01/12/23,m,n,6.14,6.15,64.5,63.9,26.4,.,26.4,.,w,1090619,1094869,2,r,2,r,2,r,5,p,,,,,,,,,,,,,,,,,,,,,,,,,,,,,,,,,,,,,,,,,,,,,,,,,,,,,,,,,,,,,,,,,,,,,,,,,,,,,,,,,,,,,,,,,,,,,,,,,,,,,,,,,,
21_07,21,07,f,13,12/11/21,01/12/23,m,n,6.14,6.15,64.5,63.9,26.4,.,26.4,.,w,1094869,1106972,2,r,2,r,2,r,,,,,,,,,,,,,,,,,,,,,,,,,,,,,,,,,,,,,,,,,,,,,,,,,,,,,,,,,,,,,,,,,,,,,,,,,,,,,,,,,,,,,,,,,,,,,,,,,,,,,,,,,,,,
21_07,21,07,f,13,12/11/21,01/12/23,m,n,6.14,6.15,64.5,63.9,26.4,.,26.4,.,w,1106972,1109590,2,r,2,r,2,r,6,cu,,,,,,,,,,,,,,,,,,,,,,,,,,,,,,,,,,,,,,,,,,,,,,,,,,,,,,,,,,,,,,,,,,,,,,,,,,,,,,,,,,,,,,,,,,,,,,,,,,,,,,,,,,
21_07,21,07,f,13,12/11/21,01/12/23,m,n,6.14,6.15,64.5,63.9,26.4,.,26.4,.,w,1109590,1109591,2,r,2,r,2,r,6,cu,,,,,,,,,,,,,,,,,,36,y,.,.,.,.,p,.,.,.,.,.,.,.,.,.,.,,,,,,,,,,,,,,,,,,,,,,,,,,,,,,,,,,,,,,,,,,,,,,,,,,,,,,,,,,,,,,,,,,,,,,,,
21_07,21,07,f,13,12/11/21,01/12/23,m,n,6.14,6.15,64.5,63.9,26.4,.,26.4,.,w,1109591,1111426,2,r,2,r,2,r,6,cu,,,,,,,,,,,,,,,,,,,,,,,,,,,,,,,,,,,,,,,,,,,,,,,,,,,,,,,,,,,,,,,,,,,,,,,,,,,,,,,,,,,,,,,,,,,,,,,,,,,,,,,,,,
21_07,21,07,f,13,12/11/21,01/12/23,m,n,6.14,6.15,64.5,63.9,26.4,.,26.4,.,w,1111426,1111427,2,r,2,r,2,r,6,cu,,,,,,,,,,,,,,,,,,37,y,.,.,.,.,d,.,.,.,.,.,.,.,.,.,.,,,,,,,,,,,,,,,,,,,,,,,,,,,,,,,,,,,,,,,,,,,,,,,,,,,,,,,,,,,,,,,,,,,,,,,,
21_07,21,07,f,13,12/11/21,01/12/23,m,n,6.14,6.15,64.5,63.9,26.4,.,26.4,.,w,1111427,1112547,2,r,2,r,2,r,6,cu,,,,,,,,,,,,,,,,,,,,,,,,,,,,,,,,,,,,,,,,,,,,,,,,,,,,,,,,,,,,,,,,,,,,,,,,,,,,,,,,,,,,,,,,,,,,,,,,,,,,,,,,,,
21_07,21,07,f,13,12/11/21,01/12/23,m,n,6.14,6.15,64.5,63.9,26.4,.,26.4,.,w,1112547,1116016,2,r,2,r,2,r,6,cu,38,y,.,.,.,.,pu,.,.,.,.,.,.,.,.,.,.,,,,,,,,,,,,,,,,,,,,,,,,,,,,,,,,,,,,,,,,,,,,,,,,,,,,,,,,,,,,,,,,,,,,,,,,,,,,,,,,,,,,,,,,,
21_07,21,07,f,13,12/11/21,01/12/23,m,n,6.14,6.15,64.5,63.9,26.4,.,26.4,.,w,1116016,1116017,2,r,2,r,2,r,6,cu,,,,,,,,,,,,,,,,,,39,y,.,.,.,.,p,.,.,.,.,.,.,.,.,.,.,,,,,,,,,,,,,,,,,,,,,,,,,,,,,,,,,,,,,,,,,,,,,,,,,,,,,,,,,,,,,,,,,,,,,,,,
21_07,21,07,f,13,12/11/21,01/12/23,m,n,6.14,6.15,64.5,63.9,26.4,.,26.4,.,w,1116017,1118838,2,r,2,r,2,r,6,cu,,,,,,,,,,,,,,,,,,,,,,,,,,,,,,,,,,,,,,,,,,,,,,,,,,,,,,,,,,,,,,,,,,,,,,,,,,,,,,,,,,,,,,,,,,,,,,,,,,,,,,,,,,
21_07,21,07,f,13,12/11/21,01/12/23,m,n,6.14,6.15,64.5,63.9,26.4,.,26.4,.,w,1118838,1118839,2,r,2,r,2,r,6,cu,,,,,,,,,,,,,,,,,,40,y,.,.,.,.,d,.,.,.,.,.,.,.,.,.,.,,,,,,,,,,,,,,,,,,,,,,,,,,,,,,,,,,,,,,,,,,,,,,,,,,,,,,,,,,,,,,,,,,,,,,,,
21_07,21,07,f,13,12/11/21,01/12/23,m,n,6.14,6.15,64.5,63.9,26.4,.,26.4,.,w,1118839,1121898,2,r,2,r,2,r,6,cu,,,,,,,,,,,,,,,,,,,,,,,,,,,,,,,,,,,,,,,,,,,,,,,,,,,,,,,,,,,,,,,,,,,,,,,,,,,,,,,,,,,,,,,,,,,,,,,,,,,,,,,,,,
21_07,21,07,f,13,12/11/21,01/12/23,m,n,6.14,6.15,64.5,63.9,26.4,.,26.4,.,w,1121898,1121899,2,r,2,r,2,r,6,cu,,,,,,,,,,,,,,,,,,41,y,.,.,.,.,p,.,.,.,.,.,.,.,.,.,.,,,,,,,,,,,,,,,,,,,,,,,,,,,,,,,,,,,,,,,,,,,,,,,,,,,,,,,,,,,,,,,,,,,,,,,,
21_07,21,07,f,13,12/11/21,01/12/23,m,n,6.14,6.15,64.5,63.9,26.4,.,26.4,.,w,1121899,1125026,2,r,2,r,2,r,6,cu,,,,,,,,,,,,,,,,,,,,,,,,,,,,,,,,,,,,,,,,,,,,,,,,,,,,,,,,,,,,,,,,,,,,,,,,,,,,,,,,,,,,,,,,,,,,,,,,,,,,,,,,,,
21_07,21,07,f,13,12/11/21,01/12/23,m,n,6.14,6.15,64.5,63.9,26.4,.,26.4,.,w,1125026,1125027,2,r,2,r,2,r,6,cu,,,,,,,,,,,,,,,,,,42,y,.,.,.,.,d,.,.,.,.,.,.,.,.,.,.,,,,,,,,,,,,,,,,,,,,,,,,,,,,,,,,,,,,,,,,,,,,,,,,,,,,,,,,,,,,,,,,,,,,,,,,
21_07,21,07,f,13,12/11/21,01/12/23,m,n,6.14,6.15,64.5,63.9,26.4,.,26.4,.,w,1125027,1128596,2,r,2,r,2,r,,,,,,,,,,,,,,,,,,,,,,,,,,,,,,,,,,,,,,,,,,,,,,,,,,,,,,,,,,,,,,,,,,,,,,,,,,,,,,,,,,,,,,,,,,,,,,,,,,,,,,,,,,,,
21_07,21,07,f,13,12/11/21,01/12/23,m,n,6.14,6.15,64.5,63.9,26.4,.,26.4,.,w,1128596,1128597,2,r,2,r,2,r,7,cu,,,,,,,,,,,,,,,,,,43,y,.,.,.,.,p,.,.,.,.,.,.,.,.,.,.,,,,,,,,,,,,,,,,,,,,,,,,,,,,,,,,,,,,,,,,,,,,,,,,,,,,,,,,,,,,,,,,,,,,,,,,
21_07,21,07,f,13,12/11/21,01/12/23,m,n,6.14,6.15,64.5,63.9,26.4,.,26.4,.,w,1128597,1130942,2,r,2,r,2,r,7,cu,,,,,,,,,,,,,,,,,,,,,,,,,,,,,,,,,,,,,,,,,,,,,,,,,,,,,,,,,,,,,,,,,,,,,,,,,,,,,,,,,,,,,,,,,,,,,,,,,,,,,,,,,,
21_07,21,07,f,13,12/11/21,01/12/23,m,n,6.14,6.15,64.5,63.9,26.4,.,26.4,.,w,1130942,1130943,2,r,2,r,2,r,7,cu,,,,,,,,,,,,,,,,,,44,y,.,.,.,.,d,.,.,.,.,.,.,.,.,.,.,,,,,,,,,,,,,,,,,,,,,,,,,,,,,,,,,,,,,,,,,,,,,,,,,,,,,,,,,,,,,,,,,,,,,,,,
21_07,21,07,f,13,12/11/21,01/12/23,m,n,6.14,6.15,64.5,63.9,26.4,.,26.4,.,w,1130943,1132506,2,r,2,r,2,r,7,cu,,,,,,,,,,,,,,,,,,,,,,,,,,,,,,,,,,,,,,,,,,,,,,,,,,,,,,,,,,,,,,,,,,,,,,,,,,,,,,,,,,,,,,,,,,,,,,,,,,,,,,,,,,
21_07,21,07,f,13,12/11/21,01/12/23,m,n,6.14,6.15,64.5,63.9,26.4,.,26.4,.,w,1132506,1132507,2,r,2,r,2,r,7,cu,,,,,,,,,,,,,,,,,,45,y,.,.,.,.,p,.,.,.,.,.,.,.,.,.,.,,,,,,,,,,,,,,,,,,,,,,,,,,,,,,,,,,,,,,,,,,,,,,,,,,,,,,,,,,,,,,,,,,,,,,,,
21_07,21,07,f,13,12/11/21,01/12/23,m,n,6.14,6.15,64.5,63.9,26.4,.,26.4,.,w,1132507,1134137,2,r,2,r,2,r,7,cu,,,,,,,,,,,,,,,,,,,,,,,,,,,,,,,,,,,,,,,,,,,,,,,,,,,,,,,,,,,,,,,,,,,,,,,,,,,,,,,,,,,,,,,,,,,,,,,,,,,,,,,,,,
21_07,21,07,f,13,12/11/21,01/12/23,m,n,6.14,6.15,64.5,63.9,26.4,.,26.4,.,w,1134137,1134138,2,r,2,r,2,r,7,cu,,,,,,,,,,,,,,,,,,46,y,.,.,.,.,d,.,.,.,.,.,.,.,.,.,.,,,,,,,,,,,,,,,,,,,,,,,,,,,,,,,,,,,,,,,,,,,,,,,,,,,,,,,,,,,,,,,,,,,,,,,,
21_07,21,07,f,13,12/11/21,01/12/23,m,n,6.14,6.15,64.5,63.9,26.4,.,26.4,.,w,1134138,1137129,2,r,2,r,2,r,7,cu,,,,,,,,,,,,,,,,,,,,,,,,,,,,,,,,,,,,,,,,,,,,,,,,,,,,,,,,,,,,,,,,,,,,,,,,,,,,,,,,,,,,,,,,,,,,,,,,,,,,,,,,,,
21_07,21,07,f,13,12/11/21,01/12/23,m,n,6.14,6.15,64.5,63.9,26.4,.,26.4,.,w,1137129,1137130,2,r,2,r,2,r,7,cu,,,,,,,,,,,,,,,,,,47,y,.,.,.,.,p,.,.,.,.,.,.,.,.,.,.,,,,,,,,,,,,,,,,,,,,,,,,,,,,,,,,,,,,,,,,,,,,,,,,,,,,,,,,,,,,,,,,,,,,,,,,
21_07,21,07,f,13,12/11/21,01/12/23,m,n,6.14,6.15,64.5,63.9,26.4,.,26.4,.,w,1137130,1139374,2,r,2,r,2,r,7,cu,,,,,,,,,,,,,,,,,,,,,,,,,,,,,,,,,,,,,,,,,,,,,,,,,,,,,,,,,,,,,,,,,,,,,,,,,,,,,,,,,,,,,,,,,,,,,,,,,,,,,,,,,,
21_07,21,07,f,13,12/11/21,01/12/23,m,n,6.14,6.15,64.5,63.9,26.4,.,26.4,.,w,1139374,1139375,2,r,2,r,2,r,7,cu,,,,,,,,,,,,,,,,,,48,y,.,.,.,.,d,.,.,.,.,.,.,.,.,.,.,,,,,,,,,,,,,,,,,,,,,,,,,,,,,,,,,,,,,,,,,,,,,,,,,,,,,,,,,,,,,,,,,,,,,,,,
21_07,21,07,f,13,12/11/21,01/12/23,m,n,6.14,6.15,64.5,63.9,26.4,.,26.4,.,w,1139375,1170654,2,r,2,r,2,r,,,,,,,,,,,,,,,,,,,,,,,,,,,,,,,,,,,,,,,,,,,,,,,,,,,,,,,,,,,,,,,,,,,,,,,,,,,,,,,,,,,,,,,,,,,,,,,,,,,,,,,,,,,,
21_07,21,07,f,13,12/11/21,01/12/23,m,n,6.14,6.15,64.5,63.9,26.4,.,26.4,.,w,1170654,1170655,2,r,2,r,2,r,8,r,,,,,,,,,,,,,,,,,,49,y,.,.,.,.,p,.,.,.,.,.,.,.,.,.,.,,,,,,,,,,,,,,,,,,,,,,,,,,,,,,,,,,,,,,,,,,,,,,,,,,,,,,,,,,,,,,,,,,,,,,,,
21_07,21,07,f,13,12/11/21,01/12/23,m,n,6.14,6.15,64.5,63.9,26.4,.,26.4,.,w,1170655,1172490,2,r,2,r,2,r,8,r,,,,,,,,,,,,,,,,,,,,,,,,,,,,,,,,,,,,,,,,,,,,,,,,,,,,,,,,,,,,,,,,,,,,,,,,,,,,,,,,,,,,,,,,,,,,,,,,,,,,,,,,,,
21_07,21,07,f,13,12/11/21,01/12/23,m,n,6.14,6.15,64.5,63.9,26.4,.,26.4,.,w,1172490,1180209,2,r,2,r,2,r,8,r,50,y,.,.,.,.,s,y,.,.,.,.,.,.,.,.,.,,,,,,,,,,,,,,,,,,,,,,,,,,,,,,,,,,,,,,,,,,,,,,,,,,,,,,,,,,,,,,,,,,,,,,,,,,,,,,,,,,,,,,,,,
21_07,21,07,f,13,12/11/21,01/12/23,m,n,6.14,6.15,64.5,63.9,26.4,.,26.4,.,w,1180209,1186532,2,r,2,r,2,r,8,r,,,,,,,,,,,,,,,,,,,,,,,,,,,,,,,,,,,,,,,,,,,,,,,,,,,,,,,,,,,,,,,,,,,,,,,,,,,,,,,,,,,,,,,,,,,,,,,,,,,,,,,,,,
21_07,21,07,f,13,12/11/21,01/12/23,m,n,6.14,6.15,64.5,63.9,26.4,.,26.4,.,w,1186532,1188097,2,r,2,r,2,r,8,r,51,y,.,.,.,.,s,y,.,.,.,.,.,.,.,.,.,,,,,,,,,,,,,,,,,,,,,,,,,,,,,,,,,,,,,,,,,,,,,,,,,,,,,,,,,,,,,,,,,,,,,,,,,,,,,,,,,,,,,,,,,
21_07,21,07,f,13,12/11/21,01/12/23,m,n,6.14,6.15,64.5,63.9,26.4,.,26.4,.,w,1188097,1193366,2,r,2,r,2,r,8,r,,,,,,,,,,,,,,,,,,,,,,,,,,,,,,,,,,,,,,,,,,,,,,,,,,,,,,,,,,,,,,,,,,,,,,,,,,,,,,,,,,,,,,,,,,,,,,,,,,,,,,,,,,
21_07,21,07,f,13,12/11/21,01/12/23,m,n,6.14,6.15,64.5,63.9,26.4,.,26.4,.,w,1193366,1199214,2,r,2,r,2,r,8,r,52,y,.,.,.,.,s,y,.,.,.,.,.,.,.,.,.,,,,,,,,,,,,,,,,,,,,,,,,,,,,,,,,,,,,,,,,,,,,,,,,,,,,,,,,,,,,,,,,,,,,,,,,,,,,,,,,,,,,,,,,,
21_07,21,07,f,13,12/11/21,01/12/23,m,n,6.14,6.15,64.5,63.9,26.4,.,26.4,.,w,1199214,1199215,2,r,2,r,2,r,8,r,52,y,.,.,.,.,s,y,.,.,.,.,.,.,.,.,.,53,y,.,.,.,.,hi,.,.,.,.,.,.,.,.,.,.,,,,,,,,,,,,,,,,,,,,,,,,,,,,,,,,,,,,,,,,,,,,,,,,,,,,,,,,,,,,,,,,,,,,,,,,
21_07,21,07,f,13,12/11/21,01/12/23,m,n,6.14,6.15,64.5,63.9,26.4,.,26.4,.,w,1199215,1203804,2,r,2,r,2,r,8,r,,,,,,,,,,,,,,,,,,,,,,,,,,,,,,,,,,,,,,,,,,,,,,,,,,,,,,,,,,,,,,,,,,,,,,,,,,,,,,,,,,,,,,,,,,,,,,,,,,,,,,,,,,
21_07,21,07,f,13,12/11/21,01/12/23,m,n,6.14,6.15,64.5,63.9,26.4,.,26.4,.,w,1203804,1212712,2,r,2,r,2,r,8,r,54,y,.,.,.,.,s,y,.,.,.,.,.,.,.,.,.,,,,,,,,,,,,,,,,,,,,,,,,,,,,,,,,,,,,,,,,,,,,,,,,,,,,,,,,,,,,,,,,,,,,,,,,,,,,,,,,,,,,,,,,,
21_07,21,07,f,13,12/11/21,01/12/23,m,n,6.14,6.15,64.5,63.9,26.4,.,26.4,.,w,1212712,1213495,2,r,2,r,2,r,8,r,54,y,.,.,.,.,s,y,.,.,.,.,.,.,.,.,.,,,,,,,,,,,,,,,,,,1,pb,66,.,.,.,.,y,hi,.,.,.,.,.,.,.,.,.,.,,,,,,,,,,,,,,,,,,,,,,,,,,,,,,,,,,,,,,,,,,,,,,,,,,,,,
21_07,21,07,f,13,12/11/21,01/12/23,m,n,6.14,6.15,64.5,63.9,26.4,.,26.4,.,w,1213495,1220329,2,r,2,r,2,r,8,r,54,y,.,.,.,.,s,y,.,.,.,.,.,.,.,.,.,,,,,,,,,,,,,,,,,,,,,,,,,,,,,,,,,,,,,,,,,,,,,,,,,,,,,,,,,,,,,,,,,,,,,,,,,,,,,,,,,,,,,,,,,
21_07,21,07,f,13,12/11/21,01/12/23,m,n,6.14,6.15,64.5,63.9,26.4,.,26.4,.,w,1220329,1221246,2,r,2,r,2,r,8,r,,,,,,,,,,,,,,,,,,,,,,,,,,,,,,,,,,,,,,,,,,,,,,,,,,,,,,,,,,,,,,,,,,,,,,,,,,,,,,,,,,,,,,,,,,,,,,,,,,,,,,,,,,
21_07,21,07,f,13,12/11/21,01/12/23,m,n,6.14,6.15,64.5,63.9,26.4,.,26.4,.,w,1221246,1221247,2,r,2,r,2,r,8,r,,,,,,,,,,,,,,,,,,55,y,.,.,.,.,d,.,.,.,.,.,.,.,.,.,.,,,,,,,,,,,,,,,,,,,,,,,,,,,,,,,,,,,,,,,,,,,,,,,,,,,,,,,,,,,,,,,,,,,,,,,,
21_07,21,07,f,13,12/11/21,01/12/23,m,n,6.14,6.15,64.5,63.9,26.4,.,26.4,.,w,1221247,1225517,2,r,2,r,2,r,8,r,,,,,,,,,,,,,,,,,,,,,,,,,,,,,,,,,,,,,,,,,,,,,,,,,,,,,,,,,,,,,,,,,,,,,,,,,,,,,,,,,,,,,,,,,,,,,,,,,,,,,,,,,,
21_07,21,07,f,13,12/11/21,01/12/23,m,n,6.14,6.15,64.5,63.9,26.4,.,26.4,.,w,1225517,1240524,2,r,2,r,2,r,,,,,,,,,,,,,,,,,,,,,,,,,,,,,,,,,,,,,,,,,,,,,,,,,,,,,,,,,,,,,,,,,,,,,,,,,,,,,,,,,,,,,,,,,,,,,,,,,,,,,,,,,,,,
21_07,21,07,f,13,12/11/21,01/12/23,m,n,6.14,6.15,64.5,63.9,26.4,.,26.4,.,w,1240524,1243040,2,r,2,r,2,r,9,r,,,,,,,,,,,,,,,,,,,,,,,,,,,,,,,,,,,,,,,,,,,,,,,,,,,,,,,,,,,,,,,,,,,,,,,,,,,,,,,,,,,,,,,,,,,,,,,,,,,,,,,,,,
21_07,21,07,f,13,12/11/21,01/12/23,m,n,6.14,6.15,64.5,63.9,26.4,.,26.4,.,w,1243040,1243041,2,r,2,r,2,r,9,r,,,,,,,,,,,,,,,,,,56,y,.,.,.,.,p,.,.,.,.,.,.,.,.,.,.,,,,,,,,,,,,,,,,,,,,,,,,,,,,,,,,,,,,,,,,,,,,,,,,,,,,,,,,,,,,,,,,,,,,,,,,
21_07,21,07,f,13,12/11/21,01/12/23,m,n,6.14,6.15,64.5,63.9,26.4,.,26.4,.,w,1243041,1244094,2,r,2,r,2,r,9,r,,,,,,,,,,,,,,,,,,,,,,,,,,,,,,,,,,,,,,,,,,,,,,,,,,,,,,,,,,,,,,,,,,,,,,,,,,,,,,,,,,,,,,,,,,,,,,,,,,,,,,,,,,
21_07,21,07,f,13,12/11/21,01/12/23,m,n,6.14,6.15,64.5,63.9,26.4,.,26.4,.,w,1244094,1248787,2,r,2,r,2,r,9,r,57,y,.,.,.,.,s,y,.,.,.,.,.,.,.,.,.,,,,,,,,,,,,,,,,,,,,,,,,,,,,,,,,,,,,,,,,,,,,,,,,,,,,,,,,,,,,,,,,,,,,,,,,,,,,,,,,,,,,,,,,,
21_07,21,07,f,13,12/11/21,01/12/23,m,n,6.14,6.15,64.5,63.9,26.4,.,26.4,.,w,1248787,1259462,2,r,2,r,2,r,9,r,,,,,,,,,,,,,,,,,,,,,,,,,,,,,,,,,,,,,,,,,,,,,,,,,,,,,,,,,,,,,,,,,,,,,,,,,,,,,,,,,,,,,,,,,,,,,,,,,,,,,,,,,,
21_07,21,07,f,13,12/11/21,01/12/23,m,n,6.14,6.15,64.5,63.9,26.4,.,26.4,.,w,1259462,1263373,2,r,2,r,2,r,9,r,,,,,,,,,,,,,,,,,,,,,,,,,,,,,,,,,,,2,m,66,.,.,y,.,.,t,.,.,.,.,.,.,.,.,.,.,,,,,,,,,,,,,,,,,,,,,,,,,,,,,,,,,,,,,,,,,,,,,,,,,,,,,
21_07,21,07,f,13,12/11/21,01/12/23,m,n,6.14,6.15,64.5,63.9,26.4,.,26.4,.,w,1263373,1268914,2,r,2,r,2,r,9,r,,,,,,,,,,,,,,,,,,,,,,,,,,,,,,,,,,,,,,,,,,,,,,,,,,,,,,,,,,,,,,,,,,,,,,,,,,,,,,,,,,,,,,,,,,,,,,,,,,,,,,,,,,
21_07,21,07,f,13,12/11/21,01/12/23,m,n,6.14,6.15,64.5,63.9,26.4,.,26.4,.,w,1268914,1274252,2,r,2,r,2,r,9,r,58,y,.,.,.,.,s,y,.,.,.,.,.,.,.,.,.,,,,,,,,,,,,,,,,,,,,,,,,,,,,,,,,,,,,,,,,,,,,,,,,,,,,,,,,,,,,,,,,,,,,,,,,,,,,,,,,,,,,,,,,,
21_07,21,07,f,13,12/11/21,01/12/23,m,n,6.14,6.15,64.5,63.9,26.4,.,26.4,.,w,1274252,1279931,2,r,2,r,2,r,9,r,58,y,.,.,.,.,s,y,.,.,.,.,.,.,.,.,.,,,,,,,,,,,,,,,,,,3,a,66,.,.,.,.,y,hi,y,.,.,.,.,.,.,.,.,.,,,,,,,,,,,,,,,,,,,,,,,,,,,,,,,,,,,,,,,,,,,,,,,,,,,,,
21_07,21,07,f,13,12/11/21,01/12/23,m,n,6.14,6.15,64.5,63.9,26.4,.,26.4,.,w,1279931,1282378,2,r,2,r,2,r,9,r,,,,,,,,,,,,,,,,,,,,,,,,,,,,,,,,,,,,,,,,,,,,,,,,,,,,,,,,,,,,,,,,,,,,,,,,,,,,,,,,,,,,,,,,,,,,,,,,,,,,,,,,,,
21_07,21,07,f,13,12/11/21,01/12/23,m,n,6.14,6.15,64.5,63.9,26.4,.,26.4,.,w,1282378,1292612,2,r,2,r,2,r,9,r,59,y,.,.,.,.,s,y,.,.,.,.,.,.,.,.,.,,,,,,,,,,,,,,,,,,,,,,,,,,,,,,,,,,,,,,,,,,,,,,,,,,,,,,,,,,,,,,,,,,,,,,,,,,,,,,,,,,,,,,,,,
21_07,21,07,f,13,12/11/21,01/12/23,m,n,6.14,6.15,64.5,63.9,26.4,.,26.4,.,w,1292612,1292885,2,r,2,r,2,r,9,r,59,y,.,.,.,.,s,y,.,.,.,.,.,.,.,.,.,,,,,,,,,,,,,,,,,,4,a,66,.,.,.,.,y,hi,y,.,.,.,.,.,.,.,.,.,,,,,,,,,,,,,,,,,,,,,,,,,,,,,,,,,,,,,,,,,,,,,,,,,,,,,
21_07,21,07,f,13,12/11/21,01/12/23,m,n,6.14,6.15,64.5,63.9,26.4,.,26.4,.,w,1292885,1296488,2,r,2,r,2,r,9,r,59,y,.,.,.,.,s,y,.,.,.,.,.,.,.,.,.,,,,,,,,,,,,,,,,,,,,,,,,,,,,,,,,,,,,,,,,,,,,,,,,,,,,,,,,,,,,,,,,,,,,,,,,,,,,,,,,,,,,,,,,,
21_07,21,07,f,13,12/11/21,01/12/23,m,n,6.14,6.15,64.5,63.9,26.4,.,26.4,.,w,1296488,1298257,2,r,2,r,2,r,9,r,59,y,.,.,.,.,s,y,.,.,.,.,.,.,.,.,.,,,,,,,,,,,,,,,,,,5,a,66,y,.,.,.,.,t,.,.,.,.,.,.,.,.,.,.,,,,,,,,,,,,,,,,,,,,,,,,,,,,,,,,,,,,,,,,,,,,,,,,,,,,,
21_07,21,07,f,13,12/11/21,01/12/23,m,n,6.14,6.15,64.5,63.9,26.4,.,26.4,.,w,1298257,1309171,2,r,2,r,2,r,9,r,,,,,,,,,,,,,,,,,,,,,,,,,,,,,,,,,,,5,a,66,y,.,.,.,.,t,.,.,.,.,.,.,.,.,.,.,,,,,,,,,,,,,,,,,,,,,,,,,,,,,,,,,,,,,,,,,,,,,,,,,,,,,
21_07,21,07,f,13,12/11/21,01/12/23,m,n,6.14,6.15,64.5,63.9,26.4,.,26.4,.,w,1309171,1310224,2,r,2,r,2,r,9,r,,,,,,,,,,,,,,,,,,,,,,,,,,,,,,,,,,,,,,,,,,,,,,,,,,,,,,,,,,,,,,,,,,,,,,,,,,,,,,,,,,,,,,,,,,,,,,,,,,,,,,,,,,
21_07,21,07,f,13,12/11/21,01/12/23,m,n,6.14,6.15,64.5,63.9,26.4,.,26.4,.,w,1310224,1321819,2,r,2,r,2,r,9,r,60,y,.,.,.,.,s,y,.,.,.,.,.,.,.,.,.,,,,,,,,,,,,,,,,,,,,,,,,,,,,,,,,,,,,,,,,,,,,,,,,,,,,,,,,,,,,,,,,,,,,,,,,,,,,,,,,,,,,,,,,,
21_07,21,07,f,13,12/11/21,01/12/23,m,n,6.14,6.15,64.5,63.9,26.4,.,26.4,.,w,1321819,1332426,2,r,2,r,2,r,9,r,,,,,,,,,,,,,,,,,,,,,,,,,,,,,,,,,,,,,,,,,,,,,,,,,,,,,,,,,,,,,,,,,,,,,,,,,,,,,,,,,,,,,,,,,,,,,,,,,,,,,,,,,,
21_07,21,07,f,13,12/11/21,01/12/23,m,n,6.14,6.15,64.5,63.9,26.4,.,26.4,.,w,1332426,1332427,2,r,2,r,2,r,9,r,,,,,,,,,,,,,,,,,,61,y,.,.,.,.,d,y,.,.,.,.,.,.,.,.,.,,,,,,,,,,,,,,,,,,,,,,,,,,,,,,,,,,,,,,,,,,,,,,,,,,,,,,,,,,,,,,,,,,,,,,,,
21_07,21,07,f,13,12/11/21,01/12/23,m,n,6.14,6.15,64.5,63.9,26.4,.,26.4,.,w,1332427,1334432,2,r,2,r,2,r,,,,,,,,,,,,,,,,,,,,,,,,,,,,,,,,,,,,,,,,,,,,,,,,,,,,,,,,,,,,,,,,,,,,,,,,,,,,,,,,,,,,,,,,,,,,,,,,,,,,,,,,,,,,
21_07,21,07,f,13,12/11/21,01/12/23,m,n,6.14,6.15,64.5,63.9,26.4,.,26.4,.,w,1334432,1359898,2,r,2,r,2,r,10,m,62,y,.,.,.,.,t,y,.,.,.,.,.,.,.,.,.,,,,,,,,,,,,,,,,,,,,,,,,,,,,,,,,,,,,,,,,,,,,,,,,,,,,,,,,,,,,,,,,,,,,,,,,,,,,,,,,,,,,,,,,,
21_07,21,07,f,13,12/11/21,01/12/23,m,n,6.14,6.15,64.5,63.9,26.4,.,26.4,.,w,1359898,1359899,2,r,2,r,2,r,10,m,62,y,.,.,.,.,t,y,.,.,.,.,.,.,.,.,.,,,,,,,,,,,,,,,,,,6,r,,,,,,,,,,,,,,,,,,66,y,.,.,.,.,p,.,.,.,.,.,.,.,.,.,.,,,,,,,,,,,,,,,,,,,,,,,,,,,,,,,,,,,,
21_07,21,07,f,13,12/11/21,01/12/23,m,n,6.14,6.15,64.5,63.9,26.4,.,26.4,.,w,1359899,1360341,2,r,2,r,2,r,10,m,62,y,.,.,.,.,t,y,.,.,.,.,.,.,.,.,.,,,,,,,,,,,,,,,,,,6,r,,,,,,,,,,,,,,,,,,,,,,,,,,,,,,,,,,,,,,,,,,,,,,,,,,,,,,,,,,,,,,,,,,,,,,
21_07,21,07,f,13,12/11/21,01/12/23,m,n,6.14,6.15,64.5,63.9,26.4,.,26.4,.,w,1360341,1360817,2,r,2,r,2,r,10,m,,,,,,,,,,,,,,,,,,,,,,,,,,,,,,,,,,,6,r,,,,,,,,,,,,,,,,,,,,,,,,,,,,,,,,,,,,,,,,,,,,,,,,,,,,,,,,,,,,,,,,,,,,,,
21_07,21,07,f,13,12/11/21,01/12/23,m,n,6.14,6.15,64.5,63.9,26.4,.,26.4,.,w,1360817,1369554,2,r,2,r,2,r,,,,,,,,,,,,,,,,,,,,,,,,,,,,,,,,,,,,,6,r,,,,,,,,,,,,,,,,,,,,,,,,,,,,,,,,,,,,,,,,,,,,,,,,,,,,,,,,,,,,,,,,,,,,,,
21_07,21,07,f,13,12/11/21,01/12/23,m,n,6.14,6.15,64.5,63.9,26.4,.,26.4,.,w,1369554,1371153,2,r,2,r,2,r,,,,,,,,,,,,,,,,,,,,,,,,,,,,,,,,,,,,,6,r,66,y,.,.,.,.,s,y,.,.,.,.,.,.,.,.,.,,,,,,,,,,,,,,,,,,,,,,,,,,,,,,,,,,,,,,,,,,,,,,,,,,,,,
21_07,21,07,f,13,12/11/21,01/12/23,m,n,6.14,6.15,64.5,63.9,26.4,.,26.4,.,w,1371153,1374348,2,r,2,r,2,r,,,,,,,,,,,,,,,,,,,,,,,,,,,,,,,,,,,,,6,r,,,,,,,,,,,,,,,,,,,,,,,,,,,,,,,,,,,,,,,,,,,,,,,,,,,,,,,,,,,,,,,,,,,,,,
21_07,21,07,f,13,12/11/21,01/12/23,m,n,6.14,6.15,64.5,63.9,26.4,.,26.4,.,w,1374348,1380503,2,r,2,r,2,r,,,,,,,,,,,,,,,,,,,,,,,,,,,,,,,,,,,,,6,r,66,y,.,.,.,.,s,y,.,.,.,.,.,.,.,.,.,,,,,,,,,,,,,,,,,,,,,,,,,,,,,,,,,,,,,,,,,,,,,,,,,,,,,
21_07,21,07,f,13,12/11/21,01/12/23,m,n,6.14,6.15,64.5,63.9,26.4,.,26.4,.,w,1380503,1382270,2,r,2,r,2,r,,,,,,,,,,,,,,,,,,,,,,,,,,,,,,,,,,,,,6,r,,,,,,,,,,,,,,,,,,,,,,,,,,,,,,,,,,,,,,,,,,,,,,,,,,,,,,,,,,,,,,,,,,,,,,
21_07,21,07,f,13,12/11/21,01/12/23,m,n,6.14,6.15,64.5,63.9,26.4,.,26.4,.,w,1382270,1398081,2,r,2,r,2,r,11,s,63,y,.,.,.,.,pu,.,.,.,.,.,.,.,.,.,.,,,,,,,,,,,,,,,,,,6,r,,,,,,,,,,,,,,,,,,,,,,,,,,,,,,,,,,,,,,,,,,,,,,,,,,,,,,,,,,,,,,,,,,,,,,
21_07,21,07,f,13,12/11/21,01/12/23,m,n,6.14,6.15,64.5,63.9,26.4,.,26.4,.,w,1398081,1400222,2,r,2,r,2,r,,,,,,,,,,,,,,,,,,,,,,,,,,,,,,,,,,,,,6,r,,,,,,,,,,,,,,,,,,,,,,,,,,,,,,,,,,,,,,,,,,,,,,,,,,,,,,,,,,,,,,,,,,,,,,
21_07,21,07,f,13,12/11/21,01/12/23,m,n,6.14,6.15,64.5,63.9,26.4,.,26.4,.,w,1400222,1408145,2,r,2,r,2,r,,,,,,,,,,,,,,,,,,,,,,,,,,,,,,,,,,,,,6,r,66,y,.,.,.,.,s,y,.,.,.,.,.,.,.,.,.,,,,,,,,,,,,,,,,,,,,,,,,,,,,,,,,,,,,,,,,,,,,,,,,,,,,,
21_07,21,07,f,13,12/11/21,01/12/23,m,n,6.14,6.15,64.5,63.9,26.4,.,26.4,.,w,1408145,1438404,2,r,2,r,2,r,,,,,,,,,,,,,,,,,,,,,,,,,,,,,,,,,,,,,6,r,,,,,,,,,,,,,,,,,,,,,,,,,,,,,,,,,,,,,,,,,,,,,,,,,,,,,,,,,,,,,,,,,,,,,,
21_07,21,07,f,13,12/11/21,01/12/23,m,n,6.14,6.15,64.5,63.9,26.4,.,26.4,.,w,1438404,1441328,2,r,2,r,2,r,12,s,,,,,,,,,,,,,,,,,,,,,,,,,,,,,,,,,,,6,r,,,,,,,,,,,,,,,,,,,,,,,,,,,,,,,,,,,,,,,,,,,,,,,,,,,,,,,,,,,,,,,,,,,,,,
21_07,21,07,f,13,12/11/21,01/12/23,m,n,6.14,6.15,64.5,63.9,26.4,.,26.4,.,w,1441328,1442383,2,r,2,r,2,r,12,s,,,,,,,,,,,,,,,,,,,,,,,,,,,,,,,,,,,6,r,66,y,.,.,.,.,s,y,.,.,.,.,.,.,.,.,.,,,,,,,,,,,,,,,,,,,,,,,,,,,,,,,,,,,,,,,,,,,,,,,,,,,,,
21_07,21,07,f,13,12/11/21,01/12/23,m,n,6.14,6.15,64.5,63.9,26.4,.,26.4,.,w,1442383,1449251,2,r,2,r,2,r,12,s,,,,,,,,,,,,,,,,,,,,,,,,,,,,,,,,,,,6,r,,,,,,,,,,,,,,,,,,,,,,,,,,,,,,,,,,,,,,,,,,,,,,,,,,,,,,,,,,,,,,,,,,,,,,
21_07,21,07,f,13,12/11/21,01/12/23,m,n,6.14,6.15,64.5,63.9,26.4,.,26.4,.,w,1449251,1455880,2,r,2,r,2,r,,,,,,,,,,,,,,,,,,,,,,,,,,,,,,,,,,,,,6,r,,,,,,,,,,,,,,,,,,,,,,,,,,,,,,,,,,,,,,,,,,,,,,,,,,,,,,,,,,,,,,,,,,,,,,
21_07,21,07,f,13,12/11/21,01/12/23,m,n,6.14,6.15,64.5,63.9,26.4,.,26.4,.,w,1455880,1455881,2,r,2,r,2,r,,,,,,,,,,,,,,,,,,,,,,,,,,,,,,,,,,,,,6,r,,,,,,,,,,,,,,,,,,66,y,.,.,.,.,d,.,.,.,.,.,.,.,.,.,.,,,,,,,,,,,,,,,,,,,,,,,,,,,,,,,,,,,,
21_07,21,07,f,13,12/11/21,01/12/23,m,n,6.14,6.15,64.5,63.9,26.4,.,26.4,.,w,1455881,1457342,2,r,2,r,2,r,,,,,,,,,,,,,,,,,,,,,,,,,,,,,,,,,,,,,,,,,,,,,,,,,,,,,,,,,,,,,,,,,,,,,,,,,,,,,,,,,,,,,,,,,,,,,,,,,,,,,,,,,,,,
21_07,21,07,f,13,12/11/21,01/12/23,m,n,6.14,6.15,64.5,63.9,26.4,.,26.4,.,w,1457342,1458975,2,r,2,r,2,r,13,s,64,y,.,.,.,.,pu,.,.,.,.,.,.,.,.,.,.,,,,,,,,,,,,,,,,,,,,,,,,,,,,,,,,,,,,,,,,,,,,,,,,,,,,,,,,,,,,,,,,,,,,,,,,,,,,,,,,,,,,,,,,,
21_07,21,07,f,13,12/11/21,01/12/23,m,n,6.14,6.15,64.5,63.9,26.4,.,26.4,.,w,1458975,1462408,2,r,2,r,2,r,13,s,,,,,,,,,,,,,,,,,,,,,,,,,,,,,,,,,,,,,,,,,,,,,,,,,,,,,,,,,,,,,,,,,,,,,,,,,,,,,,,,,,,,,,,,,,,,,,,,,,,,,,,,,,
21_07,21,07,f,13,12/11/21,01/12/23,m,n,6.14,6.15,64.5,63.9,26.4,.,26.4,.,w,1462408,1467168,2,r,2,r,2,r,13,s,65,y,.,.,.,.,pu,.,.,.,.,.,.,.,.,.,.,,,,,,,,,,,,,,,,,,,,,,,,,,,,,,,,,,,,,,,,,,,,,,,,,,,,,,,,,,,,,,,,,,,,,,,,,,,,,,,,,,,,,,,,,
21_07,21,07,f,13,12/11/21,01/12/23,m,n,6.14,6.15,64.5,63.9,26.4,.,26.4,.,w,1467168,1477675,2,r,2,r,2,r,13,s,65,y,.,.,.,.,pu,.,.,.,.,.,.,.,.,.,.,,,,,,,,,,,,,,,,,,7,a,66,y,.,.,.,.,t,y,.,.,.,.,.,.,.,.,.,,,,,,,,,,,,,,,,,,,,,,,,,,,,,,,,,,,,,,,,,,,,,,,,,,,,,
21_07,21,07,f,13,12/11/21,01/12/23,m,n,6.14,6.15,64.5,63.9,26.4,.,26.4,.,w,1477675,1483386,2,r,2,r,2,r,13,s,65,y,.,.,.,.,pu,.,.,.,.,.,.,.,.,.,.,,,,,,,,,,,,,,,,,,,,,,,,,,,,,,,,,,,,,,,,,,,,,,,,,,,,,,,,,,,,,,,,,,,,,,,,,,,,,,,,,,,,,,,,,
21_07,21,07,f,13,12/11/21,01/12/23,m,n,6.14,6.15,64.5,63.9,26.4,.,26.4,.,w,1483386,1483387,2,r,2,r,2,r,13,s,65,y,.,.,.,.,pu,.,.,.,.,.,.,.,.,.,.,66,y,.,.,.,.,f,.,.,.,.,.,.,.,.,.,y,,,,,,,,,,,,,,,,,,,,,,,,,,,,,,,,,,,,,,,,,,,,,,,,,,,,,,,,,,,,,,,,,,,,,,,,
21_07,21,07,f,13,12/11/21,01/12/23,m,n,6.14,6.15,64.5,63.9,26.4,.,26.4,.,w,1483387,1510042,2,r,2,r,2,r,13,s,,,,,,,,,,,,,,,,,,,,,,,,,,,,,,,,,,,,,,,,,,,,,,,,,,,,,,,,,,,,,,,,,,,,,,,,,,,,,,,,,,,,,,,,,,,,,,,,,,,,,,,,,,
21_07,21,07,f,13,12/11/21,01/12/23,m,n,6.14,6.15,64.5,63.9,26.4,.,26.4,.,w,1510042,1510043,,,,,,,13,s,,,,,,,,,,,,,,,,,,,,,,,,,,,,,,,,,,,,,,,,,,,,,,,,,,,,,,,,,,,,,,,,,,,,,,,,,,,,,,,,,,,,,,,,,,,,,,,,,,,,,,,,,,
21_07,21,07,f,13,12/11/21,01/12/23,m,n,6.14,6.15,64.5,63.9,26.4,.,26.4,.,w,1510043,1749930,,,,,,,,,,,,,,,,,,,,,,,,,,,,,,,,,,,,,,,,,,,,,,,,,,,,,,,,,,,,,,,,,,,,,,,,,,,,,,,,,,,,,,,,,,,,,,,,,,,,,,,,,,,,,,,,,,
21_07,21,07,f,13,12/11/21,01/12/23,m,n,6.14,6.15,64.5,63.9,26.4,.,26.4,.,w,1749930,2188345,3,b,,,,,,,,,,,,,,,,,,,,,,,,,,,,,,,,,,,,,,,,,,,,,,,,,,,,,,,,,,,,,,,,,,,,,,,,,,,,,,,,,,,,,,,,,,,,,,,,,,,,,,,,,,,,,,,,
21_07,21,07,f,13,12/11/21,01/12/23,m,n,6.14,6.15,64.5,63.9,26.4,.,26.4,.,w,2188345,2235874,,,,,,,,,,,,,,,,,,,,,,,,,,,,,,,,,,,,,,,,,,,,,,,,,,,,,,,,,,,,,,,,,,,,,,,,,,,,,,,,,,,,,,,,,,,,,,,,,,,,,,,,,,,,,,,,,,
21_07,21,07,f,13,12/11/21,01/12/23,m,n,6.14,6.15,64.5,63.9,26.4,.,26.4,.,w,2235874,2442798,4,g,,,,,,,,,,,,,,,,,,,,,,,,,,,,,,,,,,,,,,,,,,,,,,,,,,,,,,,,,,,,,,,,,,,,,,,,,,,,,,,,,,,,,,,,,,,,,,,,,,,,,,,,,,,,,,,,
21_07,21,07,f,13,12/11/21,01/12/23,m,n,6.14,6.15,64.5,63.9,26.4,.,26.4,.,w,2442798,2702932,,,,,,,,,,,,,,,,,,,,,,,,,,,,,,,,,,,,,,,,,,,,,,,,,,,,,,,,,,,,,,,,,,,,,,,,,,,,,,,,,,,,,,,,,,,,,,,,,,,,,,,,,,,,,,,,,,
21_07,21,07,f,13,12/11/21,01/12/23,m,n,6.14,6.15,64.5,63.9,26.4,.,26.4,.,w,2702932,2842853,5,m,,,,,,,,,,,,,,,,,,,,,,,,,,,,,,,,,,,,,,,,,,,,,,,,,,,,,,,,,,,,,,,,,,,,,,,,,,,,,,,,,,,,,,,,,,,,,,,,,,,,,,,,,,,,,,,,
21_08,21,08,f,15,12/11/21,03/09/23,m,n,9.53,9.53,75.8,76,.,.,.,.,w,355232,971040,1,p,1,p,1,p,,,,,,,,,,,,,,,,,,,,,,,,,,,,,,,,,,,,,,,,,,,,,,,,,,,,,,,,,,,,,,,,,,,,,,,,,,,,,,,,,,,,,,,,,,,,,,,,,,,,,,,,,,,,
21_08,21,08,f,15,12/11/21,03/09/23,m,n,9.53,9.53,75.8,76,.,.,.,.,w,971040,1065220,,,,,,,,,,,,,,,,,,,,,,,,,,,,,,,,,,,,,,,,,,,,,,,,,,,,,,,,,,,,,,,,,,,,,,,,,,,,,,,,,,,,,,,,,,,,,,,,,,,,,,,,,,,,,,,,,,
21_08,21,08,f,15,12/11/21,03/09/23,m,n,9.53,9.53,75.8,76,.,.,.,.,w,1065220,1087286,2,r,2,r,2,r,,,,,,,,,,,,,,,,,,,,,,,,,,,,,,,,,,,,,,,,,,,,,,,,,,,,,,,,,,,,,,,,,,,,,,,,,,,,,,,,,,,,,,,,,,,,,,,,,,,,,,,,,,,,
21_08,21,08,f,15,12/11/21,03/09/23,m,n,9.53,9.53,75.8,76,.,.,.,.,w,1087286,1089802,2,r,2,r,2,r,1,bs,,,,,,,,,,,,,,,,,,,,,,,,,,,,,,,,,,,,,,,,,,,,,,,,,,,,,,,,,,,,,,,,,,,,,,,,,,,,,,,,,,,,,,,,,,,,,,,,,,,,,,,,,,
21_08,21,08,f,15,12/11/21,03/09/23,m,n,9.53,9.53,75.8,76,.,.,.,.,w,1089802,1089803,2,r,2,r,2,r,1,bs,,,,,,,,,,,,,,,,,,1,y,.,.,.,.,p,.,.,.,.,.,.,.,.,.,.,,,,,,,,,,,,,,,,,,,,,,,,,,,,,,,,,,,,,,,,,,,,,,,,,,,,,,,,,,,,,,,,,,,,,,,,
21_08,21,08,f,15,12/11/21,03/09/23,m,n,9.53,9.53,75.8,76,.,.,.,.,w,1089803,1093882,2,r,2,r,2,r,1,bs,,,,,,,,,,,,,,,,,,,,,,,,,,,,,,,,,,,,,,,,,,,,,,,,,,,,,,,,,,,,,,,,,,,,,,,,,,,,,,,,,,,,,,,,,,,,,,,,,,,,,,,,,,
21_08,21,08,f,15,12/11/21,03/09/23,m,n,9.53,9.53,75.8,76,.,.,.,.,w,1093882,1093883,2,r,2,r,2,r,1,bs,,,,,,,,,,,,,,,,,,,,,,,,,,,,,,,,,,,1,rb,,,,,,,,,,,,,,,,,,49,y,.,.,.,.,p,.,.,.,.,.,.,.,.,.,.,,,,,,,,,,,,,,,,,,,,,,,,,,,,,,,,,,,,
21_08,21,08,f,15,12/11/21,03/09/23,m,n,9.53,9.53,75.8,76,.,.,.,.,w,1093883,1107346,2,r,2,r,2,r,1,bs,,,,,,,,,,,,,,,,,,,,,,,,,,,,,,,,,,,1,rb,,,,,,,,,,,,,,,,,,,,,,,,,,,,,,,,,,,,,,,,,,,,,,,,,,,,,,,,,,,,,,,,,,,,,,
21_08,21,08,f,15,12/11/21,03/09/23,m,n,9.53,9.53,75.8,76,.,.,.,.,w,1107346,1107347,2,r,2,r,2,r,1,bs,,,,,,,,,,,,,,,,,,2,y,.,.,.,.,d,.,.,.,.,.,.,.,.,.,.,1,rb,,,,,,,,,,,,,,,,,,,,,,,,,,,,,,,,,,,,,,,,,,,,,,,,,,,,,,,,,,,,,,,,,,,,,,
21_08,21,08,f,15,12/11/21,03/09/23,m,n,9.53,9.53,75.8,76,.,.,.,.,w,1107347,1107380,2,r,2,r,2,r,,,,,,,,,,,,,,,,,,,,,,,,,,,,,,,,,,,,,1,rb,,,,,,,,,,,,,,,,,,,,,,,,,,,,,,,,,,,,,,,,,,,,,,,,,,,,,,,,,,,,,,,,,,,,,,
21_08,21,08,f,15,12/11/21,03/09/23,m,n,9.53,9.53,75.8,76,.,.,.,.,w,1107380,1107381,2,r,2,r,2,r,,,,,,,,,,,,,,,,,,,,,,,,,,,,,,,,,,,,,1,rb,,,,,,,,,,,,,,,,,,49,y,.,.,.,.,d,.,.,.,.,.,.,.,.,.,.,,,,,,,,,,,,,,,,,,,,,,,,,,,,,,,,,,,,
21_08,21,08,f,15,12/11/21,03/09/23,m,n,9.53,9.53,75.8,76,.,.,.,.,w,1107381,1109488,2,r,2,r,2,r,,,,,,,,,,,,,,,,,,,,,,,,,,,,,,,,,,,,,,,,,,,,,,,,,,,,,,,,,,,,,,,,,,,,,,,,,,,,,,,,,,,,,,,,,,,,,,,,,,,,,,,,,,,,
21_08,21,08,f,15,12/11/21,03/09/23,m,n,9.53,9.53,75.8,76,.,.,.,.,w,1109488,1124585,2,r,2,r,2,r,2,t,3,y,.,.,.,.,t,.,.,.,.,.,.,.,.,.,.,,,,,,,,,,,,,,,,,,,,,,,,,,,,,,,,,,,,,,,,,,,,,,,,,,,,,,,,,,,,,,,,,,,,,,,,,,,,,,,,,,,,,,,,,
21_08,21,08,f,15,12/11/21,03/09/23,m,n,9.53,9.53,75.8,76,.,.,.,.,w,1124585,1128834,2,r,2,r,2,r,,,,,,,,,,,,,,,,,,,,,,,,,,,,,,,,,,,,,,,,,,,,,,,,,,,,,,,,,,,,,,,,,,,,,,,,,,,,,,,,,,,,,,,,,,,,,,,,,,,,,,,,,,,,
21_08,21,08,f,15,12/11/21,03/09/23,m,n,9.53,9.53,75.8,76,.,.,.,.,w,1128834,1132302,2,r,2,r,2,r,3,bs,,,,,,,,,,,,,,,,,,,,,,,,,,,,,,,,,,,,,,,,,,,,,,,,,,,,,,,,,,,,,,,,,,,,,,,,,,,,,,,,,,,,,,,,,,,,,,,,,,,,,,,,,,
21_08,21,08,f,15,12/11/21,03/09/23,m,n,9.53,9.53,75.8,76,.,.,.,.,w,1132302,1132303,2,r,2,r,2,r,3,bs,,,,,,,,,,,,,,,,,,4,y,.,.,.,.,p,.,.,.,.,.,.,.,.,.,.,,,,,,,,,,,,,,,,,,,,,,,,,,,,,,,,,,,,,,,,,,,,,,,,,,,,,,,,,,,,,,,,,,,,,,,,
21_08,21,08,f,15,12/11/21,03/09/23,m,n,9.53,9.53,75.8,76,.,.,.,.,w,1132303,1139204,2,r,2,r,2,r,3,bs,,,,,,,,,,,,,,,,,,,,,,,,,,,,,,,,,,,,,,,,,,,,,,,,,,,,,,,,,,,,,,,,,,,,,,,,,,,,,,,,,,,,,,,,,,,,,,,,,,,,,,,,,,
21_08,21,08,f,15,12/11/21,03/09/23,m,n,9.53,9.53,75.8,76,.,.,.,.,w,1139204,1139205,2,r,2,r,2,r,3,bs,,,,,,,,,,,,,,,,,,5,y,.,.,.,.,d,.,.,.,.,.,.,.,.,.,.,,,,,,,,,,,,,,,,,,,,,,,,,,,,,,,,,,,,,,,,,,,,,,,,,,,,,,,,,,,,,,,,,,,,,,,,
21_08,21,08,f,15,12/11/21,03/09/23,m,n,9.53,9.53,75.8,76,.,.,.,.,w,1139205,1140190,2,r,2,r,2,r,,,,,,,,,,,,,,,,,,,,,,,,,,,,,,,,,,,,,,,,,,,,,,,,,,,,,,,,,,,,,,,,,,,,,,,,,,,,,,,,,,,,,,,,,,,,,,,,,,,,,,,,,,,,
21_08,21,08,f,15,12/11/21,03/09/23,m,n,9.53,9.53,75.8,76,.,.,.,.,w,1140190,1140191,2,r,2,r,2,r,4,sh,,,,,,,,,,,,,,,,,,6,y,.,.,.,.,p,.,.,.,.,.,.,.,.,.,.,,,,,,,,,,,,,,,,,,,,,,,,,,,,,,,,,,,,,,,,,,,,,,,,,,,,,,,,,,,,,,,,,,,,,,,,
21_08,21,08,f,15,12/11/21,03/09/23,m,n,9.53,9.53,75.8,76,.,.,.,.,w,1140191,1158040,2,r,2,r,2,r,4,sh,,,,,,,,,,,,,,,,,,,,,,,,,,,,,,,,,,,,,,,,,,,,,,,,,,,,,,,,,,,,,,,,,,,,,,,,,,,,,,,,,,,,,,,,,,,,,,,,,,,,,,,,,,
21_08,21,08,f,15,12/11/21,03/09/23,m,n,9.53,9.53,75.8,76,.,.,.,.,w,1158040,1158041,2,r,2,r,2,r,4,sh,,,,,,,,,,,,,,,,,,7,y,.,.,.,.,d,.,.,.,.,.,.,.,.,.,.,,,,,,,,,,,,,,,,,,,,,,,,,,,,,,,,,,,,,,,,,,,,,,,,,,,,,,,,,,,,,,,,,,,,,,,,
21_08,21,08,f,15,12/11/21,03/09/23,m,n,9.53,9.53,75.8,76,.,.,.,.,w,1158041,1168546,2,r,2,r,2,r,,,,,,,,,,,,,,,,,,,,,,,,,,,,,,,,,,,,,,,,,,,,,,,,,,,,,,,,,,,,,,,,,,,,,,,,,,,,,,,,,,,,,,,,,,,,,,,,,,,,,,,,,,,,
21_08,21,08,f,15,12/11/21,03/09/23,m,n,9.53,9.53,75.8,76,.,.,.,.,w,1168546,1171335,2,r,2,r,2,r,5,ca,,,,,,,,,,,,,,,,,,,,,,,,,,,,,,,,,,,,,,,,,,,,,,,,,,,,,,,,,,,,,,,,,,,,,,,,,,,,,,,,,,,,,,,,,,,,,,,,,,,,,,,,,,
21_08,21,08,f,15,12/11/21,03/09/23,m,n,9.53,9.53,75.8,76,.,.,.,.,w,1171335,1174836,2,r,2,r,2,r,,,,,,,,,,,,,,,,,,,,,,,,,,,,,,,,,,,,,,,,,,,,,,,,,,,,,,,,,,,,,,,,,,,,,,,,,,,,,,,,,,,,,,,,,,,,,,,,,,,,,,,,,,,,
21_08,21,08,f,15,12/11/21,03/09/23,m,n,9.53,9.53,75.8,76,.,.,.,.,w,1174836,1174837,2,r,2,r,2,r,6,sh,,,,,,,,,,,,,,,,,,8,y,.,.,.,.,p,.,.,.,.,.,.,.,.,.,.,,,,,,,,,,,,,,,,,,,,,,,,,,,,,,,,,,,,,,,,,,,,,,,,,,,,,,,,,,,,,,,,,,,,,,,,
21_08,21,08,f,15,12/11/21,03/09/23,m,n,9.53,9.53,75.8,76,.,.,.,.,w,1174837,1182180,2,r,2,r,2,r,6,sh,,,,,,,,,,,,,,,,,,,,,,,,,,,,,,,,,,,,,,,,,,,,,,,,,,,,,,,,,,,,,,,,,,,,,,,,,,,,,,,,,,,,,,,,,,,,,,,,,,,,,,,,,,
21_08,21,08,f,15,12/11/21,03/09/23,m,n,9.53,9.53,75.8,76,.,.,.,.,w,1182180,1182181,2,r,2,r,2,r,6,sh,,,,,,,,,,,,,,,,,,9,y,.,.,.,.,p,.,.,.,.,.,.,.,.,.,.,,,,,,,,,,,,,,,,,,,,,,,,,,,,,,,,,,,,,,,,,,,,,,,,,,,,,,,,,,,,,,,,,,,,,,,,
21_08,21,08,f,15,12/11/21,03/09/23,m,n,9.53,9.53,75.8,76,.,.,.,.,w,1182181,1189048,2,r,2,r,2,r,6,sh,,,,,,,,,,,,,,,,,,,,,,,,,,,,,,,,,,,,,,,,,,,,,,,,,,,,,,,,,,,,,,,,,,,,,,,,,,,,,,,,,,,,,,,,,,,,,,,,,,,,,,,,,,
21_08,21,08,f,15,12/11/21,03/09/23,m,n,9.53,9.53,75.8,76,.,.,.,.,w,1189048,1189049,2,r,2,r,2,r,6,sh,,,,,,,,,,,,,,,,,,10,y,.,.,.,.,d,.,.,.,.,.,.,.,.,.,.,,,,,,,,,,,,,,,,,,,,,,,,,,,,,,,,,,,,,,,,,,,,,,,,,,,,,,,,,,,,,,,,,,,,,,,,
21_08,21,08,f,15,12/11/21,03/09/23,m,n,9.53,9.53,75.8,76,.,.,.,.,w,1189049,1190374,2,r,2,r,2,r,6,sh,,,,,,,,,,,,,,,,,,,,,,,,,,,,,,,,,,,,,,,,,,,,,,,,,,,,,,,,,,,,,,,,,,,,,,,,,,,,,,,,,,,,,,,,,,,,,,,,,,,,,,,,,,
21_08,21,08,f,15,12/11/21,03/09/23,m,n,9.53,9.53,75.8,76,.,.,.,.,w,1190374,1190375,2,r,2,r,2,r,6,sh,,,,,,,,,,,,,,,,,,11,y,.,.,.,.,p,.,.,.,.,.,.,.,.,.,.,,,,,,,,,,,,,,,,,,,,,,,,,,,,,,,,,,,,,,,,,,,,,,,,,,,,,,,,,,,,,,,,,,,,,,,,
21_08,21,08,f,15,12/11/21,03/09/23,m,n,9.53,9.53,75.8,76,.,.,.,.,w,1190375,1193774,2,r,2,r,2,r,6,sh,,,,,,,,,,,,,,,,,,,,,,,,,,,,,,,,,,,,,,,,,,,,,,,,,,,,,,,,,,,,,,,,,,,,,,,,,,,,,,,,,,,,,,,,,,,,,,,,,,,,,,,,,,
21_08,21,08,f,15,12/11/21,03/09/23,m,n,9.53,9.53,75.8,76,.,.,.,.,w,1193774,1193775,2,r,2,r,2,r,6,sh,,,,,,,,,,,,,,,,,,12,y,.,.,.,.,d,.,.,.,.,.,.,.,.,.,.,,,,,,,,,,,,,,,,,,,,,,,,,,,,,,,,,,,,,,,,,,,,,,,,,,,,,,,,,,,,,,,,,,,,,,,,
21_08,21,08,f,15,12/11/21,03/09/23,m,n,9.53,9.53,75.8,76,.,.,.,.,w,1193775,1212440,2,r,2,r,2,r,6,sh,,,,,,,,,,,,,,,,,,,,,,,,,,,,,,,,,,,,,,,,,,,,,,,,,,,,,,,,,,,,,,,,,,,,,,,,,,,,,,,,,,,,,,,,,,,,,,,,,,,,,,,,,,
21_08,21,08,f,15,12/11/21,03/09/23,m,n,9.53,9.53,75.8,76,.,.,.,.,w,1212440,1212441,2,r,2,r,2,r,6,sh,,,,,,,,,,,,,,,,,,13,y,.,.,.,.,p,.,.,.,.,.,.,.,.,.,.,,,,,,,,,,,,,,,,,,,,,,,,,,,,,,,,,,,,,,,,,,,,,,,,,,,,,,,,,,,,,,,,,,,,,,,,
21_08,21,08,f,15,12/11/21,03/09/23,m,n,9.53,9.53,75.8,76,.,.,.,.,w,1212441,1216588,2,r,2,r,2,r,6,sh,,,,,,,,,,,,,,,,,,,,,,,,,,,,,,,,,,,,,,,,,,,,,,,,,,,,,,,,,,,,,,,,,,,,,,,,,,,,,,,,,,,,,,,,,,,,,,,,,,,,,,,,,,
21_08,21,08,f,15,12/11/21,03/09/23,m,n,9.53,9.53,75.8,76,.,.,.,.,w,1216588,1216589,2,r,2,r,2,r,6,sh,,,,,,,,,,,,,,,,,,14,y,.,.,.,.,d,.,.,.,.,.,.,.,.,.,.,,,,,,,,,,,,,,,,,,,,,,,,,,,,,,,,,,,,,,,,,,,,,,,,,,,,,,,,,,,,,,,,,,,,,,,,
21_08,21,08,f,15,12/11/21,03/09/23,m,n,9.53,9.53,75.8,76,.,.,.,.,w,1216589,1222266,2,r,2,r,2,r,6,sh,,,,,,,,,,,,,,,,,,,,,,,,,,,,,,,,,,,,,,,,,,,,,,,,,,,,,,,,,,,,,,,,,,,,,,,,,,,,,,,,,,,,,,,,,,,,,,,,,,,,,,,,,,
21_08,21,08,f,15,12/11/21,03/09/23,m,n,9.53,9.53,75.8,76,.,.,.,.,w,1222266,1222267,2,r,2,r,2,r,6,sh,,,,,,,,,,,,,,,,,,15,y,.,.,.,.,p,.,.,.,.,.,.,.,.,.,.,,,,,,,,,,,,,,,,,,,,,,,,,,,,,,,,,,,,,,,,,,,,,,,,,,,,,,,,,,,,,,,,,,,,,,,,
21_08,21,08,f,15,12/11/21,03/09/23,m,n,9.53,9.53,75.8,76,.,.,.,.,w,1222267,1252322,2,r,2,r,2,r,6,sh,,,,,,,,,,,,,,,,,,,,,,,,,,,,,,,,,,,,,,,,,,,,,,,,,,,,,,,,,,,,,,,,,,,,,,,,,,,,,,,,,,,,,,,,,,,,,,,,,,,,,,,,,,
21_08,21,08,f,15,12/11/21,03/09/23,m,n,9.53,9.53,75.8,76,.,.,.,.,w,1252322,1252323,2,r,2,r,2,r,6,sh,,,,,,,,,,,,,,,,,,16,y,.,.,.,.,d,.,.,.,.,.,.,.,.,.,.,,,,,,,,,,,,,,,,,,,,,,,,,,,,,,,,,,,,,,,,,,,,,,,,,,,,,,,,,,,,,,,,,,,,,,,,
21_08,21,08,f,15,12/11/21,03/09/23,m,n,9.53,9.53,75.8,76,.,.,.,.,w,1252323,1254634,2,r,2,r,2,r,6,sh,,,,,,,,,,,,,,,,,,,,,,,,,,,,,,,,,,,,,,,,,,,,,,,,,,,,,,,,,,,,,,,,,,,,,,,,,,,,,,,,,,,,,,,,,,,,,,,,,,,,,,,,,,
21_08,21,08,f,15,12/11/21,03/09/23,m,n,9.53,9.53,75.8,76,.,.,.,.,w,1254634,1266705,2,r,2,r,2,r,6,sh,,,,,,,,,,,,,,,,,,,,,,,,,,,,,,,,,,,2,c,49,y,.,.,.,.,t,.,.,.,.,.,.,.,.,.,.,,,,,,,,,,,,,,,,,,,,,,,,,,,,,,,,,,,,,,,,,,,,,,,,,,,,,
21_08,21,08,f,15,12/11/21,03/09/23,m,n,9.53,9.53,75.8,76,.,.,.,.,w,1266705,1271124,2,r,2,r,2,r,6,sh,,,,,,,,,,,,,,,,,,,,,,,,,,,,,,,,,,,,,,,,,,,,,,,,,,,,,,,,,,,,,,,,,,,,,,,,,,,,,,,,,,,,,,,,,,,,,,,,,,,,,,,,,,
21_08,21,08,f,15,12/11/21,03/09/23,m,n,9.53,9.53,75.8,76,.,.,.,.,w,1271124,1276089,2,r,2,r,2,r,6,sh,,,,,,,,,,,,,,,,,,,,,,,,,,,,,,,,,,,3,ca,49,y,.,.,.,.,pu,.,.,.,.,.,.,.,.,.,.,,,,,,,,,,,,,,,,,,,,,,,,,,,,,,,,,,,,,,,,,,,,,,,,,,,,,
21_08,21,08,f,15,12/11/21,03/09/23,m,n,9.53,9.53,75.8,76,.,.,.,.,w,1276089,1283330,2,r,2,r,2,r,6,sh,,,,,,,,,,,,,,,,,,,,,,,,,,,,,,,,,,,,,,,,,,,,,,,,,,,,,,,,,,,,,,,,,,,,,,,,,,,,,,,,,,,,,,,,,,,,,,,,,,,,,,,,,,
21_08,21,08,f,15,12/11/21,03/09/23,m,n,9.53,9.53,75.8,76,.,.,.,.,w,1283330,1303731,2,r,2,r,2,r,6,sh,,,,,,,,,,,,,,,,,,,,,,,,,,,,,,,,,,,4,ca,49,y,.,.,.,.,pu,.,.,.,.,.,.,.,.,.,.,,,,,,,,,,,,,,,,,,,,,,,,,,,,,,,,,,,,,,,,,,,,,,,,,,,,,
21_08,21,08,f,15,12/11/21,03/09/23,m,n,9.53,9.53,75.8,76,.,.,.,.,w,1303731,1309102,2,r,2,r,2,r,6,sh,,,,,,,,,,,,,,,,,,,,,,,,,,,,,,,,,,,,,,,,,,,,,,,,,,,,,,,,,,,,,,,,,,,,,,,,,,,,,,,,,,,,,,,,,,,,,,,,,,,,,,,,,,
21_08,21,08,f,15,12/11/21,03/09/23,m,n,9.53,9.53,75.8,76,.,.,.,.,w,1309102,1309103,2,r,2,r,2,r,6,sh,,,,,,,,,,,,,,,,,,,,,,,,,,,,,,,,,,,5,r,,,,,,,,,,,,,,,,,,49,y,.,.,.,.,p,.,.,.,.,.,.,.,.,.,.,,,,,,,,,,,,,,,,,,,,,,,,,,,,,,,,,,,,
21_08,21,08,f,15,12/11/21,03/09/23,m,n,9.53,9.53,75.8,76,.,.,.,.,w,1309103,1314814,2,r,2,r,2,r,6,sh,,,,,,,,,,,,,,,,,,,,,,,,,,,,,,,,,,,5,r,,,,,,,,,,,,,,,,,,,,,,,,,,,,,,,,,,,,,,,,,,,,,,,,,,,,,,,,,,,,,,,,,,,,,,
21_08,21,08,f,15,12/11/21,03/09/23,m,n,9.53,9.53,75.8,76,.,.,.,.,w,1314814,1317263,2,r,2,r,2,r,6,sh,,,,,,,,,,,,,,,,,,,,,,,,,,,,,,,,,,,5,r,49,y,.,.,.,.,s,y,.,.,.,.,.,.,.,.,.,,,,,,,,,,,,,,,,,,1,m,49,.,.,.,.,y,hi,y,.,.,.,.,.,.,.,.,.,,,,,,,,,,,,,,,,,
21_08,21,08,f,15,12/11/21,03/09/23,m,n,9.53,9.53,75.8,76,.,.,.,.,w,1317263,1317806,2,r,2,r,2,r,6,sh,,,,,,,,,,,,,,,,,,,,,,,,,,,,,,,,,,,5,r,49,y,.,.,.,.,s,y,.,.,.,.,.,.,.,.,.,,,,,,,,,,,,,,,,,,1,m,,,,,,,,,,,,,,,,,,,,,,,,,,,,,,,,,,
21_08,21,08,f,15,12/11/21,03/09/23,m,n,9.53,9.53,75.8,76,.,.,.,.,w,1317806,1317807,2,r,2,r,2,r,6,sh,,,,,,,,,,,,,,,,,,17,y,.,.,.,.,d,.,.,.,.,.,.,.,.,.,.,5,r,49,y,.,.,.,.,s,y,.,.,.,.,.,.,.,.,.,,,,,,,,,,,,,,,,,,1,m,,,,,,,,,,,,,,,,,,,,,,,,,,,,,,,,,,
21_08,21,08,f,15,12/11/21,03/09/23,m,n,9.53,9.53,75.8,76,.,.,.,.,w,1317807,1318486,2,r,2,r,2,r,,,,,,,,,,,,,,,,,,,,,,,,,,,,,,,,,,,,,5,r,49,y,.,.,.,.,s,y,.,.,.,.,.,.,.,.,.,,,,,,,,,,,,,,,,,,1,m,,,,,,,,,,,,,,,,,,,,,,,,,,,,,,,,,,
21_08,21,08,f,15,12/11/21,03/09/23,m,n,9.53,9.53,75.8,76,.,.,.,.,w,1318486,1322941,2,r,2,r,2,r,,,,,,,,,,,,,,,,,,,,,,,,,,,,,,,,,,,,,5,r,49,y,.,.,.,.,s,y,.,.,.,.,.,.,.,.,.,,,,,,,,,,,,,,,,,,1,m,49,y,.,.,.,.,t,y,.,.,.,.,.,.,.,.,.,,,,,,,,,,,,,,,,,
21_08,21,08,f,15,12/11/21,03/09/23,m,n,9.53,9.53,75.8,76,.,.,.,.,w,1322941,1327088,2,r,2,r,2,r,,,,,,,,,,,,,,,,,,,,,,,,,,,,,,,,,,,,,,,,,,,,,,,,,,,,,,,,,,,,,,,,,,,,,,,,,1,m,49,y,.,.,.,.,t,y,.,.,.,.,.,.,.,.,.,,,,,,,,,,,,,,,,,
21_08,21,08,f,15,12/11/21,03/09/23,m,n,9.53,9.53,75.8,76,.,.,.,.,w,1327088,1331611,2,r,2,r,2,r,,,,,,,,,,,,,,,,,,,,,,,,,,,,,,,,,,,,,6,r,49,y,.,.,.,.,hi,.,.,.,.,.,.,.,.,.,.,,,,,,,,,,,,,,,,,,1,m,49,y,.,.,.,.,t,y,.,.,.,.,.,.,.,.,.,,,,,,,,,,,,,,,,,
21_08,21,08,f,15,12/11/21,03/09/23,m,n,9.53,9.53,75.8,76,.,.,.,.,w,1331611,1334025,2,r,2,r,2,r,,,,,,,,,,,,,,,,,,,,,,,,,,,,,,,,,,,,,6,r,,,,,,,,,,,,,,,,,,,,,,,,,,,,,,,,,,,1,m,49,y,.,.,.,.,t,y,.,.,.,.,.,.,.,.,.,,,,,,,,,,,,,,,,,
21_08,21,08,f,15,12/11/21,03/09/23,m,n,9.53,9.53,75.8,76,.,.,.,.,w,1334025,1334568,2,r,2,r,2,r,,,,,,,,,,,,,,,,,,,,,,,,,,,,,,,,,,,,,6,r,,,,,,,,,,,,,,,,,,,,,,,,,,,,,,,,,,,,,,,,,,,,,,,,,,,,,,,,,,,,,,,,,,,,,,
21_08,21,08,f,15,12/11/21,03/09/23,m,n,9.53,9.53,75.8,76,.,.,.,.,w,1334568,1334569,2,r,2,r,2,r,,,,,,,,,,,,,,,,,,,,,,,,,,,,,,,,,,,,,6,r,,,,,,,,,,,,,,,,,,49,y,.,.,.,.,p,.,.,.,.,.,.,.,.,.,.,,,,,,,,,,,,,,,,,,,,,,,,,,,,,,,,,,,,
21_08,21,08,f,15,12/11/21,03/09/23,m,n,9.53,9.53,75.8,76,.,.,.,.,w,1334569,1342388,2,r,2,r,2,r,,,,,,,,,,,,,,,,,,,,,,,,,,,,,,,,,,,,,6,r,,,,,,,,,,,,,,,,,,,,,,,,,,,,,,,,,,,,,,,,,,,,,,,,,,,,,,,,,,,,,,,,,,,,,,
21_08,21,08,f,15,12/11/21,03/09/23,m,n,9.53,9.53,75.8,76,.,.,.,.,w,1342388,1349834,2,r,2,r,2,r,,,,,,,,,,,,,,,,,,,,,,,,,,,,,,,,,,,,,6,r,49,y,.,.,.,.,s,y,.,.,.,.,.,.,.,.,.,,,,,,,,,,,,,,,,,,,,,,,,,,,,,,,,,,,,,,,,,,,,,,,,,,,,,
21_08,21,08,f,15,12/11/21,03/09/23,m,n,9.53,9.53,75.8,76,.,.,.,.,w,1349834,1349835,2,r,2,r,2,r,,,,,,,,,,,,,,,,,,,,,,,,,,,,,,,,,,,,,6,r,49,y,.,.,.,.,s,y,.,.,.,.,.,.,.,.,.,49,y,.,.,.,.,d,.,.,.,.,.,.,.,.,.,.,,,,,,,,,,,,,,,,,,,,,,,,,,,,,,,,,,,,
21_08,21,08,f,15,12/11/21,03/09/23,m,n,9.53,9.53,75.8,76,.,.,.,.,w,1349835,1354900,2,r,2,r,2,r,,,,,,,,,,,,,,,,,,,,,,,,,,,,,,,,,,,,,,,,,,,,,,,,,,,,,,,,,,,,,,,,,,,,,,,,,,,,,,,,,,,,,,,,,,,,,,,,,,,,,,,,,,,,
21_08,21,08,f,15,12/11/21,03/09/23,m,n,9.53,9.53,75.8,76,.,.,.,.,w,1354900,1354901,2,r,2,r,2,r,7,cu,,,,,,,,,,,,,,,,,,18,y,.,.,.,.,p,.,.,.,.,.,.,.,.,.,.,,,,,,,,,,,,,,,,,,,,,,,,,,,,,,,,,,,,,,,,,,,,,,,,,,,,,,,,,,,,,,,,,,,,,,,,
21_08,21,08,f,15,12/11/21,03/09/23,m,n,9.53,9.53,75.8,76,.,.,.,.,w,1354901,1369996,2,r,2,r,2,r,7,cu,,,,,,,,,,,,,,,,,,,,,,,,,,,,,,,,,,,,,,,,,,,,,,,,,,,,,,,,,,,,,,,,,,,,,,,,,,,,,,,,,,,,,,,,,,,,,,,,,,,,,,,,,,
21_08,21,08,f,15,12/11/21,03/09/23,m,n,9.53,9.53,75.8,76,.,.,.,.,w,1369996,1369997,2,r,2,r,2,r,7,cu,,,,,,,,,,,,,,,,,,19,y,.,.,.,.,p,.,.,.,.,.,.,.,.,.,.,,,,,,,,,,,,,,,,,,,,,,,,,,,,,,,,,,,,,,,,,,,,,,,,,,,,,,,,,,,,,,,,,,,,,,,,
21_08,21,08,f,15,12/11/21,03/09/23,m,n,9.53,9.53,75.8,76,.,.,.,.,w,1369997,1374450,2,r,2,r,2,r,7,cu,,,,,,,,,,,,,,,,,,,,,,,,,,,,,,,,,,,,,,,,,,,,,,,,,,,,,,,,,,,,,,,,,,,,,,,,,,,,,,,,,,,,,,,,,,,,,,,,,,,,,,,,,,
21_08,21,08,f,15,12/11/21,03/09/23,m,n,9.53,9.53,75.8,76,.,.,.,.,w,1374450,1374451,2,r,2,r,2,r,7,cu,,,,,,,,,,,,,,,,,,20,y,.,.,.,.,d,.,.,.,.,.,.,.,.,.,.,,,,,,,,,,,,,,,,,,,,,,,,,,,,,,,,,,,,,,,,,,,,,,,,,,,,,,,,,,,,,,,,,,,,,,,,
21_08,21,08,f,15,12/11/21,03/09/23,m,n,9.53,9.53,75.8,76,.,.,.,.,w,1374451,1379278,2,r,2,r,2,r,7,cu,,,,,,,,,,,,,,,,,,,,,,,,,,,,,,,,,,,,,,,,,,,,,,,,,,,,,,,,,,,,,,,,,,,,,,,,,,,,,,,,,,,,,,,,,,,,,,,,,,,,,,,,,,
21_08,21,08,f,15,12/11/21,03/09/23,m,n,9.53,9.53,75.8,76,.,.,.,.,w,1379278,1379279,2,r,2,r,2,r,7,cu,,,,,,,,,,,,,,,,,,21,y,.,.,.,.,d,.,.,.,.,.,.,.,.,.,.,,,,,,,,,,,,,,,,,,,,,,,,,,,,,,,,,,,,,,,,,,,,,,,,,,,,,,,,,,,,,,,,,,,,,,,,
21_08,21,08,f,15,12/11/21,03/09/23,m,n,9.53,9.53,75.8,76,.,.,.,.,w,1379279,1384922,2,r,2,r,2,r,,,,,,,,,,,,,,,,,,,,,,,,,,,,,,,,,,,,,,,,,,,,,,,,,,,,,,,,,,,,,,,,,,,,,,,,,,,,,,,,,,,,,,,,,,,,,,,,,,,,,,,,,,,,
21_08,21,08,f,15,12/11/21,03/09/23,m,n,9.53,9.53,75.8,76,.,.,.,.,w,1384922,1384923,2,r,2,r,2,r,8,cu,,,,,,,,,,,,,,,,,,22,y,.,.,.,.,p,.,.,.,.,.,.,.,.,.,.,,,,,,,,,,,,,,,,,,,,,,,,,,,,,,,,,,,,,,,,,,,,,,,,,,,,,,,,,,,,,,,,,,,,,,,,
21_08,21,08,f,15,12/11/21,03/09/23,m,n,9.53,9.53,75.8,76,.,.,.,.,w,1384923,1391314,2,r,2,r,2,r,8,cu,,,,,,,,,,,,,,,,,,,,,,,,,,,,,,,,,,,,,,,,,,,,,,,,,,,,,,,,,,,,,,,,,,,,,,,,,,,,,,,,,,,,,,,,,,,,,,,,,,,,,,,,,,
21_08,21,08,f,15,12/11/21,03/09/23,m,n,9.53,9.53,75.8,76,.,.,.,.,w,1391314,1391315,2,r,2,r,2,r,8,cu,,,,,,,,,,,,,,,,,,23,y,.,.,.,.,d,.,.,.,.,.,.,.,.,.,.,,,,,,,,,,,,,,,,,,,,,,,,,,,,,,,,,,,,,,,,,,,,,,,,,,,,,,,,,,,,,,,,,,,,,,,,
21_08,21,08,f,15,12/11/21,03/09/23,m,n,9.53,9.53,75.8,76,.,.,.,.,w,1391315,1396109,2,r,2,r,2,r,8,cu,,,,,,,,,,,,,,,,,,,,,,,,,,,,,,,,,,,,,,,,,,,,,,,,,,,,,,,,,,,,,,,,,,,,,,,,,,,,,,,,,,,,,,,,,,,,,,,,,,,,,,,,,,
21_08,21,08,f,15,12/11/21,03/09/23,m,n,9.53,9.53,75.8,76,.,.,.,.,w,1396109,1405186,2,r,2,r,2,r,,,,,,,,,,,,,,,,,,,,,,,,,,,,,,,,,,,,,,,,,,,,,,,,,,,,,,,,,,,,,,,,,,,,,,,,,,,,,,,,,,,,,,,,,,,,,,,,,,,,,,,,,,,,
21_08,21,08,f,15,12/11/21,03/09/23,m,n,9.53,9.53,75.8,76,.,.,.,.,w,1405186,1405187,2,r,2,r,2,r,9,cu,,,,,,,,,,,,,,,,,,24,y,.,.,.,.,p,.,.,.,.,.,.,.,.,.,.,,,,,,,,,,,,,,,,,,,,,,,,,,,,,,,,,,,,,,,,,,,,,,,,,,,,,,,,,,,,,,,,,,,,,,,,
21_08,21,08,f,15,12/11/21,03/09/23,m,n,9.53,9.53,75.8,76,.,.,.,.,w,1405187,1423716,2,r,2,r,2,r,9,cu,,,,,,,,,,,,,,,,,,,,,,,,,,,,,,,,,,,,,,,,,,,,,,,,,,,,,,,,,,,,,,,,,,,,,,,,,,,,,,,,,,,,,,,,,,,,,,,,,,,,,,,,,,
21_08,21,08,f,15,12/11/21,03/09/23,m,n,9.53,9.53,75.8,76,.,.,.,.,w,1423716,1423717,2,r,2,r,2,r,9,cu,,,,,,,,,,,,,,,,,,25,y,.,.,.,.,p,.,.,.,.,.,.,.,.,.,.,,,,,,,,,,,,,,,,,,,,,,,,,,,,,,,,,,,,,,,,,,,,,,,,,,,,,,,,,,,,,,,,,,,,,,,,
21_08,21,08,f,15,12/11/21,03/09/23,m,n,9.53,9.53,75.8,76,.,.,.,.,w,1423717,1429564,2,r,2,r,2,r,9,cu,,,,,,,,,,,,,,,,,,,,,,,,,,,,,,,,,,,,,,,,,,,,,,,,,,,,,,,,,,,,,,,,,,,,,,,,,,,,,,,,,,,,,,,,,,,,,,,,,,,,,,,,,,
21_08,21,08,f,15,12/11/21,03/09/23,m,n,9.53,9.53,75.8,76,.,.,.,.,w,1429564,1429565,2,r,2,r,2,r,9,cu,,,,,,,,,,,,,,,,,,26,y,.,.,.,.,i,.,.,.,.,y,.,.,.,.,.,7,ca,,,,,,,,,,,,,,,,,,49,.,.,.,.,y,i,.,.,.,.,y,.,.,.,.,.,,,,,,,,,,,,,,,,,,,,,,,,,,,,,,,,,,,,
21_08,21,08,f,15,12/11/21,03/09/23,m,n,9.53,9.53,75.8,76,.,.,.,.,w,1429565,1432794,2,r,2,r,2,r,9,cu,,,,,,,,,,,,,,,,,,,,,,,,,,,,,,,,,,,7,ca,,,,,,,,,,,,,,,,,,,,,,,,,,,,,,,,,,,,,,,,,,,,,,,,,,,,,,,,,,,,,,,,,,,,,,
21_08,21,08,f,15,12/11/21,03/09/23,m,n,9.53,9.53,75.8,76,.,.,.,.,w,1432794,1432795,2,r,2,r,2,r,9,cu,,,,,,,,,,,,,,,,,,27,y,.,.,.,.,i,.,.,.,.,y,.,.,.,.,.,7,ca,,,,,,,,,,,,,,,,,,49,.,.,.,.,y,i,.,.,.,.,y,.,.,.,.,.,,,,,,,,,,,,,,,,,,,,,,,,,,,,,,,,,,,,
21_08,21,08,f,15,12/11/21,03/09/23,m,n,9.53,9.53,75.8,76,.,.,.,.,w,1432795,1436772,2,r,2,r,2,r,,,,,,,,,,,,,,,,,,,,,,,,,,,,,,,,,,,,,,,,,,,,,,,,,,,,,,,,,,,,,,,,,,,,,,,,,,,,,,,,,,,,,,,,,,,,,,,,,,,,,,,,,,,,
21_08,21,08,f,15,12/11/21,03/09/23,m,n,9.53,9.53,75.8,76,.,.,.,.,w,1436772,1441498,2,r,2,r,2,r,10,cu,,,,,,,,,,,,,,,,,,,,,,,,,,,,,,,,,,,,,,,,,,,,,,,,,,,,,,,,,,,,,,,,,,,,,,,,,,,,,,,,,,,,,,,,,,,,,,,,,,,,,,,,,,
21_08,21,08,f,15,12/11/21,03/09/23,m,n,9.53,9.53,75.8,76,.,.,.,.,w,1441498,1441499,2,r,2,r,2,r,10,cu,,,,,,,,,,,,,,,,,,28,y,.,.,.,.,p,.,.,.,.,.,.,.,.,.,.,,,,,,,,,,,,,,,,,,,,,,,,,,,,,,,,,,,,,,,,,,,,,,,,,,,,,,,,,,,,,,,,,,,,,,,,
21_08,21,08,f,15,12/11/21,03/09/23,m,n,9.53,9.53,75.8,76,.,.,.,.,w,1441499,1443946,2,r,2,r,2,r,10,cu,,,,,,,,,,,,,,,,,,,,,,,,,,,,,,,,,,,,,,,,,,,,,,,,,,,,,,,,,,,,,,,,,,,,,,,,,,,,,,,,,,,,,,,,,,,,,,,,,,,,,,,,,,
21_08,21,08,f,15,12/11/21,03/09/23,m,n,9.53,9.53,75.8,76,.,.,.,.,w,1443946,1443947,2,r,2,r,2,r,10,cu,,,,,,,,,,,,,,,,,,29,y,.,.,.,.,i,.,.,.,.,y,.,.,.,.,.,8,ca,,,,,,,,,,,,,,,,,,49,.,.,.,.,y,i,.,.,.,.,y,.,.,.,.,.,,,,,,,,,,,,,,,,,,,,,,,,,,,,,,,,,,,,
21_08,21,08,f,15,12/11/21,03/09/23,m,n,9.53,9.53,75.8,76,.,.,.,.,w,1443947,1448264,2,r,2,r,2,r,,,,,,,,,,,,,,,,,,,,,,,,,,,,,,,,,,,,,,,,,,,,,,,,,,,,,,,,,,,,,,,,,,,,,,,,,,,,,,,,,,,,,,,,,,,,,,,,,,,,,,,,,,,,
21_08,21,08,f,15,12/11/21,03/09/23,m,n,9.53,9.53,75.8,76,.,.,.,.,w,1448264,1448265,2,r,2,r,2,r,11,cu,,,,,,,,,,,,,,,,,,30,y,.,.,.,.,p,.,.,.,.,.,.,.,.,.,.,,,,,,,,,,,,,,,,,,,,,,,,,,,,,,,,,,,,,,,,,,,,,,,,,,,,,,,,,,,,,,,,,,,,,,,,
21_08,21,08,f,15,12/11/21,03/09/23,m,n,9.53,9.53,75.8,76,.,.,.,.,w,1448265,1451800,2,r,2,r,2,r,11,cu,,,,,,,,,,,,,,,,,,,,,,,,,,,,,,,,,,,,,,,,,,,,,,,,,,,,,,,,,,,,,,,,,,,,,,,,,,,,,,,,,,,,,,,,,,,,,,,,,,,,,,,,,,
21_08,21,08,f,15,12/11/21,03/09/23,m,n,9.53,9.53,75.8,76,.,.,.,.,w,1451800,1451801,2,r,2,r,2,r,11,cu,,,,,,,,,,,,,,,,,,31,y,.,.,.,.,i,.,.,.,.,y,.,.,.,.,.,9,ca,,,,,,,,,,,,,,,,,,49,.,.,.,.,y,i,.,.,.,.,y,.,.,.,.,.,,,,,,,,,,,,,,,,,,,,,,,,,,,,,,,,,,,,
21_08,21,08,f,15,12/11/21,03/09/23,m,n,9.53,9.53,75.8,76,.,.,.,.,w,1451801,1456356,2,r,2,r,2,r,,,,,,,,,,,,,,,,,,,,,,,,,,,,,,,,,,,,,,,,,,,,,,,,,,,,,,,,,,,,,,,,,,,,,,,,,,,,,,,,,,,,,,,,,,,,,,,,,,,,,,,,,,,,
21_08,21,08,f,15,12/11/21,03/09/23,m,n,9.53,9.53,75.8,76,.,.,.,.,w,1456356,1456357,2,r,2,r,2,r,12,cu,,,,,,,,,,,,,,,,,,32,y,.,.,.,.,p,.,.,.,.,.,.,.,.,.,.,,,,,,,,,,,,,,,,,,,,,,,,,,,,,,,,,,,,,,,,,,,,,,,,,,,,,,,,,,,,,,,,,,,,,,,,
21_08,21,08,f,15,12/11/21,03/09/23,m,n,9.53,9.53,75.8,76,.,.,.,.,w,1456357,1461558,2,r,2,r,2,r,12,cu,,,,,,,,,,,,,,,,,,,,,,,,,,,,,,,,,,,,,,,,,,,,,,,,,,,,,,,,,,,,,,,,,,,,,,,,,,,,,,,,,,,,,,,,,,,,,,,,,,,,,,,,,,
21_08,21,08,f,15,12/11/21,03/09/23,m,n,9.53,9.53,75.8,76,.,.,.,.,w,1461558,1461559,2,r,2,r,2,r,12,cu,,,,,,,,,,,,,,,,,,33,y,.,.,.,.,i,.,.,.,.,y,.,.,.,.,.,10,ca,,,,,,,,,,,,,,,,,,49,.,.,.,.,y,i,.,.,.,.,y,.,.,.,.,.,,,,,,,,,,,,,,,,,,,,,,,,,,,,,,,,,,,,
21_08,21,08,f,15,12/11/21,03/09/23,m,n,9.53,9.53,75.8,76,.,.,.,.,w,1461559,1466522,2,r,2,r,2,r,,,,,,,,,,,,,,,,,,,,,,,,,,,,,,,,,,,,,,,,,,,,,,,,,,,,,,,,,,,,,,,,,,,,,,,,,,,,,,,,,,,,,,,,,,,,,,,,,,,,,,,,,,,,
21_08,21,08,f,15,12/11/21,03/09/23,m,n,9.53,9.53,75.8,76,.,.,.,.,w,1466522,1466523,2,r,2,r,2,r,13,cu,,,,,,,,,,,,,,,,,,34,y,.,.,.,.,p,.,.,.,.,.,.,.,.,.,.,,,,,,,,,,,,,,,,,,,,,,,,,,,,,,,,,,,,,,,,,,,,,,,,,,,,,,,,,,,,,,,,,,,,,,,,
21_08,21,08,f,15,12/11/21,03/09/23,m,n,9.53,9.53,75.8,76,.,.,.,.,w,1466523,1471044,2,r,2,r,2,r,13,cu,,,,,,,,,,,,,,,,,,,,,,,,,,,,,,,,,,,,,,,,,,,,,,,,,,,,,,,,,,,,,,,,,,,,,,,,,,,,,,,,,,,,,,,,,,,,,,,,,,,,,,,,,,
21_08,21,08,f,15,12/11/21,03/09/23,m,n,9.53,9.53,75.8,76,.,.,.,.,w,1471044,1471045,2,r,2,r,2,r,13,cu,,,,,,,,,,,,,,,,,,35,y,.,.,.,.,i,.,.,.,.,y,.,.,.,.,.,11,ca,,,,,,,,,,,,,,,,,,49,.,.,.,.,y,i,.,.,.,.,y,.,.,.,.,.,,,,,,,,,,,,,,,,,,,,,,,,,,,,,,,,,,,,
21_08,21,08,f,15,12/11/21,03/09/23,m,n,9.53,9.53,75.8,76,.,.,.,.,w,1471045,1474036,2,r,2,r,2,r,,,,,,,,,,,,,,,,,,,,,,,,,,,,,,,,,,,,,,,,,,,,,,,,,,,,,,,,,,,,,,,,,,,,,,,,,,,,,,,,,,,,,,,,,,,,,,,,,,,,,,,,,,,,
21_08,21,08,f,15,12/11/21,03/09/23,m,n,9.53,9.53,75.8,76,.,.,.,.,w,1474036,1537005,2,r,2,r,2,r,14,ca,36,y,.,.,.,.,pu,.,.,.,.,.,.,.,.,.,.,,,,,,,,,,,,,,,,,,,,,,,,,,,,,,,,,,,,,,,,,,,,,,,,,,,,,,,,,,,,,,,,,,,,,,,,,,,,,,,,,,,,,,,,,
21_08,21,08,f,15,12/11/21,03/09/23,m,n,9.53,9.53,75.8,76,.,.,.,.,w,1537005,1559886,2,r,2,r,2,r,,,,,,,,,,,,,,,,,,,,,,,,,,,,,,,,,,,,,,,,,,,,,,,,,,,,,,,,,,,,,,,,,,,,,,,,,,,,,,,,,,,,,,,,,,,,,,,,,,,,,,,,,,,,
21_08,21,08,f,15,12/11/21,03/09/23,m,n,9.53,9.53,75.8,76,.,.,.,.,w,1559886,1559887,2,r,2,r,2,r,15,sh,,,,,,,,,,,,,,,,,,37,y,.,.,.,.,p,.,.,.,.,.,.,.,.,.,.,,,,,,,,,,,,,,,,,,,,,,,,,,,,,,,,,,,,,,,,,,,,,,,,,,,,,,,,,,,,,,,,,,,,,,,,
21_08,21,08,f,15,12/11/21,03/09/23,m,n,9.53,9.53,75.8,76,.,.,.,.,w,1559887,1570698,2,r,2,r,2,r,15,sh,,,,,,,,,,,,,,,,,,,,,,,,,,,,,,,,,,,,,,,,,,,,,,,,,,,,,,,,,,,,,,,,,,,,,,,,,,,,,,,,,,,,,,,,,,,,,,,,,,,,,,,,,,
21_08,21,08,f,15,12/11/21,03/09/23,m,n,9.53,9.53,75.8,76,.,.,.,.,w,1570698,1570699,2,r,2,r,2,r,15,sh,,,,,,,,,,,,,,,,,,38,y,.,.,.,.,d,.,.,.,.,.,.,.,.,.,.,,,,,,,,,,,,,,,,,,,,,,,,,,,,,,,,,,,,,,,,,,,,,,,,,,,,,,,,,,,,,,,,,,,,,,,,
21_08,21,08,f,15,12/11/21,03/09/23,m,n,9.53,9.53,75.8,76,.,.,.,.,w,1570699,1579912,2,r,2,r,2,r,,,,,,,,,,,,,,,,,,,,,,,,,,,,,,,,,,,,,,,,,,,,,,,,,,,,,,,,,,,,,,,,,,,,,,,,,,,,,,,,,,,,,,,,,,,,,,,,,,,,,,,,,,,,
21_08,21,08,f,15,12/11/21,03/09/23,m,n,9.53,9.53,75.8,76,.,.,.,.,w,1579912,1579913,2,r,2,r,2,r,16,b,,,,,,,,,,,,,,,,,,39,y,.,.,.,.,p,.,.,.,.,.,.,.,.,.,.,,,,,,,,,,,,,,,,,,,,,,,,,,,,,,,,,,,,,,,,,,,,,,,,,,,,,,,,,,,,,,,,,,,,,,,,
21_08,21,08,f,15,12/11/21,03/09/23,m,n,9.53,9.53,75.8,76,.,.,.,.,w,1579913,1588650,2,r,2,r,2,r,16,b,,,,,,,,,,,,,,,,,,,,,,,,,,,,,,,,,,,,,,,,,,,,,,,,,,,,,,,,,,,,,,,,,,,,,,,,,,,,,,,,,,,,,,,,,,,,,,,,,,,,,,,,,,
21_08,21,08,f,15,12/11/21,03/09/23,m,n,9.53,9.53,75.8,76,.,.,.,.,w,1588650,1601843,2,r,2,r,2,r,16,b,40,y,.,.,.,.,b,.,.,.,.,.,.,.,.,.,.,,,,,,,,,,,,,,,,,,,,,,,,,,,,,,,,,,,,,,,,,,,,,,,,,,,,,,,,,,,,,,,,,,,,,,,,,,,,,,,,,,,,,,,,,
21_08,21,08,f,15,12/11/21,03/09/23,m,n,9.53,9.53,75.8,76,.,.,.,.,w,1601843,1604188,2,r,2,r,2,r,,,,,,,,,,,,,,,,,,,,,,,,,,,,,,,,,,,,,,,,,,,,,,,,,,,,,,,,,,,,,,,,,,,,,,,,,,,,,,,,,,,,,,,,,,,,,,,,,,,,,,,,,,,,
21_08,21,08,f,15,12/11/21,03/09/23,m,n,9.53,9.53,75.8,76,.,.,.,.,w,1604188,1610989,2,r,2,r,2,r,17,s,41,y,.,.,.,.,pu,.,.,.,.,.,.,.,.,.,.,,,,,,,,,,,,,,,,,,,,,,,,,,,,,,,,,,,,,,,,,,,,,,,,,,,,,,,,,,,,,,,,,,,,,,,,,,,,,,,,,,,,,,,,,
21_08,21,08,f,15,12/11/21,03/09/23,m,n,9.53,9.53,75.8,76,.,.,.,.,w,1610989,1620746,2,r,2,r,2,r,,,,,,,,,,,,,,,,,,,,,,,,,,,,,,,,,,,,,,,,,,,,,,,,,,,,,,,,,,,,,,,,,,,,,,,,,,,,,,,,,,,,,,,,,,,,,,,,,,,,,,,,,,,,
21_08,21,08,f,15,12/11/21,03/09/23,m,n,9.53,9.53,75.8,76,.,.,.,.,w,1620746,1620747,2,r,2,r,2,r,18,bu,,,,,,,,,,,,,,,,,,42,y,.,.,.,.,p,.,.,.,.,.,.,.,.,.,.,,,,,,,,,,,,,,,,,,,,,,,,,,,,,,,,,,,,,,,,,,,,,,,,,,,,,,,,,,,,,,,,,,,,,,,,
21_08,21,08,f,15,12/11/21,03/09/23,m,n,9.53,9.53,75.8,76,.,.,.,.,w,1620747,1637304,2,r,2,r,2,r,18,bu,,,,,,,,,,,,,,,,,,,,,,,,,,,,,,,,,,,,,,,,,,,,,,,,,,,,,,,,,,,,,,,,,,,,,,,,,,,,,,,,,,,,,,,,,,,,,,,,,,,,,,,,,,
21_08,21,08,f,15,12/11/21,03/09/23,m,n,9.53,9.53,75.8,76,.,.,.,.,w,1637304,1638291,2,r,2,r,2,r,18,bu,43,y,.,.,.,.,s,.,.,.,.,.,.,.,.,.,.,,,,,,,,,,,,,,,,,,,,,,,,,,,,,,,,,,,,,,,,,,,,,,,,,,,,,,,,,,,,,,,,,,,,,,,,,,,,,,,,,,,,,,,,,
21_08,21,08,f,15,12/11/21,03/09/23,m,n,9.53,9.53,75.8,76,.,.,.,.,w,1638291,1641733,2,r,2,r,2,r,18,bu,,,,,,,,,,,,,,,,,,,,,,,,,,,,,,,,,,,,,,,,,,,,,,,,,,,,,,,,,,,,,,,,,,,,,,,,,,,,,,,,,,,,,,,,,,,,,,,,,,,,,,,,,,
21_08,21,08,f,15,12/11/21,03/09/23,m,n,9.53,9.53,75.8,76,.,.,.,.,w,1641733,1641734,2,r,2,r,2,r,18,bu,,,,,,,,,,,,,,,,,,44,y,.,.,.,.,d,.,.,.,.,.,.,.,.,.,.,,,,,,,,,,,,,,,,,,,,,,,,,,,,,,,,,,,,,,,,,,,,,,,,,,,,,,,,,,,,,,,,,,,,,,,,
21_08,21,08,f,15,12/11/21,03/09/23,m,n,9.53,9.53,75.8,76,.,.,.,.,w,1641734,1643492,2,r,2,r,2,r,,,,,,,,,,,,,,,,,,,,,,,,,,,,,,,,,,,,,,,,,,,,,,,,,,,,,,,,,,,,,,,,,,,,,,,,,,,,,,,,,,,,,,,,,,,,,,,,,,,,,,,,,,,,
21_08,21,08,f,15,12/11/21,03/09/23,m,n,9.53,9.53,75.8,76,.,.,.,.,w,1643492,1645192,2,r,2,r,2,r,19,bu,,,,,,,,,,,,,,,,,,,,,,,,,,,,,,,,,,,,,,,,,,,,,,,,,,,,,,,,,,,,,,,,,,,,,,,,,,,,,,,,,,,,,,,,,,,,,,,,,,,,,,,,,,
21_08,21,08,f,15,12/11/21,03/09/23,m,n,9.53,9.53,75.8,76,.,.,.,.,w,1645192,1645193,2,r,2,r,2,r,19,bu,,,,,,,,,,,,,,,,,,45,y,.,.,.,.,p,.,.,.,.,.,.,.,.,.,.,,,,,,,,,,,,,,,,,,,,,,,,,,,,,,,,,,,,,,,,,,,,,,,,,,,,,,,,,,,,,,,,,,,,,,,,
21_08,21,08,f,15,12/11/21,03/09/23,m,n,9.53,9.53,75.8,76,.,.,.,.,w,1645193,1668346,2,r,2,r,2,r,19,bu,,,,,,,,,,,,,,,,,,,,,,,,,,,,,,,,,,,,,,,,,,,,,,,,,,,,,,,,,,,,,,,,,,,,,,,,,,,,,,,,,,,,,,,,,,,,,,,,,,,,,,,,,,
21_08,21,08,f,15,12/11/21,03/09/23,m,n,9.53,9.53,75.8,76,.,.,.,.,w,1668346,1669469,2,r,2,r,2,r,19,bu,46,y,.,.,.,.,s,y,.,.,.,.,.,.,.,.,.,,,,,,,,,,,,,,,,,,,,,,,,,,,,,,,,,,,,,,,,,,,,,,,,,,,,,,,,,,,,,,,,,,,,,,,,,,,,,,,,,,,,,,,,,
21_08,21,08,f,15,12/11/21,03/09/23,m,n,9.53,9.53,75.8,76,.,.,.,.,w,1669469,1671746,2,r,2,r,2,r,19,bu,,,,,,,,,,,,,,,,,,,,,,,,,,,,,,,,,,,,,,,,,,,,,,,,,,,,,,,,,,,,,,,,,,,,,,,,,,,,,,,,,,,,,,,,,,,,,,,,,,,,,,,,,,
21_08,21,08,f,15,12/11/21,03/09/23,m,n,9.53,9.53,75.8,76,.,.,.,.,w,1671746,1671747,2,r,2,r,2,r,19,bu,,,,,,,,,,,,,,,,,,47,y,.,.,.,.,o,.,.,.,y,.,.,.,.,.,.,,,,,,,,,,,,,,,,,,,,,,,,,,,,,,,,,,,,,,,,,,,,,,,,,,,,,,,,,,,,,,,,,,,,,,,,
21_08,21,08,f,15,12/11/21,03/09/23,m,n,9.53,9.53,75.8,76,.,.,.,.,w,1671747,1672630,2,r,2,r,2,r,19,bu,,,,,,,,,,,,,,,,,,,,,,,,,,,,,,,,,,,,,,,,,,,,,,,,,,,,,,,,,,,,,,,,,,,,,,,,,,,,,,,,,,,,,,,,,,,,,,,,,,,,,,,,,,
21_08,21,08,f,15,12/11/21,03/09/23,m,n,9.53,9.53,75.8,76,.,.,.,.,w,1672630,1672631,2,r,2,r,2,r,19,bu,,,,,,,,,,,,,,,,,,48,y,.,.,.,.,o,.,.,.,y,.,.,.,.,.,.,,,,,,,,,,,,,,,,,,,,,,,,,,,,,,,,,,,,,,,,,,,,,,,,,,,,,,,,,,,,,,,,,,,,,,,,
21_08,21,08,f,15,12/11/21,03/09/23,m,n,9.53,9.53,75.8,76,.,.,.,.,w,1672631,1673684,2,r,2,r,2,r,19,bu,,,,,,,,,,,,,,,,,,,,,,,,,,,,,,,,,,,,,,,,,,,,,,,,,,,,,,,,,,,,,,,,,,,,,,,,,,,,,,,,,,,,,,,,,,,,,,,,,,,,,,,,,,
21_08,21,08,f,15,12/11/21,03/09/23,m,n,9.53,9.53,75.8,76,.,.,.,.,w,1673684,1673685,2,r,2,r,2,r,19,bu,,,,,,,,,,,,,,,,,,49,y,.,.,.,.,i,.,.,.,.,y,.,.,.,.,.,12,s,,,,,,,,,,,,,,,,,,49,y,.,.,.,.,i,.,.,.,.,y,.,.,.,.,.,,,,,,,,,,,,,,,,,,,,,,,,,,,,,,,,,,,,
21_08,21,08,f,15,12/11/21,03/09/23,m,n,9.53,9.53,75.8,76,.,.,.,.,w,1673685,1674331,2,r,2,r,2,r,19,bu,,,,,,,,,,,,,,,,,,,,,,,,,,,,,,,,,,,12,s,,,,,,,,,,,,,,,,,,,,,,,,,,,,,,,,,,,,,,,,,,,,,,,,,,,,,,,,,,,,,,,,,,,,,,
21_08,21,08,f,15,12/11/21,03/09/23,m,n,9.53,9.53,75.8,76,.,.,.,.,w,1674331,1675316,2,r,2,r,2,r,19,bu,,,,,,,,,,,,,,,,,,,,,,,,,,,,,,,,,,,,,,,,,,,,,,,,,,,,,,,,,,,,,,,,,,,,,,,,,,,,,,,,,,,,,,,,,,,,,,,,,,,,,,,,,,
21_08,21,08,f,15,12/11/21,03/09/23,m,n,9.53,9.53,75.8,76,.,.,.,.,w,1675316,1675317,,,,,,,19,bu,,,,,,,,,,,,,,,,,,,,,,,,,,,,,,,,,,,,,,,,,,,,,,,,,,,,,,,,,,,,,,,,,,,,,,,,,,,,,,,,,,,,,,,,,,,,,,,,,,,,,,,,,,
21_08,21,08,f,15,12/11/21,03/09/23,m,n,9.53,9.53,75.8,76,.,.,.,.,w,1675317,1856128,,,,,,,,,,,,,,,,,,,,,,,,,,,,,,,,,,,,,,,,,,,,,,,,,,,,,,,,,,,,,,,,,,,,,,,,,,,,,,,,,,,,,,,,,,,,,,,,,,,,,,,,,,,,,,,,,,
21_08,21,08,f,15,12/11/21,03/09/23,m,n,9.53,9.53,75.8,76,.,.,.,.,w,1856128,2262462,3,b,,,,,,,,,,,,,,,,,,,,,,,,,,,,,,,,,,,,,,,,,,,,,,,,,,,,,,,,,,,,,,,,,,,,,,,,,,,,,,,,,,,,,,,,,,,,,,,,,,,,,,,,,,,,,,,,
21_08,21,08,f,15,12/11/21,03/09/23,m,n,9.53,9.53,75.8,76,.,.,.,.,w,2262462,2281468,,,,,,,,,,,,,,,,,,,,,,,,,,,,,,,,,,,,,,,,,,,,,,,,,,,,,,,,,,,,,,,,,,,,,,,,,,,,,,,,,,,,,,,,,,,,,,,,,,,,,,,,,,,,,,,,,,
21_08,21,08,f,15,12/11/21,03/09/23,m,n,9.53,9.53,75.8,76,.,.,.,.,w,2281468,2561832,4,g,,,,,,,,,,,,,,,,,,,,,,,,,,,,,,,,,,,,,,,,,,,,,,,,,,,,,,,,,,,,,,,,,,,,,,,,,,,,,,,,,,,,,,,,,,,,,,,,,,,,,,,,,,,,,,,,
21_08,21,08,f,15,12/11/21,03/09/23,m,n,9.53,9.53,75.8,76,.,.,.,.,w,2561832,2712588,,,,,,,,,,,,,,,,,,,,,,,,,,,,,,,,,,,,,,,,,,,,,,,,,,,,,,,,,,,,,,,,,,,,,,,,,,,,,,,,,,,,,,,,,,,,,,,,,,,,,,,,,,,,,,,,,,
21_08,21,08,f,15,12/11/21,03/09/23,m,n,9.53,9.53,75.8,76,.,.,.,.,w,2712588,2812956,5,m,,,,,,,,,,,,,,,,,,,,,,,,,,,,,,,,,,,,,,,,,,,,,,,,,,,,,,,,,,,,,,,,,,,,,,,,,,,,,,,,,,,,,,,,,,,,,,,,,,,,,,,,,,,,,,,,
21_09,21,09,f,17,12/11/21,05/18/23,m,n,9.98,10.00,78.9,79.1,36,.,36,.,w,296344,900830,1,p,1,p,1,p,,,,,,,,,,,,,,,,,,,,,,,,,,,,,,,,,,,,,,,,,,,,,,,,,,,,,,,,,,,,,,,,,,,,,,,,,,,,,,,,,,,,,,,,,,,,,,,,,,,,,,,,,,,,
21_09,21,09,f,17,12/11/21,05/18/23,m,n,9.98,10.00,78.9,79.1,36,.,36,.,w,900830,983824,,,,,,,,,,,,,,,,,,,,,,,,,,,,,,,,,,,,,,,,,,,,,,,,,,,,,,,,,,,,,,,,,,,,,,,,,,,,,,,,,,,,,,,,,,,,,,,,,,,,,,,,,,,,,,,,,,
21_09,21,09,f,17,12/11/21,05/18/23,m,n,9.98,10.00,78.9,79.1,36,.,36,.,w,983824,1025950,2,r,2,r,2,r,,,,,,,,,,,,,,,,,,,,,,,,,,,,,,,,,,,,,,,,,,,,,,,,,,,,,,,,,,,,,,,,,,,,,,,,,,,,,,,,,,,,,,,,,,,,,,,,,,,,,,,,,,,,
21_09,21,09,f,17,12/11/21,05/18/23,m,n,9.98,10.00,78.9,79.1,36,.,36,.,w,1025950,1041455,2,r,2,r,2,r,1,a,1,y,.,.,.,.,t,.,.,.,.,.,.,.,.,.,.,,,,,,,,,,,,,,,,,,,,,,,,,,,,,,,,,,,,,,,,,,,,,,,,,,,,,,,,,,,,,,,,,,,,,,,,,,,,,,,,,,,,,,,,,
21_09,21,09,f,17,12/11/21,05/18/23,m,n,9.98,10.00,78.9,79.1,36,.,36,.,w,1041455,1044990,2,r,2,r,2,r,,,,,,,,,,,,,,,,,,,,,,,,,,,,,,,,,,,,,,,,,,,,,,,,,,,,,,,,,,,,,,,,,,,,,,,,,,,,,,,,,,,,,,,,,,,,,,,,,,,,,,,,,,,,
21_09,21,09,f,17,12/11/21,05/18/23,m,n,9.98,10.00,78.9,79.1,36,.,36,.,w,1044990,1044991,2,r,2,r,2,r,2,g,,,,,,,,,,,,,,,,,,2,y,.,.,.,.,p,.,y,.,.,.,.,.,.,.,.,,,,,,,,,,,,,,,,,,,,,,,,,,,,,,,,,,,,,,,,,,,,,,,,,,,,,,,,,,,,,,,,,,,,,,,,
21_09,21,09,f,17,12/11/21,05/18/23,m,n,9.98,10.00,78.9,79.1,36,.,36,.,w,1044991,1050940,2,r,2,r,2,r,2,g,,,,,,,,,,,,,,,,,,,,,,,,,,,,,,,,,,,,,,,,,,,,,,,,,,,,,,,,,,,,,,,,,,,,,,,,,,,,,,,,,,,,,,,,,,,,,,,,,,,,,,,,,,
21_09,21,09,f,17,12/11/21,05/18/23,m,n,9.98,10.00,78.9,79.1,36,.,36,.,w,1050940,1052029,2,r,2,r,2,r,2,g,3,y,.,.,.,.,a,.,.,y,.,.,.,.,.,.,.,,,,,,,,,,,,,,,,,,,,,,,,,,,,,,,,,,,,,,,,,,,,,,,,,,,,,,,,,,,,,,,,,,,,,,,,,,,,,,,,,,,,,,,,,
21_09,21,09,f,17,12/11/21,05/18/23,m,n,9.98,10.00,78.9,79.1,36,.,36,.,w,1052029,1054272,2,r,2,r,2,r,2,g,,,,,,,,,,,,,,,,,,,,,,,,,,,,,,,,,,,,,,,,,,,,,,,,,,,,,,,,,,,,,,,,,,,,,,,,,,,,,,,,,,,,,,,,,,,,,,,,,,,,,,,,,,
21_09,21,09,f,17,12/11/21,05/18/23,m,n,9.98,10.00,78.9,79.1,36,.,36,.,w,1054272,1054273,2,r,2,r,2,r,2,g,,,,,,,,,,,,,,,,,,4,y,.,.,.,.,p,.,.,.,.,.,.,.,.,.,.,,,,,,,,,,,,,,,,,,,,,,,,,,,,,,,,,,,,,,,,,,,,,,,,,,,,,,,,,,,,,,,,,,,,,,,,
21_09,21,09,f,17,12/11/21,05/18/23,m,n,9.98,10.00,78.9,79.1,36,.,36,.,w,1054273,1065662,2,r,2,r,2,r,2,g,,,,,,,,,,,,,,,,,,,,,,,,,,,,,,,,,,,,,,,,,,,,,,,,,,,,,,,,,,,,,,,,,,,,,,,,,,,,,,,,,,,,,,,,,,,,,,,,,,,,,,,,,,
21_09,21,09,f,17,12/11/21,05/18/23,m,n,9.98,10.00,78.9,79.1,36,.,36,.,w,1065662,1065663,2,r,2,r,2,r,2,g,,,,,,,,,,,,,,,,,,5,y,.,.,.,.,d,.,.,.,.,.,.,.,.,.,.,,,,,,,,,,,,,,,,,,,,,,,,,,,,,,,,,,,,,,,,,,,,,,,,,,,,,,,,,,,,,,,,,,,,,,,,
21_09,21,09,f,17,12/11/21,05/18/23,m,n,9.98,10.00,78.9,79.1,36,.,36,.,w,1065663,1075284,2,r,2,r,2,r,2,g,,,,,,,,,,,,,,,,,,,,,,,,,,,,,,,,,,,,,,,,,,,,,,,,,,,,,,,,,,,,,,,,,,,,,,,,,,,,,,,,,,,,,,,,,,,,,,,,,,,,,,,,,,
21_09,21,09,f,17,12/11/21,05/18/23,m,n,9.98,10.00,78.9,79.1,36,.,36,.,w,1075284,1078243,2,r,2,r,2,r,2,g,6,y,.,.,.,.,s,.,.,.,.,.,.,.,.,.,.,,,,,,,,,,,,,,,,,,,,,,,,,,,,,,,,,,,,,,,,,,,,,,,,,,,,,,,,,,,,,,,,,,,,,,,,,,,,,,,,,,,,,,,,,
21_09,21,09,f,17,12/11/21,05/18/23,m,n,9.98,10.00,78.9,79.1,36,.,36,.,w,1078243,1081812,2,r,2,r,2,r,2,g,,,,,,,,,,,,,,,,,,,,,,,,,,,,,,,,,,,,,,,,,,,,,,,,,,,,,,,,,,,,,,,,,,,,,,,,,,,,,,,,,,,,,,,,,,,,,,,,,,,,,,,,,,
21_09,21,09,f,17,12/11/21,05/18/23,m,n,9.98,10.00,78.9,79.1,36,.,36,.,w,1081812,1120573,2,r,2,r,2,r,2,g,7,y,.,.,.,.,t,.,.,.,.,.,.,.,.,.,y,,,,,,,,,,,,,,,,,,,,,,,,,,,,,,,,,,,,,,,,,,,,,,,,,,,,,,,,,,,,,,,,,,,,,,,,,,,,,,,,,,,,,,,,,
21_09,21,09,f,17,12/11/21,05/18/23,m,n,9.98,10.00,78.9,79.1,36,.,36,.,w,1120573,1121933,2,r,2,r,2,r,2,g,8,y,.,.,.,.,s,.,.,.,.,.,.,.,.,.,.,,,,,,,,,,,,,,,,,,,,,,,,,,,,,,,,,,,,,,,,,,,,,,,,,,,,,,,,,,,,,,,,,,,,,,,,,,,,,,,,,,,,,,,,,
21_09,21,09,f,17,12/11/21,05/18/23,m,n,9.98,10.00,78.9,79.1,36,.,36,.,w,1121933,1133153,2,r,2,r,2,r,2,g,9,y,.,.,.,.,t,.,.,.,.,.,.,.,.,.,.,,,,,,,,,,,,,,,,,,,,,,,,,,,,,,,,,,,,,,,,,,,,,,,,,,,,,,,,,,,,,,,,,,,,,,,,,,,,,,,,,,,,,,,,,
21_09,21,09,f,17,12/11/21,05/18/23,m,n,9.98,10.00,78.9,79.1,36,.,36,.,w,1133153,1133867,2,r,2,r,2,r,2,g,10,y,.,.,.,.,pu,.,.,.,.,.,.,.,.,.,.,,,,,,,,,,,,,,,,,,,,,,,,,,,,,,,,,,,,,,,,,,,,,,,,,,,,,,,,,,,,,,,,,,,,,,,,,,,,,,,,,,,,,,,,,
21_09,21,09,f,17,12/11/21,05/18/23,m,n,9.98,10.00,78.9,79.1,36,.,36,.,w,1133867,1138728,2,r,2,r,2,r,2,g,,,,,,,,,,,,,,,,,,,,,,,,,,,,,,,,,,,,,,,,,,,,,,,,,,,,,,,,,,,,,,,,,,,,,,,,,,,,,,,,,,,,,,,,,,,,,,,,,,,,,,,,,,
21_09,21,09,f,17,12/11/21,05/18/23,m,n,9.98,10.00,78.9,79.1,36,.,36,.,w,1138728,1140769,2,r,2,r,2,r,2,g,11,y,.,.,.,.,s,.,.,.,.,.,.,.,.,.,.,,,,,,,,,,,,,,,,,,,,,,,,,,,,,,,,,,,,,,,,,,,,,,,,,,,,,,,,,,,,,,,,,,,,,,,,,,,,,,,,,,,,,,,,,
21_09,21,09,f,17,12/11/21,05/18/23,m,n,9.98,10.00,78.9,79.1,36,.,36,.,w,1140769,1144916,2,r,2,r,2,r,2,g,,,,,,,,,,,,,,,,,,,,,,,,,,,,,,,,,,,,,,,,,,,,,,,,,,,,,,,,,,,,,,,,,,,,,,,,,,,,,,,,,,,,,,,,,,,,,,,,,,,,,,,,,,
21_09,21,09,f,17,12/11/21,05/18/23,m,n,9.98,10.00,78.9,79.1,36,.,36,.,w,1144916,1146175,2,r,2,r,2,r,2,g,12,y,.,.,.,.,s,.,.,.,.,.,.,.,.,.,.,,,,,,,,,,,,,,,,,,,,,,,,,,,,,,,,,,,,,,,,,,,,,,,,,,,,,,,,,,,,,,,,,,,,,,,,,,,,,,,,,,,,,,,,,
21_09,21,09,f,17,12/11/21,05/18/23,m,n,9.98,10.00,78.9,79.1,36,.,36,.,w,1146175,1151988,2,r,2,r,2,r,2,g,,,,,,,,,,,,,,,,,,,,,,,,,,,,,,,,,,,,,,,,,,,,,,,,,,,,,,,,,,,,,,,,,,,,,,,,,,,,,,,,,,,,,,,,,,,,,,,,,,,,,,,,,,
21_09,21,09,f,17,12/11/21,05/18/23,m,n,9.98,10.00,78.9,79.1,36,.,36,.,w,1151988,1151989,2,r,2,r,2,r,2,g,,,,,,,,,,,,,,,,,,13,y,.,.,.,.,d,.,.,.,.,.,.,.,.,.,.,,,,,,,,,,,,,,,,,,,,,,,,,,,,,,,,,,,,,,,,,,,,,,,,,,,,,,,,,,,,,,,,,,,,,,,,
21_09,21,09,f,17,12/11/21,05/18/23,m,n,9.98,10.00,78.9,79.1,36,.,36,.,w,1151989,1156102,2,r,2,r,2,r,,,,,,,,,,,,,,,,,,,,,,,,,,,,,,,,,,,,,,,,,,,,,,,,,,,,,,,,,,,,,,,,,,,,,,,,,,,,,,,,,,,,,,,,,,,,,,,,,,,,,,,,,,,,
21_09,21,09,f,17,12/11/21,05/18/23,m,n,9.98,10.00,78.9,79.1,36,.,36,.,w,1156102,1156103,2,r,2,r,2,r,3,g,,,,,,,,,,,,,,,,,,14,y,.,.,.,.,p,.,.,.,.,.,.,.,.,.,.,,,,,,,,,,,,,,,,,,,,,,,,,,,,,,,,,,,,,,,,,,,,,,,,,,,,,,,,,,,,,,,,,,,,,,,,
21_09,21,09,f,17,12/11/21,05/18/23,m,n,9.98,10.00,78.9,79.1,36,.,36,.,w,1156103,1160250,2,r,2,r,2,r,3,g,,,,,,,,,,,,,,,,,,,,,,,,,,,,,,,,,,,,,,,,,,,,,,,,,,,,,,,,,,,,,,,,,,,,,,,,,,,,,,,,,,,,,,,,,,,,,,,,,,,,,,,,,,
21_09,21,09,f,17,12/11/21,05/18/23,m,n,9.98,10.00,78.9,79.1,36,.,36,.,w,1160250,1160251,2,r,2,r,2,r,3,g,,,,,,,,,,,,,,,,,,15,y,.,.,.,.,d,.,.,.,.,.,.,.,.,.,.,,,,,,,,,,,,,,,,,,,,,,,,,,,,,,,,,,,,,,,,,,,,,,,,,,,,,,,,,,,,,,,,,,,,,,,,
21_09,21,09,f,17,12/11/21,05/18/23,m,n,9.98,10.00,78.9,79.1,36,.,36,.,w,1160251,1162188,2,r,2,r,2,r,3,g,,,,,,,,,,,,,,,,,,,,,,,,,,,,,,,,,,,,,,,,,,,,,,,,,,,,,,,,,,,,,,,,,,,,,,,,,,,,,,,,,,,,,,,,,,,,,,,,,,,,,,,,,,
21_09,21,09,f,17,12/11/21,05/18/23,m,n,9.98,10.00,78.9,79.1,36,.,36,.,w,1162188,1162189,2,r,2,r,2,r,3,g,,,,,,,,,,,,,,,,,,16,y,.,.,.,.,p,.,.,.,.,.,.,.,.,.,.,,,,,,,,,,,,,,,,,,,,,,,,,,,,,,,,,,,,,,,,,,,,,,,,,,,,,,,,,,,,,,,,,,,,,,,,
21_09,21,09,f,17,12/11/21,05/18/23,m,n,9.98,10.00,78.9,79.1,36,.,36,.,w,1162189,1174564,2,r,2,r,2,r,3,g,,,,,,,,,,,,,,,,,,,,,,,,,,,,,,,,,,,,,,,,,,,,,,,,,,,,,,,,,,,,,,,,,,,,,,,,,,,,,,,,,,,,,,,,,,,,,,,,,,,,,,,,,,
21_09,21,09,f,17,12/11/21,05/18/23,m,n,9.98,10.00,78.9,79.1,36,.,36,.,w,1174564,1174565,2,r,2,r,2,r,3,g,,,,,,,,,,,,,,,,,,,,,,,,,,,,,,,,,,,1,b,,,,,,,,,,,,,,,,,,45,y,.,.,.,.,p,.,.,.,.,.,.,.,.,.,.,,,,,,,,,,,,,,,,,,,,,,,,,,,,,,,,,,,,
21_09,21,09,f,17,12/11/21,05/18/23,m,n,9.98,10.00,78.9,79.1,36,.,36,.,w,1174565,1184968,2,r,2,r,2,r,3,g,,,,,,,,,,,,,,,,,,,,,,,,,,,,,,,,,,,1,b,,,,,,,,,,,,,,,,,,,,,,,,,,,,,,,,,,,,,,,,,,,,,,,,,,,,,,,,,,,,,,,,,,,,,,
21_09,21,09,f,17,12/11/21,05/18/23,m,n,9.98,10.00,78.9,79.1,36,.,36,.,w,1184968,1185037,2,r,2,r,2,r,3,g,,,,,,,,,,,,,,,,,,,,,,,,,,,,,,,,,,,1,b,45,y,.,.,.,.,b,.,.,.,.,.,.,.,.,.,.,,,,,,,,,,,,,,,,,,1,m,45,.,.,.,.,y,hi,y,.,.,.,.,.,.,.,.,.,,,,,,,,,,,,,,,,,
21_09,21,09,f,17,12/11/21,05/18/23,m,n,9.98,10.00,78.9,79.1,36,.,36,.,w,1185037,1189354,2,r,2,r,2,r,3,g,,,,,,,,,,,,,,,,,,,,,,,,,,,,,,,,,,,1,b,,,,,,,,,,,,,,,,,,,,,,,,,,,,,,,,,,,,,,,,,,,,,,,,,,,,,,,,,,,,,,,,,,,,,,
21_09,21,09,f,17,12/11/21,05/18/23,m,n,9.98,10.00,78.9,79.1,36,.,36,.,w,1189354,1197855,2,r,2,r,2,r,3,g,,,,,,,,,,,,,,,,,,,,,,,,,,,,,,,,,,,1,b,45,y,.,.,.,.,b,.,.,.,.,.,.,.,.,.,.,,,,,,,,,,,,,,,,,,,,,,,,,,,,,,,,,,,,,,,,,,,,,,,,,,,,,
21_09,21,09,f,17,12/11/21,05/18/23,m,n,9.98,10.00,78.9,79.1,36,.,36,.,w,1197855,1223728,2,r,2,r,2,r,3,g,,,,,,,,,,,,,,,,,,,,,,,,,,,,,,,,,,,1,b,,,,,,,,,,,,,,,,,,,,,,,,,,,,,,,,,,,,,,,,,,,,,,,,,,,,,,,,,,,,,,,,,,,,,,
21_09,21,09,f,17,12/11/21,05/18/23,m,n,9.98,10.00,78.9,79.1,36,.,36,.,w,1223728,1223729,2,r,2,r,2,r,3,g,,,,,,,,,,,,,,,,,,17,y,.,.,.,.,d,.,.,.,.,.,.,.,.,.,.,1,b,,,,,,,,,,,,,,,,,,,,,,,,,,,,,,,,,,,,,,,,,,,,,,,,,,,,,,,,,,,,,,,,,,,,,,
21_09,21,09,f,17,12/11/21,05/18/23,m,n,9.98,10.00,78.9,79.1,36,.,36,.,w,1223729,1233384,2,r,2,r,2,r,,,,,,,,,,,,,,,,,,,,,,,,,,,,,,,,,,,,,1,b,,,,,,,,,,,,,,,,,,,,,,,,,,,,,,,,,,,,,,,,,,,,,,,,,,,,,,,,,,,,,,,,,,,,,,
21_09,21,09,f,17,12/11/21,05/18/23,m,n,9.98,10.00,78.9,79.1,36,.,36,.,w,1233384,1233385,2,r,2,r,2,r,,,,,,,,,,,,,,,,,,,,,,,,,,,,,,,,,,,,,1,b,,,,,,,,,,,,,,,,,,45,y,.,.,.,.,p,.,.,.,.,.,.,.,.,.,.,,,,,,,,,,,,,,,,,,,,,,,,,,,,,,,,,,,,
21_09,21,09,f,17,12/11/21,05/18/23,m,n,9.98,10.00,78.9,79.1,36,.,36,.,w,1233385,1234030,2,r,2,r,2,r,,,,,,,,,,,,,,,,,,,,,,,,,,,,,,,,,,,,,1,b,,,,,,,,,,,,,,,,,,,,,,,,,,,,,,,,,,,,,,,,,,,,,,,,,,,,,,,,,,,,,,,,,,,,,,
21_09,21,09,f,17,12/11/21,05/18/23,m,n,9.98,10.00,78.9,79.1,36,.,36,.,w,1234030,1238042,2,r,2,r,2,r,4,ca,,,,,,,,,,,,,,,,,,,,,,,,,,,,,,,,,,,1,b,,,,,,,,,,,,,,,,,,,,,,,,,,,,,,,,,,,,,,,,,,,,,,,,,,,,,,,,,,,,,,,,,,,,,,
21_09,21,09,f,17,12/11/21,05/18/23,m,n,9.98,10.00,78.9,79.1,36,.,36,.,w,1238042,1238043,2,r,2,r,2,r,4,ca,,,,,,,,,,,,,,,,,,18,.,.,.,.,y,i,.,.,.,.,y,.,.,.,.,.,1,b,,,,,,,,,,,,,,,,,,45,y,.,.,.,.,i,.,.,.,.,y,.,.,.,.,.,,,,,,,,,,,,,,,,,,,,,,,,,,,,,,,,,,,,
21_09,21,09,f,17,12/11/21,05/18/23,m,n,9.98,10.00,78.9,79.1,36,.,36,.,w,1238043,1239436,2,r,2,r,2,r,4,ca,,,,,,,,,,,,,,,,,,,,,,,,,,,,,,,,,,,1,b,,,,,,,,,,,,,,,,,,,,,,,,,,,,,,,,,,,,,,,,,,,,,,,,,,,,,,,,,,,,,,,,,,,,,,
21_09,21,09,f,17,12/11/21,05/18/23,m,n,9.98,10.00,78.9,79.1,36,.,36,.,w,1239436,1239437,2,r,2,r,2,r,4,ca,,,,,,,,,,,,,,,,,,19,.,.,.,.,y,o,.,.,.,y,.,.,.,.,.,.,1,b,,,,,,,,,,,,,,,,,,45,y,.,.,.,.,o,.,.,.,y,.,.,.,.,.,.,,,,,,,,,,,,,,,,,,,,,,,,,,,,,,,,,,,,
21_09,21,09,f,17,12/11/21,05/18/23,m,n,9.98,10.00,78.9,79.1,36,.,36,.,w,1239437,1241849,2,r,2,r,2,r,4,ca,,,,,,,,,,,,,,,,,,,,,,,,,,,,,,,,,,,1,b,,,,,,,,,,,,,,,,,,,,,,,,,,,,,,,,,,,,,,,,,,,,,,,,,,,,,,,,,,,,,,,,,,,,,,
21_09,21,09,f,17,12/11/21,05/18/23,m,n,9.98,10.00,78.9,79.1,36,.,36,.,w,1241849,1241918,2,r,2,r,2,r,4,ca,20,y,.,.,.,.,pu,.,.,.,.,.,.,.,.,.,.,,,,,,,,,,,,,,,,,,1,b,,,,,,,,,,,,,,,,,,,,,,,,,,,,,,,,,,,,,,,,,,,,,,,,,,,,,,,,,,,,,,,,,,,,,,
21_09,21,09,f,17,12/11/21,05/18/23,m,n,9.98,10.00,78.9,79.1,36,.,36,.,w,1241918,1241919,2,r,2,r,2,r,4,ca,20,y,.,.,.,.,pu,.,.,.,.,.,.,.,.,.,.,,,,,,,,,,,,,,,,,,1,b,,,,,,,,,,,,,,,,,,45,y,.,.,.,.,d,.,.,.,.,.,.,.,.,.,.,,,,,,,,,,,,,,,,,,,,,,,,,,,,,,,,,,,,
21_09,21,09,f,17,12/11/21,05/18/23,m,n,9.98,10.00,78.9,79.1,36,.,36,.,w,1241919,1253682,2,r,2,r,2,r,4,ca,20,y,.,.,.,.,pu,.,.,.,.,.,.,.,.,.,.,,,,,,,,,,,,,,,,,,,,,,,,,,,,,,,,,,,,,,,,,,,,,,,,,,,,,,,,,,,,,,,,,,,,,,,,,,,,,,,,,,,,,,,,,
21_09,21,09,f,17,12/11/21,05/18/23,m,n,9.98,10.00,78.9,79.1,36,.,36,.,w,1253682,1253683,2,r,2,r,2,r,4,ca,20,y,.,.,.,.,pu,.,.,.,.,.,.,.,.,.,.,21,y,.,.,.,.,p,.,.,.,.,.,.,.,.,.,.,,,,,,,,,,,,,,,,,,,,,,,,,,,,,,,,,,,,,,,,,,,,,,,,,,,,,,,,,,,,,,,,,,,,,,,,
21_09,21,09,f,17,12/11/21,05/18/23,m,n,9.98,10.00,78.9,79.1,36,.,36,.,w,1253683,1263305,2,r,2,r,2,r,4,ca,20,y,.,.,.,.,pu,.,.,.,.,.,.,.,.,.,.,,,,,,,,,,,,,,,,,,,,,,,,,,,,,,,,,,,,,,,,,,,,,,,,,,,,,,,,,,,,,,,,,,,,,,,,,,,,,,,,,,,,,,,,,
21_09,21,09,f,17,12/11/21,05/18/23,m,n,9.98,10.00,78.9,79.1,36,.,36,.,w,1263305,1275802,2,r,2,r,2,r,,,,,,,,,,,,,,,,,,,,,,,,,,,,,,,,,,,,,,,,,,,,,,,,,,,,,,,,,,,,,,,,,,,,,,,,,,,,,,,,,,,,,,,,,,,,,,,,,,,,,,,,,,,,
21_09,21,09,f,17,12/11/21,05/18/23,m,n,9.98,10.00,78.9,79.1,36,.,36,.,w,1275802,1275803,2,r,2,r,2,r,5,sh,,,,,,,,,,,,,,,,,,22,y,.,.,.,.,d,.,.,.,.,.,.,.,.,.,.,,,,,,,,,,,,,,,,,,,,,,,,,,,,,,,,,,,,,,,,,,,,,,,,,,,,,,,,,,,,,,,,,,,,,,,,
21_09,21,09,f,17,12/11/21,05/18/23,m,n,9.98,10.00,78.9,79.1,36,.,36,.,w,1275803,1277720,2,r,2,r,2,r,5,sh,,,,,,,,,,,,,,,,,,,,,,,,,,,,,,,,,,,,,,,,,,,,,,,,,,,,,,,,,,,,,,,,,,,,,,,,,,,,,,,,,,,,,,,,,,,,,,,,,,,,,,,,,,
21_09,21,09,f,17,12/11/21,05/18/23,m,n,9.98,10.00,78.9,79.1,36,.,36,.,w,1277720,1277721,2,r,2,r,2,r,5,sh,,,,,,,,,,,,,,,,,,23,y,.,.,.,.,p,.,.,.,.,.,.,.,.,.,.,,,,,,,,,,,,,,,,,,,,,,,,,,,,,,,,,,,,,,,,,,,,,,,,,,,,,,,,,,,,,,,,,,,,,,,,
21_09,21,09,f,17,12/11/21,05/18/23,m,n,9.98,10.00,78.9,79.1,36,.,36,.,w,1277721,1279284,2,r,2,r,2,r,5,sh,,,,,,,,,,,,,,,,,,,,,,,,,,,,,,,,,,,,,,,,,,,,,,,,,,,,,,,,,,,,,,,,,,,,,,,,,,,,,,,,,,,,,,,,,,,,,,,,,,,,,,,,,,
21_09,21,09,f,17,12/11/21,05/18/23,m,n,9.98,10.00,78.9,79.1,36,.,36,.,w,1279284,1279285,2,r,2,r,2,r,5,sh,,,,,,,,,,,,,,,,,,24,y,.,.,.,.,i,.,.,.,.,.,.,.,.,.,.,,,,,,,,,,,,,,,,,,,,,,,,,,,,,,,,,,,,,,,,,,,,,,,,,,,,,,,,,,,,,,,,,,,,,,,,
21_09,21,09,f,17,12/11/21,05/18/23,m,n,9.98,10.00,78.9,79.1,36,.,36,.,w,1279285,1292714,2,r,2,r,2,r,5,sh,,,,,,,,,,,,,,,,,,,,,,,,,,,,,,,,,,,,,,,,,,,,,,,,,,,,,,,,,,,,,,,,,,,,,,,,,,,,,,,,,,,,,,,,,,,,,,,,,,,,,,,,,,
21_09,21,09,f,17,12/11/21,05/18/23,m,n,9.98,10.00,78.9,79.1,36,.,36,.,w,1292714,1292715,2,r,2,r,2,r,5,sh,,,,,,,,,,,,,,,,,,25,y,.,.,.,.,i,.,.,.,.,y,.,.,.,.,.,2,ca,,,,,,,,,,,,,,,,,,45,.,.,.,.,y,i,.,.,.,.,y,.,.,.,.,.,,,,,,,,,,,,,,,,,,,,,,,,,,,,,,,,,,,,
21_09,21,09,f,17,12/11/21,05/18/23,m,n,9.98,10.00,78.9,79.1,36,.,36,.,w,1292715,1294040,2,r,2,r,2,r,,,,,,,,,,,,,,,,,,,,,,,,,,,,,,,,,,,,,2,ca,,,,,,,,,,,,,,,,,,,,,,,,,,,,,,,,,,,,,,,,,,,,,,,,,,,,,,,,,,,,,,,,,,,,,,
21_09,21,09,f,17,12/11/21,05/18/23,m,n,9.98,10.00,78.9,79.1,36,.,36,.,w,1294040,1302675,2,r,2,r,2,r,,,,,,,,,,,,,,,,,,,,,,,,,,,,,,,,,,,,,2,ca,45,y,.,.,.,.,pu,.,.,.,.,.,.,.,.,.,.,,,,,,,,,,,,,,,,,,,,,,,,,,,,,,,,,,,,,,,,,,,,,,,,,,,,,
21_09,21,09,f,17,12/11/21,05/18/23,m,n,9.98,10.00,78.9,79.1,36,.,36,.,w,1302675,1302676,2,r,2,r,2,r,,,,,,,,,,,,,,,,,,,,,,,,,,,,,,,,,,,,,2,ca,45,y,.,.,.,.,pu,.,.,.,.,.,.,.,.,.,.,45,y,.,.,.,.,p,.,.,.,.,.,.,.,.,.,.,,,,,,,,,,,,,,,,,,,,,,,,,,,,,,,,,,,,
21_09,21,09,f,17,12/11/21,05/18/23,m,n,9.98,10.00,78.9,79.1,36,.,36,.,w,1302676,1313863,2,r,2,r,2,r,,,,,,,,,,,,,,,,,,,,,,,,,,,,,,,,,,,,,2,ca,45,y,.,.,.,.,pu,.,.,.,.,.,.,.,.,.,.,,,,,,,,,,,,,,,,,,,,,,,,,,,,,,,,,,,,,,,,,,,,,,,,,,,,,
21_09,21,09,f,17,12/11/21,05/18/23,m,n,9.98,10.00,78.9,79.1,36,.,36,.,w,1313863,1315154,2,r,2,r,2,r,,,,,,,,,,,,,,,,,,,,,,,,,,,,,,,,,,,,,,,,,,,,,,,,,,,,,,,,,,,,,,,,,,,,,,,,,,,,,,,,,,,,,,,,,,,,,,,,,,,,,,,,,,,,
21_09,21,09,f,17,12/11/21,05/18/23,m,n,9.98,10.00,78.9,79.1,36,.,36,.,w,1315154,1317704,2,r,2,r,2,r,6,bu,,,,,,,,,,,,,,,,,,,,,,,,,,,,,,,,,,,,,,,,,,,,,,,,,,,,,,,,,,,,,,,,,,,,,,,,,,,,,,,,,,,,,,,,,,,,,,,,,,,,,,,,,,
21_09,21,09,f,17,12/11/21,05/18/23,m,n,9.98,10.00,78.9,79.1,36,.,36,.,w,1317704,1317705,2,r,2,r,2,r,6,bu,,,,,,,,,,,,,,,,,,26,y,.,.,.,.,o,.,.,.,y,.,.,.,.,.,.,,,,,,,,,,,,,,,,,,,,,,,,,,,,,,,,,,,,,,,,,,,,,,,,,,,,,,,,,,,,,,,,,,,,,,,,
21_09,21,09,f,17,12/11/21,05/18/23,m,n,9.98,10.00,78.9,79.1,36,.,36,.,w,1317705,1319063,2,r,2,r,2,r,6,bu,,,,,,,,,,,,,,,,,,,,,,,,,,,,,,,,,,,,,,,,,,,,,,,,,,,,,,,,,,,,,,,,,,,,,,,,,,,,,,,,,,,,,,,,,,,,,,,,,,,,,,,,,,
21_09,21,09,f,17,12/11/21,05/18/23,m,n,9.98,10.00,78.9,79.1,36,.,36,.,w,1319063,1319064,2,r,2,r,2,r,6,bu,,,,,,,,,,,,,,,,,,27,y,.,.,.,.,p,.,.,.,.,.,.,.,.,.,.,,,,,,,,,,,,,,,,,,,,,,,,,,,,,,,,,,,,,,,,,,,,,,,,,,,,,,,,,,,,,,,,,,,,,,,,
21_09,21,09,f,17,12/11/21,05/18/23,m,n,9.98,10.00,78.9,79.1,36,.,36,.,w,1319064,1338750,2,r,2,r,2,r,6,bu,,,,,,,,,,,,,,,,,,,,,,,,,,,,,,,,,,,,,,,,,,,,,,,,,,,,,,,,,,,,,,,,,,,,,,,,,,,,,,,,,,,,,,,,,,,,,,,,,,,,,,,,,,
21_09,21,09,f,17,12/11/21,05/18/23,m,n,9.98,10.00,78.9,79.1,36,.,36,.,w,1338750,1338751,2,r,2,r,2,r,6,bu,,,,,,,,,,,,,,,,,,28,y,.,.,.,.,d,.,.,.,.,.,.,.,.,.,.,,,,,,,,,,,,,,,,,,,,,,,,,,,,,,,,,,,,,,,,,,,,,,,,,,,,,,,,,,,,,,,,,,,,,,,,
21_09,21,09,f,17,12/11/21,05/18/23,m,n,9.98,10.00,78.9,79.1,36,.,36,.,w,1338751,1345482,2,r,2,r,2,r,6,bu,,,,,,,,,,,,,,,,,,,,,,,,,,,,,,,,,,,,,,,,,,,,,,,,,,,,,,,,,,,,,,,,,,,,,,,,,,,,,,,,,,,,,,,,,,,,,,,,,,,,,,,,,,
21_09,21,09,f,17,12/11/21,05/18/23,m,n,9.98,10.00,78.9,79.1,36,.,36,.,w,1345482,1345483,2,r,2,r,2,r,6,bu,,,,,,,,,,,,,,,,,,29,y,.,.,.,.,d,.,.,.,.,.,.,.,.,.,.,,,,,,,,,,,,,,,,,,,,,,,,,,,,,,,,,,,,,,,,,,,,,,,,,,,,,,,,,,,,,,,,,,,,,,,,
21_09,21,09,f,17,12/11/21,05/18/23,m,n,9.98,10.00,78.9,79.1,36,.,36,.,w,1345483,1345924,2,r,2,r,2,r,6,bu,,,,,,,,,,,,,,,,,,,,,,,,,,,,,,,,,,,,,,,,,,,,,,,,,,,,,,,,,,,,,,,,,,,,,,,,,,,,,,,,,,,,,,,,,,,,,,,,,,,,,,,,,,
21_09,21,09,f,17,12/11/21,05/18/23,m,n,9.98,10.00,78.9,79.1,36,.,36,.,w,1345924,1345925,2,r,2,r,2,r,6,bu,,,,,,,,,,,,,,,,,,30,y,.,.,.,.,p,.,.,.,.,.,.,.,.,.,.,,,,,,,,,,,,,,,,,,,,,,,,,,,,,,,,,,,,,,,,,,,,,,,,,,,,,,,,,,,,,,,,,,,,,,,,
21_09,21,09,f,17,12/11/21,05/18/23,m,n,9.98,10.00,78.9,79.1,36,.,36,.,w,1345925,1365202,2,r,2,r,2,r,6,bu,,,,,,,,,,,,,,,,,,,,,,,,,,,,,,,,,,,,,,,,,,,,,,,,,,,,,,,,,,,,,,,,,,,,,,,,,,,,,,,,,,,,,,,,,,,,,,,,,,,,,,,,,,
21_09,21,09,f,17,12/11/21,05/18/23,m,n,9.98,10.00,78.9,79.1,36,.,36,.,w,1365202,1365203,2,r,2,r,2,r,6,bu,,,,,,,,,,,,,,,,,,31,y,.,.,.,.,o,.,.,.,y,.,.,.,.,.,.,,,,,,,,,,,,,,,,,,,,,,,,,,,,,,,,,,,,,,,,,,,,,,,,,,,,,,,,,,,,,,,,,,,,,,,,
21_09,21,09,f,17,12/11/21,05/18/23,m,n,9.98,10.00,78.9,79.1,36,.,36,.,w,1365203,1369281,2,r,2,r,2,r,6,bu,,,,,,,,,,,,,,,,,,,,,,,,,,,,,,,,,,,,,,,,,,,,,,,,,,,,,,,,,,,,,,,,,,,,,,,,,,,,,,,,,,,,,,,,,,,,,,,,,,,,,,,,,,
21_09,21,09,f,17,12/11/21,05/18/23,m,n,9.98,10.00,78.9,79.1,36,.,36,.,w,1369281,1369282,2,r,2,r,2,r,6,bu,,,,,,,,,,,,,,,,,,32,y,.,.,.,.,d,.,.,.,.,.,.,.,.,.,.,,,,,,,,,,,,,,,,,,,,,,,,,,,,,,,,,,,,,,,,,,,,,,,,,,,,,,,,,,,,,,,,,,,,,,,,
21_09,21,09,f,17,12/11/21,05/18/23,m,n,9.98,10.00,78.9,79.1,36,.,36,.,w,1369282,1371491,2,r,2,r,2,r,6,bu,,,,,,,,,,,,,,,,,,,,,,,,,,,,,,,,,,,,,,,,,,,,,,,,,,,,,,,,,,,,,,,,,,,,,,,,,,,,,,,,,,,,,,,,,,,,,,,,,,,,,,,,,,
21_09,21,09,f,17,12/11/21,05/18/23,m,n,9.98,10.00,78.9,79.1,36,.,36,.,w,1371491,1371492,2,r,2,r,2,r,6,bu,,,,,,,,,,,,,,,,,,33,y,.,.,.,.,d,.,.,.,.,.,.,.,.,.,.,,,,,,,,,,,,,,,,,,,,,,,,,,,,,,,,,,,,,,,,,,,,,,,,,,,,,,,,,,,,,,,,,,,,,,,,
21_09,21,09,f,17,12/11/21,05/18/23,m,n,9.98,10.00,78.9,79.1,36,.,36,.,w,1371492,1372682,2,r,2,r,2,r,6,bu,,,,,,,,,,,,,,,,,,,,,,,,,,,,,,,,,,,,,,,,,,,,,,,,,,,,,,,,,,,,,,,,,,,,,,,,,,,,,,,,,,,,,,,,,,,,,,,,,,,,,,,,,,
21_09,21,09,f,17,12/11/21,05/18/23,m,n,9.98,10.00,78.9,79.1,36,.,36,.,w,1372682,1372683,2,r,2,r,2,r,6,bu,,,,,,,,,,,,,,,,,,34,y,.,.,.,.,p,.,.,.,.,.,.,.,.,.,.,,,,,,,,,,,,,,,,,,,,,,,,,,,,,,,,,,,,,,,,,,,,,,,,,,,,,,,,,,,,,,,,,,,,,,,,
21_09,21,09,f,17,12/11/21,05/18/23,m,n,9.98,10.00,78.9,79.1,36,.,36,.,w,1372683,1381012,2,r,2,r,2,r,6,bu,,,,,,,,,,,,,,,,,,,,,,,,,,,,,,,,,,,,,,,,,,,,,,,,,,,,,,,,,,,,,,,,,,,,,,,,,,,,,,,,,,,,,,,,,,,,,,,,,,,,,,,,,,
21_09,21,09,f,17,12/11/21,05/18/23,m,n,9.98,10.00,78.9,79.1,36,.,36,.,w,1381012,1381013,2,r,2,r,2,r,6,bu,,,,,,,,,,,,,,,,,,35,y,.,.,.,.,d,.,.,.,.,.,.,.,.,.,.,,,,,,,,,,,,,,,,,,,,,,,,,,,,,,,,,,,,,,,,,,,,,,,,,,,,,,,,,,,,,,,,,,,,,,,,
21_09,21,09,f,17,12/11/21,05/18/23,m,n,9.98,10.00,78.9,79.1,36,.,36,.,w,1381013,1384753,2,r,2,r,2,r,6,bu,,,,,,,,,,,,,,,,,,,,,,,,,,,,,,,,,,,,,,,,,,,,,,,,,,,,,,,,,,,,,,,,,,,,,,,,,,,,,,,,,,,,,,,,,,,,,,,,,,,,,,,,,,
21_09,21,09,f,17,12/11/21,05/18/23,m,n,9.98,10.00,78.9,79.1,36,.,36,.,w,1384753,1391144,2,r,2,r,2,r,,,,,,,,,,,,,,,,,,,,,,,,,,,,,,,,,,,,,,,,,,,,,,,,,,,,,,,,,,,,,,,,,,,,,,,,,,,,,,,,,,,,,,,,,,,,,,,,,,,,,,,,,,,,
21_09,21,09,f,17,12/11/21,05/18/23,m,n,9.98,10.00,78.9,79.1,36,.,36,.,w,1391144,1401683,2,r,2,r,2,r,7,bu,,,,,,,,,,,,,,,,,,,,,,,,,,,,,,,,,,,,,,,,,,,,,,,,,,,,,,,,,,,,,,,,,,,,,,,,,,,,,,,,,,,,,,,,,,,,,,,,,,,,,,,,,,
21_09,21,09,f,17,12/11/21,05/18/23,m,n,9.98,10.00,78.9,79.1,36,.,36,.,w,1401683,1401684,2,r,2,r,2,r,7,bu,,,,,,,,,,,,,,,,,,36,y,.,.,.,.,p,.,.,.,.,.,.,.,.,.,.,,,,,,,,,,,,,,,,,,,,,,,,,,,,,,,,,,,,,,,,,,,,,,,,,,,,,,,,,,,,,,,,,,,,,,,,
21_09,21,09,f,17,12/11/21,05/18/23,m,n,9.98,10.00,78.9,79.1,36,.,36,.,w,1401684,1402024,2,r,2,r,2,r,7,bu,,,,,,,,,,,,,,,,,,,,,,,,,,,,,,,,,,,,,,,,,,,,,,,,,,,,,,,,,,,,,,,,,,,,,,,,,,,,,,,,,,,,,,,,,,,,,,,,,,,,,,,,,,
21_09,21,09,f,17,12/11/21,05/18/23,m,n,9.98,10.00,78.9,79.1,36,.,36,.,w,1402024,1418719,2,r,2,r,2,r,7,bu,37,y,.,.,.,.,s,y,.,.,.,.,.,.,.,.,.,,,,,,,,,,,,,,,,,,,,,,,,,,,,,,,,,,,,,,,,,,,,,,,,,,,,,,,,,,,,,,,,,,,,,,,,,,,,,,,,,,,,,,,,,
21_09,21,09,f,17,12/11/21,05/18/23,m,n,9.98,10.00,78.9,79.1,36,.,36,.,w,1418719,1424260,2,r,2,r,2,r,7,bu,,,,,,,,,,,,,,,,,,,,,,,,,,,,,,,,,,,,,,,,,,,,,,,,,,,,,,,,,,,,,,,,,,,,,,,,,,,,,,,,,,,,,,,,,,,,,,,,,,,,,,,,,,
21_09,21,09,f,17,12/11/21,05/18/23,m,n,9.98,10.00,78.9,79.1,36,.,36,.,w,1424260,1426403,2,r,2,r,2,r,7,bu,38,y,.,.,.,.,s,y,.,.,.,.,.,.,.,.,.,,,,,,,,,,,,,,,,,,,,,,,,,,,,,,,,,,,,,,,,,,,,,,,,,,,,,,,,,,,,,,,,,,,,,,,,,,,,,,,,,,,,,,,,,
21_09,21,09,f,17,12/11/21,05/18/23,m,n,9.98,10.00,78.9,79.1,36,.,36,.,w,1426403,1428442,2,r,2,r,2,r,7,bu,,,,,,,,,,,,,,,,,,,,,,,,,,,,,,,,,,,,,,,,,,,,,,,,,,,,,,,,,,,,,,,,,,,,,,,,,,,,,,,,,,,,,,,,,,,,,,,,,,,,,,,,,,
21_09,21,09,f,17,12/11/21,05/18/23,m,n,9.98,10.00,78.9,79.1,36,.,36,.,w,1428442,1428443,2,r,2,r,2,r,7,bu,,,,,,,,,,,,,,,,,,39,y,.,.,.,.,d,.,.,.,.,.,.,.,.,.,.,,,,,,,,,,,,,,,,,,,,,,,,,,,,,,,,,,,,,,,,,,,,,,,,,,,,,,,,,,,,,,,,,,,,,,,,
21_09,21,09,f,17,12/11/21,05/18/23,m,n,9.98,10.00,78.9,79.1,36,.,36,.,w,1428443,1433677,2,r,2,r,2,r,7,bu,,,,,,,,,,,,,,,,,,,,,,,,,,,,,,,,,,,,,,,,,,,,,,,,,,,,,,,,,,,,,,,,,,,,,,,,,,,,,,,,,,,,,,,,,,,,,,,,,,,,,,,,,,
21_09,21,09,f,17,12/11/21,05/18/23,m,n,9.98,10.00,78.9,79.1,36,.,36,.,w,1433677,1433678,2,r,2,r,2,r,7,bu,,,,,,,,,,,,,,,,,,40,y,.,.,.,.,p,.,.,.,.,.,.,.,.,.,.,,,,,,,,,,,,,,,,,,,,,,,,,,,,,,,,,,,,,,,,,,,,,,,,,,,,,,,,,,,,,,,,,,,,,,,,
21_09,21,09,f,17,12/11/21,05/18/23,m,n,9.98,10.00,78.9,79.1,36,.,36,.,w,1433678,1434800,2,r,2,r,2,r,7,bu,,,,,,,,,,,,,,,,,,,,,,,,,,,,,,,,,,,,,,,,,,,,,,,,,,,,,,,,,,,,,,,,,,,,,,,,,,,,,,,,,,,,,,,,,,,,,,,,,,,,,,,,,,
21_09,21,09,f,17,12/11/21,05/18/23,m,n,9.98,10.00,78.9,79.1,36,.,36,.,w,1434800,1435719,2,r,2,r,2,r,7,bu,41,y,.,.,.,.,s,y,.,.,.,.,.,.,.,.,.,,,,,,,,,,,,,,,,,,,,,,,,,,,,,,,,,,,,,,,,,,,,,,,,,,,,,,,,,,,,,,,,,,,,,,,,,,,,,,,,,,,,,,,,,
21_09,21,09,f,17,12/11/21,05/18/23,m,n,9.98,10.00,78.9,79.1,36,.,36,.,w,1435719,1437486,2,r,2,r,2,r,7,bu,,,,,,,,,,,,,,,,,,,,,,,,,,,,,,,,,,,,,,,,,,,,,,,,,,,,,,,,,,,,,,,,,,,,,,,,,,,,,,,,,,,,,,,,,,,,,,,,,,,,,,,,,,
21_09,21,09,f,17,12/11/21,05/18/23,m,n,9.98,10.00,78.9,79.1,36,.,36,.,w,1437486,1437487,2,r,2,r,2,r,7,bu,,,,,,,,,,,,,,,,,,42,y,.,.,.,.,d,.,.,.,.,.,.,.,.,.,.,,,,,,,,,,,,,,,,,,,,,,,,,,,,,,,,,,,,,,,,,,,,,,,,,,,,,,,,,,,,,,,,,,,,,,,,
21_09,21,09,f,17,12/11/21,05/18/23,m,n,9.98,10.00,78.9,79.1,36,.,36,.,w,1437487,1440682,2,r,2,r,2,r,7,bu,,,,,,,,,,,,,,,,,,,,,,,,,,,,,,,,,,,,,,,,,,,,,,,,,,,,,,,,,,,,,,,,,,,,,,,,,,,,,,,,,,,,,,,,,,,,,,,,,,,,,,,,,,
21_09,21,09,f,17,12/11/21,05/18/23,m,n,9.98,10.00,78.9,79.1,36,.,36,.,w,1440682,1440683,2,r,2,r,2,r,7,bu,,,,,,,,,,,,,,,,,,43,y,.,.,.,.,p,.,.,.,.,.,.,.,.,.,.,,,,,,,,,,,,,,,,,,,,,,,,,,,,,,,,,,,,,,,,,,,,,,,,,,,,,,,,,,,,,,,,,,,,,,,,
21_09,21,09,f,17,12/11/21,05/18/23,m,n,9.98,10.00,78.9,79.1,36,.,36,.,w,1440683,1453194,2,r,2,r,2,r,7,bu,,,,,,,,,,,,,,,,,,,,,,,,,,,,,,,,,,,,,,,,,,,,,,,,,,,,,,,,,,,,,,,,,,,,,,,,,,,,,,,,,,,,,,,,,,,,,,,,,,,,,,,,,,
21_09,21,09,f,17,12/11/21,05/18/23,m,n,9.98,10.00,78.9,79.1,36,.,36,.,w,1453194,1453195,2,r,2,r,2,r,7,bu,,,,,,,,,,,,,,,,,,44,y,.,.,.,.,d,.,.,.,.,.,.,.,.,.,.,,,,,,,,,,,,,,,,,,,,,,,,,,,,,,,,,,,,,,,,,,,,,,,,,,,,,,,,,,,,,,,,,,,,,,,,
21_09,21,09,f,17,12/11/21,05/18/23,m,n,9.98,10.00,78.9,79.1,36,.,36,.,w,1453195,1469106,2,r,2,r,2,r,,,,,,,,,,,,,,,,,,,,,,,,,,,,,,,,,,,,,,,,,,,,,,,,,,,,,,,,,,,,,,,,,,,,,,,,,,,,,,,,,,,,,,,,,,,,,,,,,,,,,,,,,,,,
21_09,21,09,f,17,12/11/21,05/18/23,m,n,9.98,10.00,78.9,79.1,36,.,36,.,w,1469106,1478457,2,r,2,r,2,r,8,bc,,,,,,,,,,,,,,,,,,,,,,,,,,,,,,,,,,,,,,,,,,,,,,,,,,,,,,,,,,,,,,,,,,,,,,,,,,,,,,,,,,,,,,,,,,,,,,,,,,,,,,,,,,
21_09,21,09,f,17,12/11/21,05/18/23,m,n,9.98,10.00,78.9,79.1,36,.,36,.,w,1478457,1480530,2,r,2,r,2,r,,,,,,,,,,,,,,,,,,,,,,,,,,,,,,,,,,,,,,,,,,,,,,,,,,,,,,,,,,,,,,,,,,,,,,,,,,,,,,,,,,,,,,,,,,,,,,,,,,,,,,,,,,,,
21_09,21,09,f,17,12/11/21,05/18/23,m,n,9.98,10.00,78.9,79.1,36,.,36,.,w,1480530,1567299,2,r,2,r,2,r,9,a,45,y,.,.,.,.,t,.,.,.,.,.,.,.,.,.,.,,,,,,,,,,,,,,,,,,,,,,,,,,,,,,,,,,,,,,,,,,,,,,,,,,,,,,,,,,,,,,,,,,,,,,,,,,,,,,,,,,,,,,,,,
21_09,21,09,f,17,12/11/21,05/18/23,m,n,9.98,10.00,78.9,79.1,36,.,36,.,w,1567299,1571412,2,r,2,r,2,r,,,,,,,,,,,,,,,,,,,,,,,,,,,,,,,,,,,,,,,,,,,,,,,,,,,,,,,,,,,,,,,,,,,,,,,,,,,,,,,,,,,,,,,,,,,,,,,,,,,,,,,,,,,,
21_09,21,09,f,17,12/11/21,05/18/23,m,n,9.98,10.00,78.9,79.1,36,.,36,.,w,1571412,1573214,2,r,2,r,2,r,10,a,,,,,,,,,,,,,,,,,,,,,,,,,,,,,,,,,,,,,,,,,,,,,,,,,,,,,,,,,,,,,,,,,,,,,,,,,,,,,,,,,,,,,,,,,,,,,,,,,,,,,,,,,,
21_09,21,09,f,17,12/11/21,05/18/23,m,n,9.98,10.00,78.9,79.1,36,.,36,.,w,1573214,1574099,2,r,2,r,2,r,10,a,,,,,,,,,,,,,,,,,,,,,,,,,,,,,,,,,,,3,bc,45,y,.,.,.,.,pu,.,.,.,.,.,.,.,.,.,.,,,,,,,,,,,,,,,,,,,,,,,,,,,,,,,,,,,,,,,,,,,,,,,,,,,,,
21_09,21,09,f,17,12/11/21,05/18/23,m,n,9.98,10.00,78.9,79.1,36,.,36,.,w,1574099,1574847,2,r,2,r,2,r,10,a,,,,,,,,,,,,,,,,,,,,,,,,,,,,,,,,,,,,,,,,,,,,,,,,,,,,,,,,,,,,,,,,,,,,,,,,,,,,,,,,,,,,,,,,,,,,,,,,,,,,,,,,,,
21_09,21,09,f,17,12/11/21,05/18/23,m,n,9.98,10.00,78.9,79.1,36,.,36,.,w,1574847,1589568,2,r,2,r,2,r,,,,,,,,,,,,,,,,,,,,,,,,,,,,,,,,,,,,,,,,,,,,,,,,,,,,,,,,,,,,,,,,,,,,,,,,,,,,,,,,,,,,,,,,,,,,,,,,,,,,,,,,,,,,
21_09,21,09,f,17,12/11/21,05/18/23,m,n,9.98,10.00,78.9,79.1,36,.,36,.,w,1589568,1772420,,,,,,,,,,,,,,,,,,,,,,,,,,,,,,,,,,,,,,,,,,,,,,,,,,,,,,,,,,,,,,,,,,,,,,,,,,,,,,,,,,,,,,,,,,,,,,,,,,,,,,,,,,,,,,,,,,
21_09,21,09,f,17,12/11/21,05/18/23,m,n,9.98,10.00,78.9,79.1,36,.,36,.,w,1772420,2155838,3,b,,,,,,,,,,,,,,,,,,,,,,,,,,,,,,,,,,,,,,,,,,,,,,,,,,,,,,,,,,,,,,,,,,,,,,,,,,,,,,,,,,,,,,,,,,,,,,,,,,,,,,,,,,,,,,,,
21_09,21,09,f,17,12/11/21,05/18/23,m,n,9.98,10.00,78.9,79.1,36,.,36,.,w,2155838,2176714,,,,,,,,,,,,,,,,,,,,,,,,,,,,,,,,,,,,,,,,,,,,,,,,,,,,,,,,,,,,,,,,,,,,,,,,,,,,,,,,,,,,,,,,,,,,,,,,,,,,,,,,,,,,,,,,,,
21_09,21,09,f,17,12/11/21,05/18/23,m,n,9.98,10.00,78.9,79.1,36,.,36,.,w,2176714,2495158,4,g,,,,,,,,,,,,,,,,,,,,,,,,,,,,,,,,,,,,,,,,,,,,,,,,,,,,,,,,,,,,,,,,,,,,,,,,,,,,,,,,,,,,,,,,,,,,,,,,,,,,,,,,,,,,,,,,
21_09,21,09,f,17,12/11/21,05/18/23,m,n,9.98,10.00,78.9,79.1,36,.,36,.,w,2495158,2802892,,,,,,,,,,,,,,,,,,,,,,,,,,,,,,,,,,,,,,,,,,,,,,,,,,,,,,,,,,,,,,,,,,,,,,,,,,,,,,,,,,,,,,,,,,,,,,,,,,,,,,,,,,,,,,,,,,
21_09,21,09,f,17,12/11/21,05/18/23,m,n,9.98,10.00,78.9,79.1,36,.,36,.,w,2802892,2919036,5,m,,,,,,,,,,,,,,,,,,,,,,,,,,,,,,,,,,,,,,,,,,,,,,,,,,,,,,,,,,,,,,,,,,,,,,,,,,,,,,,,,,,,,,,,,,,,,,,,,,,,,,,,,,,,,,,,
